transaction_id,timestamp,amount,transaction_type,sender_account_age_days,receiver_account_age_days,sender_tx_count_24h,receiver_unique_senders_24h,device_changed,location_changed,failed_login_attempts,is_fraud
TXN_000789,2024-10-26T14:43:00Z,5083.63,RTGS,934,196,0,9,False,False,1,0
TXN_001638,2024-05-18T13:24:00Z,21918.21,RTGS,1342,3109,3,9,False,False,0,0
TXN_000745,2024-11-30T17:02:00Z,12940.74,IMPS,1845,1749,7,5,False,False,0,0
TXN_001307,2024-11-27T20:25:00Z,31357.94,IMPS,2521,1894,2,8,False,False,1,0
TXN_001017,2024-04-29T06:36:00Z,2270.63,NEFT,333,949,3,1,False,False,1,0
TXN_000167,2024-02-09T18:03:00Z,330.39,UPI,1504,471,1,8,False,False,1,0
TXN_000559,2024-03-04T17:53:00Z,3222.73,UPI,285,2948,6,1,False,False,1,0
TXN_000130,2024-01-01T21:19:00Z,8856.62,UPI,1713,3544,3,5,False,False,1,0
TXN_000684,2024-05-04T09:50:00Z,1177.69,UPI,2067,2060,2,7,False,False,1,0
TXN_001396,2024-10-20T17:39:00Z,4033.48,UPI,1354,2589,0,9,False,False,0,0
TXN_000267,2024-06-11T06:48:00Z,3485.48,RTGS,716,449,2,8,False,False,0,0
TXN_000289,2024-06-04T21:45:00Z,5182.59,IMPS,218,1542,3,3,False,False,1,0
TXN_001783,2024-09-26T08:55:00Z,1244.48,IMPS,3349,1112,0,8,False,False,0,0
TXN_000053,2024-08-02T14:01:00Z,5594.04,NEFT,376,1674,5,8,False,False,0,0
TXN_000108,2024-02-14T14:59:00Z,4621.91,RTGS,90,2033,7,6,False,False,1,0
TXN_000539,2024-05-13T11:04:00Z,1974.67,NEFT,684,2451,1,5,False,False,0,0
TXN_001754,2024-10-21T12:30:00Z,26905.13,IMPS,3051,1652,0,3,False,True,0,0
TXN_001657,2024-11-03T16:37:00Z,2554.72,RTGS,992,451,2,3,False,False,1,0
TXN_001160,2024-12-28T15:02:00Z,14943.09,IMPS,1814,3066,5,3,False,False,1,0
TXN_001752,2024-08-24T22:27:00Z,1558.38,UPI,623,2486,1,1,False,False,1,0
TXN_000919,2024-06-23T07:38:00Z,41862.82,RTGS,3042,2956,6,9,False,False,0,0
TXN_000019,2024-01-09T11:09:00Z,1452.88,RTGS,1720,2863,0,1,False,False,0,0
TXN_001201,2024-10-28T06:55:00Z,823.27,UPI,1333,1248,4,9,False,False,0,0
TXN_001585,2024-09-12T22:57:00Z,5076.16,NEFT,3233,720,7,4,False,False,1,0
TXN_000361,2024-08-22T15:48:00Z,1381.79,RTGS,1118,933,6,2,False,False,0,0
TXN_001540,2024-12-25T18:19:00Z,4205.74,RTGS,3163,626,7,6,False,False,1,0
TXN_000853,2024-08-24T13:07:00Z,6564.08,UPI,1460,2775,4,4,False,False,1,0
TXN_001208,2024-10-16T11:28:00Z,28424.9,RTGS,455,3273,1,8,False,False,0,0
TXN_001634,2024-02-02T17:42:00Z,19531.31,RTGS,2307,622,5,4,False,True,1,0
TXN_001926,2024-01-15T19:42:00Z,4067.06,UPI,3259,3181,2,4,False,False,1,0
TXN_000350,2024-05-06T15:20:00Z,8632.01,NEFT,903,3626,0,6,False,False,0,0
TXN_000413,2024-03-12T09:03:00Z,6819.54,RTGS,1081,2350,0,7,False,False,0,0
TXN_001403,2024-12-03T17:11:00Z,902.9,UPI,365,143,1,7,False,False,1,0
TXN_000843,2024-12-15T07:16:00Z,215.11,NEFT,3089,2731,6,4,False,False,0,0
TXN_001530,2024-04-20T11:29:00Z,5297.76,RTGS,3142,2205,2,8,False,False,0,0
TXN_000437,2024-04-10T06:06:00Z,2545.25,UPI,3065,2342,0,6,False,True,0,0
TXN_000513,2024-05-13T21:50:00Z,20004.16,IMPS,982,826,3,8,False,False,0,0
TXN_000798,2024-12-23T21:34:00Z,4790.47,RTGS,2132,3419,6,1,False,False,1,0
TXN_001322,2024-08-02T09:47:00Z,1116.33,IMPS,1147,751,0,7,False,False,1,0
TXN_001676,2024-05-30T16:54:00Z,1555.64,UPI,3099,1984,5,9,False,False,0,0
TXN_000940,2024-05-19T07:22:00Z,16201.96,RTGS,2635,1920,7,4,False,False,0,0
TXN_000542,2024-05-27T12:38:00Z,12006.46,RTGS,662,380,0,8,False,False,0,0
TXN_001263,2024-11-18T08:25:00Z,648.56,NEFT,568,612,6,1,False,False,0,0
TXN_001420,2024-08-08T18:05:00Z,2196.9,NEFT,1835,1691,6,5,False,False,1,0
TXN_000329,2024-05-03T11:43:00Z,301.11,IMPS,159,2648,2,5,False,True,1,0
TXN_001536,2024-06-07T20:34:00Z,1285.77,RTGS,2576,2347,3,7,False,False,0,0
TXN_001333,2024-03-19T16:00:00Z,3876.9,UPI,670,616,6,8,False,False,0,0
TXN_000199,2024-10-27T19:43:00Z,3058.58,NEFT,3300,1579,3,6,False,False,0,0
TXN_000935,2024-07-09T09:16:00Z,4812.47,NEFT,2437,2245,7,9,True,False,0,0
TXN_000099,2024-02-10T10:24:00Z,4844.01,RTGS,432,1869,2,5,False,False,1,0
TXN_001047,2024-03-08T21:50:00Z,1998.45,NEFT,3136,151,7,1,False,True,0,0
TXN_001950,2024-10-11T20:17:00Z,2868.77,NEFT,2433,3044,31,5,False,False,0,1
TXN_000830,2024-06-09T09:21:00Z,946.7,NEFT,1553,3019,5,1,False,False,1,0
TXN_001624,2024-10-06T07:25:00Z,1507.29,IMPS,3597,2984,5,4,False,False,1,0
TXN_000674,2024-03-17T08:55:00Z,4050.21,RTGS,2287,180,2,4,False,False,0,0
TXN_001212,2024-09-05T12:59:00Z,61820.02,NEFT,1831,2896,3,1,False,False,0,0
TXN_000704,2024-07-02T11:36:00Z,1313.76,NEFT,1653,1991,6,4,False,False,1,0
TXN_001531,2024-02-14T08:57:00Z,1863.25,IMPS,1827,3599,4,4,False,False,0,0
TXN_001278,2024-07-26T09:56:00Z,4535.05,UPI,1941,2150,7,2,False,False,0,0
TXN_001342,2024-07-16T08:38:00Z,509.42,IMPS,2420,2750,0,8,False,False,1,0
TXN_001218,2024-01-18T13:54:00Z,40230.27,UPI,419,1079,1,2,False,False,0,0
TXN_000914,2024-09-11T14:02:00Z,3326.94,NEFT,2069,1931,5,4,False,False,1,0
TXN_000848,2024-04-11T20:03:00Z,21073.0,IMPS,2577,3082,2,6,False,False,0,0
TXN_000219,2024-02-05T22:24:00Z,892.37,IMPS,658,701,3,5,False,False,0,0
TXN_001089,2024-05-25T15:06:00Z,119153.92,RTGS,1828,2288,3,8,False,False,0,0
TXN_000515,2024-04-03T06:09:00Z,7708.89,NEFT,536,1371,6,2,False,False,1,0
TXN_000855,2024-10-12T13:15:00Z,5228.43,UPI,1056,444,1,4,False,False,1,0
TXN_001779,2024-03-21T16:42:00Z,6908.52,UPI,988,1591,4,3,False,False,0,0
TXN_001293,2024-12-26T20:01:00Z,434.9,IMPS,1144,2223,7,8,False,False,0,0
TXN_000049,2024-02-12T19:43:00Z,7646.69,UPI,2668,1545,7,7,False,False,1,0
TXN_000463,2024-11-27T13:10:00Z,13225.81,RTGS,1056,1630,2,7,False,False,1,0
TXN_001105,2024-02-13T20:27:00Z,16828.41,NEFT,2331,1372,0,9,False,False,0,0
TXN_000444,2024-03-09T12:21:00Z,3278.31,NEFT,3226,2950,2,9,False,False,1,0
TXN_000128,2024-06-13T14:31:00Z,8075.18,RTGS,1603,1338,1,4,False,False,0,0
TXN_000491,2024-12-13T12:36:00Z,5346.31,NEFT,2512,170,1,6,False,False,0,0
TXN_001745,2024-08-20T20:07:00Z,937.92,NEFT,1856,2397,3,8,False,False,0,0
TXN_001315,2024-11-30T06:09:00Z,4688.06,NEFT,52,68,5,9,False,False,1,0
TXN_000297,2024-01-25T16:35:00Z,3139.78,UPI,401,1257,4,6,False,False,1,0
TXN_000484,2024-04-21T16:03:00Z,16993.25,UPI,814,982,6,5,False,True,1,0
TXN_001478,2024-02-19T17:29:00Z,6591.94,RTGS,1344,177,3,9,False,False,1,0
TXN_001025,2024-07-20T22:55:00Z,12700.0,NEFT,2817,1874,1,2,False,False,0,0
TXN_000521,2024-05-21T10:33:00Z,3311.43,IMPS,1492,1907,7,5,False,False,0,0
TXN_000730,2024-01-12T12:53:00Z,2936.14,RTGS,3217,2997,1,6,False,False,0,0
TXN_001016,2024-09-15T07:00:00Z,297.65,RTGS,3466,2031,4,5,True,False,0,0
TXN_000595,2024-11-26T07:55:00Z,4168.57,IMPS,305,176,7,5,False,False,1,0
TXN_000941,2024-03-20T19:36:00Z,3123.34,IMPS,933,2913,3,5,False,False,0,0
TXN_001843,2024-06-11T08:50:00Z,2953.28,IMPS,2219,482,2,6,False,False,1,0
TXN_001856,2024-04-28T08:55:00Z,19323.58,NEFT,3201,1383,3,6,False,False,1,0
TXN_001169,2024-08-12T09:04:00Z,1500.02,NEFT,3151,2994,6,8,False,False,1,0
TXN_000104,2024-12-29T19:51:00Z,4982.77,UPI,3356,2046,3,9,False,False,1,0
TXN_001455,2024-08-28T07:15:00Z,856.83,RTGS,1960,1675,3,9,False,False,1,0
TXN_001209,2024-10-26T16:01:00Z,1885.28,NEFT,3378,2427,0,5,False,False,0,0
TXN_001316,2024-12-16T17:47:00Z,15426.56,IMPS,3363,368,1,4,False,False,0,0
TXN_001876,2024-07-02T13:29:00Z,394.47,UPI,1489,363,0,5,True,False,1,0
TXN_000549,2024-05-20T12:25:00Z,2824.34,RTGS,178,1907,6,5,False,False,1,0
TXN_001811,2024-10-13T22:15:00Z,2023.77,RTGS,1105,2254,7,7,False,False,1,0
TXN_001829,2024-06-04T12:46:00Z,8021.08,UPI,2307,1681,1,5,False,False,0,0
TXN_000754,2024-01-17T08:12:00Z,10220.56,RTGS,960,2197,7,4,False,False,1,0
TXN_001320,2024-09-12T17:02:00Z,15493.28,IMPS,1870,2745,0,8,False,False,1,0
TXN_001608,2024-08-15T12:23:00Z,1503.71,UPI,3163,1701,4,7,False,False,0,0
TXN_000092,2024-07-02T18:32:00Z,3259.05,IMPS,3277,1428,1,6,False,False,0,0
TXN_001196,2024-02-28T12:52:00Z,8317.24,RTGS,541,2880,2,1,False,False,0,0
TXN_000967,2024-08-17T11:21:00Z,650.78,RTGS,995,3143,4,9,True,False,1,0
TXN_001295,2024-01-09T16:26:00Z,164.78,UPI,1028,2417,2,5,False,False,1,0
TXN_001565,2024-03-22T16:44:00Z,5382.04,IMPS,1633,1266,7,6,False,True,1,0
TXN_001454,2024-02-07T18:30:00Z,3142.56,RTGS,478,3573,6,6,False,False,1,0
TXN_001289,2024-03-08T06:25:00Z,10768.58,NEFT,3299,2019,2,4,False,False,0,0
TXN_000192,2024-11-13T21:58:00Z,20313.42,NEFT,207,1316,1,9,False,False,0,0
TXN_000859,2024-04-09T13:15:00Z,1243.55,NEFT,2697,1738,0,7,False,False,1,0
TXN_001138,2024-07-27T19:42:00Z,6542.18,RTGS,557,1297,5,8,False,False,1,0
TXN_000676,2024-11-29T11:43:00Z,1660.86,IMPS,2134,1602,3,4,False,False,0,0
TXN_000744,2024-12-09T14:36:00Z,10394.5,NEFT,2893,1031,4,6,False,False,0,0
TXN_000035,2024-10-25T20:57:00Z,1204.86,UPI,1751,2181,2,2,False,False,1,0
TXN_001623,2024-05-01T14:23:00Z,3515.44,UPI,1676,230,0,7,False,False,0,0
TXN_000204,2024-05-22T08:16:00Z,2345.96,IMPS,490,2589,4,8,False,False,1,0
TXN_001130,2024-01-02T12:53:00Z,32175.04,NEFT,1936,75,1,2,False,True,1,0
TXN_001257,2024-07-11T17:15:00Z,346.35,UPI,767,3440,2,3,False,False,0,0
TXN_000009,2024-08-31T13:39:00Z,652.33,IMPS,316,2799,4,6,False,False,1,0
TXN_000334,2024-08-28T21:56:00Z,3002.98,RTGS,2355,3217,3,7,False,True,0,0
TXN_000466,2024-11-24T20:24:00Z,21462.73,IMPS,32,2242,5,9,False,False,1,0
TXN_000062,2024-03-31T08:56:00Z,3257.31,IMPS,2122,1975,5,3,False,False,1,0
TXN_001202,2024-02-03T13:17:00Z,6279.22,IMPS,2059,3199,2,3,False,False,0,0
TXN_000660,2024-09-02T12:42:00Z,7976.9,NEFT,605,262,3,6,False,True,0,0
TXN_000352,2024-12-28T18:34:00Z,8537.83,IMPS,1083,3029,7,4,False,False,1,0
TXN_001110,2024-12-02T17:21:00Z,1048.86,UPI,1878,1134,5,7,True,True,0,0
TXN_000635,2024-08-23T06:15:00Z,4444.46,IMPS,90,1646,7,1,False,False,0,0
TXN_000742,2024-11-05T20:19:00Z,4612.15,UPI,3585,2190,5,3,False,False,1,0
TXN_000983,2024-02-16T19:28:00Z,1269.21,UPI,3328,974,1,1,False,False,1,0
TXN_000644,2024-10-27T08:09:00Z,4623.86,IMPS,1568,2371,2,7,False,False,0,0
TXN_001604,2024-07-24T13:10:00Z,619.15,UPI,341,3477,5,9,False,False,1,0
TXN_001593,2024-03-12T06:25:00Z,9219.48,UPI,1085,422,4,2,False,False,1,0
TXN_001188,2024-11-14T11:36:00Z,7822.28,UPI,541,1953,7,6,False,False,1,0
TXN_001545,2024-03-28T16:53:00Z,17970.78,RTGS,2401,1823,7,7,False,False,0,0
TXN_000457,2024-12-25T21:26:00Z,22288.36,UPI,576,2064,7,3,False,True,1,0
TXN_000594,2024-03-17T11:58:00Z,7502.23,RTGS,577,2179,1,4,False,False,1,0
TXN_000478,2024-06-11T10:48:00Z,1416.65,UPI,2947,1730,0,3,False,False,0,0
TXN_001448,2024-02-21T20:22:00Z,2017.54,NEFT,1085,111,1,7,False,False,1,0
TXN_000273,2024-06-11T12:57:00Z,6649.02,NEFT,2903,1247,0,9,True,False,0,0
TXN_001872,2024-09-09T07:20:00Z,4816.16,RTGS,2589,1492,2,7,False,False,0,0
TXN_000995,2024-04-10T13:21:00Z,3662.56,IMPS,1943,1850,2,9,False,False,0,0
TXN_001837,2024-11-01T14:52:00Z,3278.33,IMPS,884,3637,0,9,False,False,0,0
TXN_000347,2024-01-12T14:06:00Z,55534.94,UPI,2939,871,6,6,False,False,1,0
TXN_000738,2024-01-15T16:33:00Z,14953.07,UPI,3547,2597,4,7,False,False,1,0
TXN_001052,2024-05-09T22:11:00Z,23565.58,RTGS,3030,96,4,2,False,False,0,0
TXN_001432,2024-07-31T13:48:00Z,24818.46,UPI,150,1646,2,2,False,False,0,0
TXN_000166,2024-07-10T06:21:00Z,7023.47,RTGS,2239,1545,1,8,False,True,1,0
TXN_000150,2024-02-26T08:25:00Z,2403.53,UPI,1842,1098,5,8,False,False,1,0
TXN_001485,2024-11-18T06:08:00Z,3139.02,NEFT,2438,290,2,7,False,False,1,0
TXN_001610,2024-03-13T13:25:00Z,352.14,IMPS,634,3502,5,9,False,False,0,0
TXN_000670,2024-04-22T14:36:00Z,20664.66,IMPS,3272,2807,1,6,False,False,1,0
TXN_000876,2024-08-10T16:44:00Z,4142.36,IMPS,1764,2719,2,6,False,False,0,0
TXN_001514,2024-10-12T11:15:00Z,7869.39,NEFT,2586,2484,1,5,False,False,0,0
TXN_001619,2024-05-01T19:32:00Z,18479.62,IMPS,417,2960,5,9,False,False,1,0
TXN_000758,2024-03-01T20:44:00Z,8056.44,UPI,478,2145,7,7,False,False,1,0
TXN_001813,2024-04-05T09:18:00Z,6021.44,RTGS,331,503,2,7,False,False,0,0
TXN_001947,2024-04-25T03:27:00Z,121667.85,UPI,969,229,7,8,False,False,0,1
TXN_000672,2024-08-21T08:58:00Z,17464.61,RTGS,1556,1799,4,7,False,False,0,0
TXN_000812,2024-05-19T16:08:00Z,1645.79,NEFT,745,2011,6,3,False,False,1,0
TXN_000809,2024-08-16T17:39:00Z,1219.78,IMPS,418,3129,0,2,True,False,1,0
TXN_000025,2024-11-21T20:13:00Z,6925.68,RTGS,1729,1173,0,7,False,False,1,0
TXN_001285,2024-10-04T12:35:00Z,880.37,IMPS,1943,305,6,7,False,False,0,0
TXN_001288,2024-08-07T10:08:00Z,5724.37,IMPS,3131,2656,6,5,False,False,0,0
TXN_001302,2024-09-03T09:54:00Z,399.69,RTGS,467,1078,0,8,False,False,0,0
TXN_000149,2024-02-20T21:35:00Z,5293.84,RTGS,1753,3233,1,6,False,False,1,0
TXN_000146,2024-06-17T10:35:00Z,4087.05,IMPS,822,2409,6,3,False,True,1,0
TXN_001543,2024-03-10T16:47:00Z,3826.41,UPI,274,1453,6,1,True,True,0,0
TXN_001222,2024-02-16T18:59:00Z,1284.72,RTGS,2231,1421,6,5,False,False,1,0
TXN_001785,2024-06-25T08:12:00Z,26288.96,UPI,1761,3508,6,4,False,False,1,0
TXN_000408,2024-04-26T21:22:00Z,2744.97,RTGS,1513,2387,1,2,False,True,1,0
TXN_000547,2024-11-30T16:29:00Z,30045.36,NEFT,2266,3026,7,7,False,False,0,0
TXN_000546,2024-08-03T11:39:00Z,1797.9,IMPS,1137,1165,7,7,False,False,0,0
TXN_000862,2024-11-26T06:47:00Z,9512.06,IMPS,923,1560,2,7,False,False,1,0
TXN_001524,2024-09-05T14:25:00Z,5522.2,NEFT,1078,2498,6,1,False,False,1,0
TXN_001078,2024-06-14T09:44:00Z,234.23,UPI,2561,1836,0,7,False,False,0,0
TXN_001134,2024-06-28T22:24:00Z,4137.1,UPI,3049,164,6,3,False,False,1,0
TXN_000082,2024-02-26T22:17:00Z,43719.9,RTGS,2744,2335,2,1,True,False,0,0
TXN_001802,2024-11-11T21:07:00Z,6995.99,UPI,3624,2213,6,3,True,True,1,0
TXN_000455,2024-10-14T07:42:00Z,37237.2,UPI,1055,3145,3,4,False,False,0,0
TXN_001356,2024-12-29T17:37:00Z,3681.78,RTGS,2388,3275,6,3,False,False,0,0
TXN_000787,2024-02-08T15:33:00Z,5653.96,NEFT,2296,986,4,6,False,False,1,0
TXN_001491,2024-04-24T18:21:00Z,2277.16,UPI,3426,361,2,8,False,False,1,0
TXN_001563,2024-09-01T13:45:00Z,943.67,NEFT,1121,1284,2,3,False,False,1,0
TXN_000027,2024-03-06T18:22:00Z,1301.85,NEFT,1045,1153,7,7,False,False,0,0
TXN_001394,2024-11-04T19:38:00Z,3855.19,RTGS,2329,513,1,3,False,False,0,0
TXN_001275,2024-03-22T22:30:00Z,2168.61,RTGS,1259,3121,0,3,False,False,1,0
TXN_000814,2024-07-22T22:24:00Z,6072.65,IMPS,1429,2444,1,5,True,True,1,0
TXN_001048,2024-12-14T15:07:00Z,6587.13,UPI,2843,168,7,5,False,True,1,0
TXN_001805,2024-12-25T06:59:00Z,9277.42,RTGS,662,1373,2,3,False,False,1,0
TXN_000355,2024-06-28T09:33:00Z,3882.37,RTGS,2228,283,5,6,False,False,1,0
TXN_001190,2024-06-30T19:41:00Z,12689.32,RTGS,2648,1428,3,4,False,False,0,0
TXN_001964,2024-06-03T21:46:00Z,14558.82,NEFT,363,871,23,9,False,False,0,1
TXN_001112,2024-05-31T07:53:00Z,9032.0,RTGS,651,2571,7,5,False,False,0,0
TXN_001441,2024-01-29T07:56:00Z,11077.92,IMPS,3179,471,7,7,False,False,0,0
TXN_000760,2024-08-14T06:36:00Z,4451.03,RTGS,2022,1189,7,9,False,False,1,0
TXN_001808,2024-12-20T16:37:00Z,12631.22,RTGS,1560,759,1,1,False,True,0,0
TXN_001206,2024-05-14T09:36:00Z,1239.66,IMPS,2188,2614,5,2,False,False,0,0
TXN_001515,2024-09-13T18:49:00Z,1010.19,IMPS,1926,2490,7,8,False,False,0,0
TXN_000702,2024-05-30T20:22:00Z,5197.6,RTGS,2119,3393,5,7,False,False,0,0
TXN_001174,2024-12-28T18:52:00Z,5020.92,UPI,2641,1919,7,5,False,True,0,0
TXN_001895,2024-05-31T17:43:00Z,1585.43,RTGS,1040,2243,3,2,False,False,1,0
TXN_000171,2024-05-29T17:26:00Z,5332.55,IMPS,1402,3384,6,9,False,False,0,0
TXN_000013,2024-02-25T21:29:00Z,10921.21,NEFT,631,1409,1,3,False,False,1,0
TXN_001063,2024-12-11T17:50:00Z,1672.16,NEFT,996,370,2,8,False,False,0,0
TXN_001085,2024-08-15T09:18:00Z,57666.03,RTGS,2318,807,6,3,False,False,1,0
TXN_001549,2024-10-31T12:34:00Z,8435.74,IMPS,3465,2067,1,6,False,False,1,0
TXN_001027,2024-10-30T09:45:00Z,2244.34,RTGS,1570,739,4,8,False,False,1,0
TXN_000551,2024-09-15T18:10:00Z,4030.63,RTGS,31,1944,6,1,False,False,0,0
TXN_000243,2024-06-28T21:57:00Z,1279.57,NEFT,3645,2699,0,1,False,False,1,0
TXN_000358,2024-09-27T10:40:00Z,4670.77,IMPS,1880,630,7,4,False,False,0,0
TXN_001935,2024-02-23T13:39:00Z,6113.98,IMPS,2550,3396,5,9,False,False,0,0
TXN_001359,2024-10-20T13:15:00Z,11717.09,NEFT,3027,2590,5,7,False,False,1,0
TXN_000669,2024-06-07T19:25:00Z,1549.22,IMPS,1899,122,0,1,False,True,1,0
TXN_001044,2024-01-02T07:16:00Z,5117.04,RTGS,1066,1672,1,1,False,False,1,0
TXN_000687,2024-12-08T14:30:00Z,1827.75,UPI,2246,2378,2,7,False,False,0,0
TXN_001192,2024-05-30T16:14:00Z,4900.98,IMPS,2586,1774,4,6,False,False,0,0
TXN_001561,2024-09-17T09:04:00Z,2820.82,NEFT,3018,3625,3,3,False,False,1,0
TXN_000533,2024-03-28T13:18:00Z,1007.77,NEFT,268,1822,6,2,False,False,0,0
TXN_000943,2024-09-29T08:12:00Z,2412.73,IMPS,3573,1217,3,5,False,False,0,0
TXN_001510,2024-09-25T13:09:00Z,6479.78,IMPS,3370,1221,1,8,False,False,0,0
TXN_000330,2024-05-17T08:11:00Z,61590.42,RTGS,3447,1411,4,9,False,False,0,0
TXN_001924,2024-07-29T19:27:00Z,9940.94,RTGS,202,2510,3,8,False,False,1,0
TXN_000557,2024-06-25T11:29:00Z,12155.93,RTGS,2390,406,7,2,False,False,0,0
TXN_000629,2024-05-02T19:42:00Z,5525.41,RTGS,245,2220,6,4,False,False,0,0
TXN_000102,2024-01-08T08:55:00Z,5941.65,RTGS,711,2985,0,2,False,False,0,0
TXN_000263,2024-12-19T21:07:00Z,13897.58,NEFT,3541,662,3,2,False,False,1,0
TXN_001378,2024-10-11T09:40:00Z,687.78,RTGS,822,3271,6,4,False,False,0,0
TXN_001308,2024-01-10T18:50:00Z,4009.28,NEFT,646,1535,3,1,False,False,1,0
TXN_001848,2024-08-23T15:20:00Z,879.43,NEFT,2374,1997,4,9,False,False,0,0
TXN_000949,2024-08-30T13:56:00Z,3276.71,UPI,122,1150,3,7,False,False,0,0
TXN_001985,2024-11-21T08:25:00Z,2801.55,UPI,977,2416,28,9,False,False,1,1
TXN_001706,2024-04-14T06:09:00Z,8989.44,NEFT,491,1629,7,6,False,False,0,0
TXN_000769,2024-09-15T17:40:00Z,526.54,NEFT,3184,347,3,9,False,False,0,0
TXN_001672,2024-02-26T13:58:00Z,3188.68,UPI,1727,3600,1,3,False,False,0,0
TXN_000065,2024-01-14T21:17:00Z,50245.56,IMPS,565,846,0,6,False,False,1,0
TXN_001312,2024-09-15T21:03:00Z,9265.49,NEFT,32,1152,6,3,False,True,0,0
TXN_001796,2024-06-07T19:22:00Z,20041.58,IMPS,2747,1215,4,6,False,False,0,0
TXN_000131,2024-10-25T08:49:00Z,621.32,NEFT,3067,583,6,9,False,True,1,0
TXN_000633,2024-07-17T09:28:00Z,30437.47,IMPS,1496,266,7,9,False,False,0,0
TXN_001311,2024-08-28T22:14:00Z,6019.28,NEFT,635,1841,0,2,False,True,0,0
TXN_000239,2024-04-22T09:45:00Z,1940.28,UPI,2384,3323,0,3,False,False,0,0
TXN_001243,2024-11-01T15:21:00Z,5491.69,UPI,83,2118,0,4,False,False,1,0
TXN_000113,2024-05-24T17:09:00Z,6821.57,NEFT,1331,3510,2,2,False,False,1,0
TXN_000317,2024-08-07T09:34:00Z,16311.23,UPI,3530,3098,0,3,False,True,0,0
TXN_001928,2024-08-27T17:46:00Z,13454.61,NEFT,2302,3112,7,4,False,False,1,0
TXN_000884,2024-08-04T19:12:00Z,1724.91,NEFT,2304,368,0,1,True,False,0,0
TXN_000236,2024-07-11T08:49:00Z,2604.18,UPI,2833,164,5,4,False,False,1,0
TXN_001096,2024-07-28T14:40:00Z,411.06,RTGS,244,147,7,2,False,False,1,0
TXN_000304,2024-06-27T17:25:00Z,1348.74,RTGS,1257,2580,5,3,False,False,0,0
TXN_000768,2024-10-30T11:44:00Z,15147.62,UPI,3200,3077,1,9,False,True,1,0
TXN_000155,2024-08-26T11:44:00Z,4367.15,RTGS,125,561,0,8,False,False,0,0
TXN_001131,2024-01-07T21:51:00Z,2899.61,RTGS,3219,2197,3,7,False,False,1,0
TXN_001633,2024-04-10T15:36:00Z,1108.87,NEFT,1084,2011,1,7,False,False,0,0
TXN_000988,2024-06-27T18:11:00Z,1017.47,NEFT,614,1150,4,9,False,False,1,0
TXN_000164,2024-06-22T21:03:00Z,50038.71,IMPS,2150,1709,1,3,False,True,1,0
TXN_001795,2024-07-25T17:55:00Z,4861.24,UPI,664,2432,1,2,False,False,0,0
TXN_001309,2024-03-18T19:54:00Z,6467.68,UPI,1907,790,4,5,False,False,0,0
TXN_001210,2024-10-27T09:35:00Z,42339.5,UPI,1433,753,4,3,False,False,1,0
TXN_000140,2024-10-01T20:14:00Z,1443.38,UPI,498,3183,2,7,False,False,0,0
TXN_000169,2024-03-03T21:48:00Z,1186.84,RTGS,1951,1817,2,9,False,False,1,0
TXN_000023,2024-05-15T15:18:00Z,13442.64,RTGS,3516,1178,1,9,False,False,1,0
TXN_000643,2024-04-19T07:02:00Z,35021.25,NEFT,667,1232,5,8,False,True,1,0
TXN_000866,2024-11-24T06:56:00Z,1871.7,NEFT,2161,3247,4,7,False,False,1,0
TXN_000066,2024-08-02T17:39:00Z,10332.04,UPI,2880,1270,4,2,False,False,0,0
TXN_001526,2024-10-03T06:09:00Z,67645.16,NEFT,2919,2835,6,5,False,False,1,0
TXN_001291,2024-10-02T13:35:00Z,9284.22,RTGS,1592,2247,4,8,False,False,0,0
TXN_000184,2024-05-11T16:25:00Z,8212.03,IMPS,159,770,4,4,False,True,1,0
TXN_001401,2024-05-07T22:10:00Z,3590.88,NEFT,285,1907,3,9,False,False,1,0
TXN_000506,2024-02-17T10:00:00Z,1923.4,UPI,1160,1863,1,3,False,False,0,0
TXN_000398,2024-03-16T08:36:00Z,2268.0,RTGS,3005,537,2,9,False,False,1,0
TXN_000966,2024-10-02T06:53:00Z,14057.19,RTGS,2008,788,0,7,False,False,1,0
TXN_001116,2024-07-25T15:25:00Z,10860.92,UPI,2452,443,3,4,False,True,0,0
TXN_001207,2024-08-30T17:07:00Z,57347.69,NEFT,2080,488,2,8,False,True,1,0
TXN_001058,2024-12-19T21:39:00Z,481.34,IMPS,3239,153,0,6,False,False,1,0
TXN_000838,2024-08-22T22:07:00Z,15428.38,IMPS,2942,3413,5,7,False,False,0,0
TXN_001658,2024-09-14T09:12:00Z,3491.73,NEFT,2190,1379,5,4,False,False,1,0
TXN_000370,2024-07-21T17:30:00Z,5641.59,NEFT,519,1752,0,8,False,False,0,0
TXN_001881,2024-10-20T06:33:00Z,18770.7,IMPS,1101,3322,7,1,False,False,1,0
TXN_000829,2024-06-26T20:09:00Z,57651.72,IMPS,1729,1600,3,9,False,False,1,0
TXN_000507,2024-08-17T19:37:00Z,15095.18,RTGS,3421,2085,6,2,False,True,1,0
TXN_000482,2024-07-03T22:37:00Z,3288.15,NEFT,1662,564,6,4,False,False,1,0
TXN_000820,2024-04-20T06:55:00Z,1517.39,UPI,2063,3363,2,2,False,False,1,0
TXN_000340,2024-02-09T14:38:00Z,353.88,IMPS,1062,2016,5,9,False,False,0,0
TXN_000328,2024-04-30T17:05:00Z,32559.13,UPI,832,84,5,9,False,False,1,0
TXN_001129,2024-11-01T17:30:00Z,11723.73,RTGS,1093,2923,0,7,False,False,1,0
TXN_000946,2024-06-09T11:08:00Z,6172.16,NEFT,2145,2576,5,1,False,False,1,0
TXN_001753,2024-02-04T18:36:00Z,5230.11,UPI,2907,1051,1,9,False,False,1,0
TXN_000694,2024-04-26T21:24:00Z,984.12,UPI,1387,2233,0,4,False,False,0,0
TXN_001092,2024-11-03T11:38:00Z,1127.99,NEFT,1581,521,7,7,False,False,1,0
TXN_000647,2024-11-19T08:17:00Z,6653.77,IMPS,3141,2427,7,2,False,False,0,0
TXN_000216,2024-11-18T22:02:00Z,20487.01,RTGS,1908,2668,6,7,False,False,0,0
TXN_000341,2024-01-12T20:48:00Z,14813.71,NEFT,447,2733,1,5,False,False,0,0
TXN_001922,2024-10-09T17:36:00Z,2439.55,IMPS,943,197,6,9,False,False,1,0
TXN_000568,2024-06-30T13:48:00Z,10182.89,UPI,2770,1865,7,5,False,False,0,0
TXN_000051,2024-06-08T15:44:00Z,29078.28,IMPS,667,2031,7,9,False,False,0,0
TXN_001229,2024-09-06T09:06:00Z,2064.04,RTGS,53,1099,7,5,True,False,1,0
TXN_000080,2024-10-20T22:37:00Z,21972.35,RTGS,2786,2386,7,5,False,False,1,0
TXN_001397,2024-10-02T14:20:00Z,8219.82,NEFT,1318,92,4,8,False,False,0,0
TXN_000734,2024-05-10T11:06:00Z,1094.2,NEFT,667,1777,1,4,False,False,0,0
TXN_001182,2024-10-12T14:09:00Z,3321.59,IMPS,2196,3028,6,5,False,False,0,0
TXN_000368,2024-08-11T21:06:00Z,1294.07,UPI,292,2170,7,5,False,False,0,0
TXN_001522,2024-06-29T10:01:00Z,3537.45,RTGS,956,1582,5,5,False,False,1,0
TXN_000456,2024-05-08T08:31:00Z,1635.23,RTGS,3210,2534,7,4,False,False,1,0
TXN_001816,2024-12-08T08:36:00Z,10491.46,RTGS,3403,738,3,9,False,False,1,0
TXN_001423,2024-10-05T06:46:00Z,3680.43,IMPS,1260,2454,5,2,False,False,1,0
TXN_000667,2024-07-13T16:04:00Z,1309.55,UPI,2763,743,0,3,False,False,0,0
TXN_000098,2024-10-10T12:03:00Z,1523.63,IMPS,779,3567,2,5,False,True,0,0
TXN_000250,2024-12-01T22:54:00Z,12048.87,RTGS,1004,166,2,6,False,False,1,0
TXN_001541,2024-03-17T19:47:00Z,41081.27,IMPS,1186,3291,6,7,False,False,1,0
TXN_000612,2024-11-30T09:19:00Z,7245.66,IMPS,2285,1256,7,6,False,False,1,0
TXN_000721,2024-01-12T11:07:00Z,7381.46,RTGS,190,1309,7,4,False,False,0,0
TXN_001740,2024-07-20T20:21:00Z,899.97,RTGS,1812,1284,6,5,False,True,0,0
TXN_000766,2024-03-12T18:05:00Z,102949.24,UPI,547,2741,3,4,False,True,0,0
TXN_001559,2024-01-18T13:45:00Z,26800.31,UPI,3645,2536,3,7,False,False,1,0
TXN_001266,2024-07-11T08:55:00Z,4287.06,IMPS,1335,1174,2,9,False,False,0,0
TXN_001962,2024-12-04T19:28:00Z,43148.17,IMPS,2155,73,38,1,False,False,0,1
TXN_000621,2024-05-29T07:38:00Z,1087.48,RTGS,1448,3197,5,3,False,False,1,0
TXN_000059,2024-08-17T15:05:00Z,2408.4,RTGS,2974,2689,0,2,False,False,1,0
TXN_001758,2024-01-20T15:21:00Z,4003.14,RTGS,2013,184,1,1,False,False,1,0
TXN_000894,2024-05-28T18:50:00Z,4947.56,IMPS,1657,3071,3,1,False,False,0,0
TXN_000728,2024-09-02T14:05:00Z,4462.76,NEFT,257,2217,7,8,False,False,0,0
TXN_001230,2024-03-09T12:35:00Z,20184.99,RTGS,1349,1469,4,2,False,False,1,0
TXN_001018,2024-09-09T17:49:00Z,725.87,IMPS,1942,3565,0,5,False,False,0,0
TXN_000624,2024-06-02T13:51:00Z,7593.98,UPI,1737,2671,1,4,False,False,1,0
TXN_000802,2024-02-16T20:50:00Z,31706.52,RTGS,579,2659,0,6,False,False,1,0
TXN_001010,2024-01-15T13:22:00Z,3541.42,RTGS,3002,107,6,2,False,False,1,0
TXN_000501,2024-02-02T12:18:00Z,10229.28,UPI,1570,2889,6,5,False,False,0,0
TXN_000018,2024-09-04T08:06:00Z,1180.25,RTGS,647,1115,7,9,False,False,1,0
TXN_001904,2024-02-15T16:18:00Z,2990.73,RTGS,3527,3527,1,5,False,True,0,0
TXN_001082,2024-01-07T21:48:00Z,12359.5,RTGS,965,269,3,3,True,False,1,0
TXN_000665,2024-03-02T21:57:00Z,9838.69,IMPS,2077,2257,2,2,False,False,1,0
TXN_000977,2024-11-16T16:14:00Z,10891.47,UPI,2662,1973,0,4,False,False,0,0
TXN_000518,2024-11-03T08:39:00Z,3771.44,NEFT,1923,3070,7,9,False,False,1,0
TXN_000301,2024-10-16T21:21:00Z,2918.89,UPI,3615,2557,4,9,False,True,0,0
TXN_001246,2024-01-13T18:15:00Z,1340.53,IMPS,2986,3412,6,1,False,True,1,0
TXN_001580,2024-10-04T22:18:00Z,3442.81,RTGS,3569,2958,0,2,True,False,1,0
TXN_000331,2024-10-24T06:51:00Z,3673.34,IMPS,2931,2935,4,1,False,False,0,0
TXN_001143,2024-07-10T06:34:00Z,32174.34,UPI,1321,1682,1,1,False,False,1,0
TXN_000951,2024-05-03T08:20:00Z,27176.15,RTGS,1140,2205,1,6,False,False,1,0
TXN_000854,2024-02-05T08:26:00Z,1221.28,UPI,3208,2253,5,2,False,False,0,0
TXN_000046,2024-09-21T21:08:00Z,1204.22,UPI,2929,1502,4,5,False,False,1,0
TXN_001917,2024-12-09T10:59:00Z,393.08,UPI,2592,423,3,2,False,False,1,0
TXN_001756,2024-01-23T21:43:00Z,587.05,NEFT,1816,2412,3,2,False,False,1,0
TXN_001118,2024-07-08T16:50:00Z,1838.46,RTGS,3017,1108,1,3,False,False,1,0
TXN_001776,2024-08-09T07:10:00Z,4299.28,UPI,1116,1506,7,5,False,False,0,0
TXN_001451,2024-09-16T10:24:00Z,8984.24,NEFT,3478,2391,7,9,False,False,1,0
TXN_001457,2024-12-20T20:05:00Z,1554.58,RTGS,679,1810,2,9,False,False,1,0
TXN_001276,2024-10-01T08:43:00Z,7916.89,UPI,3335,1098,5,9,False,False,0,0
TXN_001803,2024-10-16T10:29:00Z,2605.79,IMPS,3485,2705,2,4,False,False,1,0
TXN_001244,2024-01-24T06:46:00Z,4341.46,NEFT,1286,2498,5,3,False,False,1,0
TXN_000473,2024-05-05T10:08:00Z,18299.46,NEFT,173,2922,7,5,False,False,0,0
TXN_001874,2024-01-16T19:15:00Z,11085.23,NEFT,1945,3530,0,5,False,False,0,0
TXN_001573,2024-02-02T16:02:00Z,2363.38,UPI,3214,2130,0,4,False,False,1,0
TXN_001627,2024-12-19T22:06:00Z,2820.53,RTGS,2036,836,0,5,False,False,0,0
TXN_000961,2024-07-10T08:47:00Z,9756.99,UPI,2584,410,5,1,False,False,1,0
TXN_001923,2024-04-19T16:51:00Z,9763.09,RTGS,3367,101,4,2,True,False,0,0
TXN_000844,2024-08-01T08:42:00Z,861.14,RTGS,3308,366,7,4,False,False,0,0
TXN_000762,2024-12-29T21:48:00Z,5318.39,RTGS,2384,3636,2,4,False,False,1,0
TXN_000899,2024-06-08T14:50:00Z,2261.04,UPI,1088,3234,2,4,False,True,0,0
TXN_001059,2024-04-03T13:25:00Z,868.38,UPI,2589,543,2,3,False,False,0,0
TXN_001167,2024-12-19T10:33:00Z,5103.53,NEFT,324,2476,0,2,False,False,0,0
TXN_001944,2024-02-29T21:32:00Z,57467.52,NEFT,2181,2048,33,3,False,False,0,1
TXN_001537,2024-08-04T21:17:00Z,2333.24,RTGS,445,1628,3,2,False,False,1,0
TXN_001502,2024-07-09T14:51:00Z,27420.66,NEFT,3201,3576,5,3,False,False,1,0
TXN_001861,2024-06-14T19:02:00Z,34606.29,UPI,1008,2119,7,7,False,False,0,0
TXN_001669,2024-12-07T13:55:00Z,3475.56,IMPS,1187,1123,5,6,False,False,0,0
TXN_000727,2024-02-10T16:02:00Z,14340.57,UPI,1097,229,2,8,False,False,1,0
TXN_001737,2024-10-28T18:08:00Z,4881.15,UPI,62,2422,7,2,False,False,0,0
TXN_001088,2024-03-28T16:34:00Z,7552.27,IMPS,1448,3074,2,9,False,True,1,0
TXN_000880,2024-06-03T10:30:00Z,38789.01,UPI,3596,2647,1,3,False,False,0,0
TXN_000351,2024-07-09T17:11:00Z,1546.07,IMPS,2256,787,1,8,False,False,1,0
TXN_001697,2024-06-16T21:33:00Z,12452.95,UPI,2321,1209,2,6,False,False,0,0
TXN_001957,2024-12-06T02:42:00Z,77140.77,NEFT,2473,770,7,8,False,False,1,1
TXN_000206,2024-03-25T08:28:00Z,8941.54,NEFT,902,3323,6,2,False,False,0,0
TXN_001726,2024-05-01T12:41:00Z,3135.61,RTGS,153,707,5,7,False,False,0,0
TXN_001262,2024-12-22T18:15:00Z,4498.63,UPI,1879,513,7,7,False,False,1,0
TXN_001066,2024-02-01T18:40:00Z,26144.29,UPI,38,2152,1,5,False,False,1,0
TXN_001700,2024-11-09T18:46:00Z,2422.55,UPI,1005,909,5,7,False,True,0,0
TXN_001932,2024-04-27T16:21:00Z,2319.97,NEFT,3480,2999,6,8,False,False,1,0
TXN_000277,2024-12-22T21:13:00Z,10844.15,UPI,753,142,3,4,False,False,0,0
TXN_000093,2024-09-27T22:12:00Z,6814.74,NEFT,120,1113,6,3,False,False,0,0
TXN_000508,2024-04-23T13:23:00Z,6610.46,UPI,1042,556,5,8,False,False,1,0
TXN_000886,2024-10-13T16:57:00Z,16524.99,IMPS,1565,1546,2,7,False,False,1,0
TXN_001135,2024-08-22T16:25:00Z,1939.15,UPI,3553,3404,0,7,False,False,0,0
TXN_000060,2024-09-30T22:36:00Z,7874.56,UPI,2261,45,0,2,False,False,1,0
TXN_001548,2024-02-05T07:24:00Z,349.79,UPI,2166,771,1,4,False,False,1,0
TXN_001956,2024-11-23T04:22:00Z,101877.17,IMPS,2401,3215,2,9,False,False,1,1
TXN_001832,2024-03-25T16:23:00Z,2550.05,NEFT,2641,1913,0,3,False,False,1,0
TXN_001628,2024-04-28T15:31:00Z,1901.46,IMPS,1942,2387,3,5,False,False,0,0
TXN_000291,2024-11-01T15:09:00Z,6625.76,UPI,2051,645,1,8,False,False,0,0
TXN_001242,2024-02-29T17:49:00Z,2260.6,RTGS,2014,34,4,6,False,True,0,0
TXN_001635,2024-03-14T12:27:00Z,7613.47,UPI,2285,1674,7,8,False,False,0,0
TXN_000213,2024-03-11T17:44:00Z,12977.15,UPI,3574,988,7,9,False,False,1,0
TXN_000459,2024-10-03T17:15:00Z,777.8,IMPS,164,2534,6,6,True,True,0,0
TXN_000238,2024-10-02T08:14:00Z,9026.32,NEFT,1225,3479,5,6,False,False,1,0
TXN_000388,2024-07-07T08:32:00Z,12625.06,UPI,1681,1225,1,8,False,True,0,0
TXN_001725,2024-07-01T19:09:00Z,2457.25,UPI,1961,813,0,1,False,False,1,0
TXN_000677,2024-10-13T14:59:00Z,1298.44,IMPS,3035,1081,6,4,False,False,0,0
TXN_001885,2024-01-30T13:04:00Z,1020.29,IMPS,1508,2097,6,3,False,False,0,0
TXN_000615,2024-03-19T10:38:00Z,4058.08,RTGS,3365,3286,4,1,False,False,1,0
TXN_000414,2024-01-09T09:56:00Z,5807.67,NEFT,953,1390,5,6,False,False,1,0
TXN_000737,2024-04-18T13:13:00Z,733.4,NEFT,2720,33,0,9,False,False,0,0
TXN_001297,2024-11-21T21:23:00Z,6498.08,IMPS,3278,2216,5,4,False,False,1,0
TXN_000279,2024-11-07T07:03:00Z,8933.0,NEFT,181,3288,3,4,True,False,1,0
TXN_000138,2024-04-30T21:25:00Z,4577.28,IMPS,1269,2551,3,5,False,True,0,0
TXN_001463,2024-01-15T15:43:00Z,1322.69,RTGS,2920,2716,2,2,False,False,1,0
TXN_000251,2024-08-20T15:24:00Z,28967.64,IMPS,2954,1237,3,3,False,False,1,0
TXN_000877,2024-07-06T11:40:00Z,29238.65,IMPS,1504,1603,2,8,False,False,1,0
TXN_000567,2024-04-11T21:34:00Z,3749.28,RTGS,1604,1054,4,8,False,False,0,0
TXN_001299,2024-04-01T22:57:00Z,2515.67,NEFT,1480,337,6,4,False,False,0,0
TXN_001969,2024-05-21T04:50:00Z,59157.15,RTGS,105,2064,2,8,False,False,1,1
TXN_001988,2024-12-22T02:19:00Z,122921.34,NEFT,1754,2294,0,6,False,False,1,1
TXN_000874,2024-09-19T17:34:00Z,5058.84,NEFT,2262,2754,7,3,False,False,1,0
TXN_000188,2024-02-16T20:42:00Z,798.15,UPI,3562,2271,6,4,False,False,1,0
TXN_000747,2024-09-16T13:47:00Z,2593.38,IMPS,1614,2300,6,3,False,False,1,0
TXN_001781,2024-05-22T14:06:00Z,798.95,NEFT,40,845,1,5,False,False,0,0
TXN_001989,2024-10-04T12:38:00Z,13809.03,IMPS,3055,561,23,7,False,False,0,1
TXN_001586,2024-01-29T18:50:00Z,2315.68,IMPS,2187,2159,1,5,False,False,1,0
TXN_000151,2024-07-07T06:06:00Z,8896.99,UPI,458,3565,2,3,False,False,0,0
TXN_001527,2024-09-12T21:42:00Z,3331.61,IMPS,307,3486,7,8,False,False,1,0
TXN_001393,2024-01-25T21:29:00Z,6769.28,IMPS,2735,743,7,9,False,True,0,0
TXN_001158,2024-05-04T11:28:00Z,12916.92,NEFT,495,2074,0,6,False,False,0,0
TXN_001336,2024-12-18T13:57:00Z,10128.94,IMPS,34,2325,0,3,False,False,1,0
TXN_000591,2024-01-15T13:16:00Z,5089.06,IMPS,2475,3331,4,1,False,False,0,0
TXN_001920,2024-08-30T11:42:00Z,2512.56,UPI,2280,42,5,8,False,True,1,0
TXN_000904,2024-01-28T11:42:00Z,2102.69,UPI,2317,748,4,5,False,False,1,0
TXN_001033,2024-04-02T18:40:00Z,4347.33,IMPS,1091,43,6,7,False,False,1,0
TXN_001936,2024-01-11T14:39:00Z,4238.9,UPI,1004,3504,7,1,False,False,1,0
TXN_000992,2024-04-13T22:32:00Z,1450.83,NEFT,2951,3109,0,4,False,False,1,0
TXN_001884,2024-11-08T10:36:00Z,3093.4,RTGS,852,1112,3,8,False,False,1,0
TXN_000736,2024-11-18T22:48:00Z,592.47,IMPS,3075,2978,4,8,False,False,0,0
TXN_001386,2024-07-29T13:15:00Z,17749.07,IMPS,1788,1710,0,6,False,False,1,0
TXN_001150,2024-03-15T11:19:00Z,4418.13,NEFT,2508,501,1,4,False,False,0,0
TXN_000248,2024-09-06T10:15:00Z,2822.7,RTGS,3626,61,7,1,False,False,1,0
TXN_001596,2024-07-10T10:14:00Z,3365.78,UPI,2794,313,3,7,False,False,1,0
TXN_001461,2024-03-21T21:19:00Z,116.35,UPI,1476,3273,4,6,False,False,1,0
TXN_001056,2024-01-19T16:18:00Z,13699.18,RTGS,858,187,1,1,False,False,1,0
TXN_001456,2024-06-27T19:27:00Z,30355.05,UPI,1418,3605,7,7,False,False,0,0
TXN_001444,2024-10-25T17:40:00Z,26321.26,NEFT,1445,1718,6,8,False,False,0,0
TXN_000498,2024-08-23T13:12:00Z,10383.25,UPI,3130,2943,4,1,False,False,0,0
TXN_001708,2024-07-03T19:02:00Z,56186.74,NEFT,2602,656,7,9,False,False,0,0
TXN_001037,2024-03-05T20:48:00Z,4021.26,IMPS,598,2691,0,3,False,False,0,0
TXN_001511,2024-11-18T16:07:00Z,5021.35,IMPS,2488,3372,3,2,False,False,1,0
TXN_001607,2024-01-27T07:42:00Z,4934.96,NEFT,2910,891,4,3,False,False,0,0
TXN_001939,2024-08-23T11:07:00Z,2724.78,IMPS,1614,3585,4,7,False,False,0,0
TXN_000589,2024-05-18T10:32:00Z,5651.99,UPI,545,887,2,1,False,False,1,0
TXN_000696,2024-02-03T09:14:00Z,3115.42,UPI,3343,773,3,3,False,False,0,0
TXN_001764,2024-09-13T19:18:00Z,773.05,NEFT,3262,2497,1,2,False,False,1,0
TXN_001310,2024-01-05T12:02:00Z,4372.99,IMPS,2557,2229,2,7,False,True,0,0
TXN_000777,2024-11-15T21:53:00Z,19409.39,NEFT,303,748,2,4,False,False,1,0
TXN_000686,2024-02-07T09:03:00Z,4613.46,IMPS,1205,1937,4,3,False,False,0,0
TXN_001479,2024-09-03T11:51:00Z,1296.71,UPI,1810,1171,1,4,False,True,1,0
TXN_000391,2024-08-31T21:47:00Z,2179.8,IMPS,2606,340,7,3,True,False,1,0
TXN_001845,2024-04-09T22:09:00Z,67281.16,RTGS,749,2544,6,2,False,False,1,0
TXN_000796,2024-01-05T08:39:00Z,4848.63,UPI,1982,941,6,6,False,False,0,0
TXN_001742,2024-07-02T12:44:00Z,28963.98,IMPS,1264,1250,6,6,False,True,0,0
TXN_000296,2024-04-29T11:21:00Z,1348.7,NEFT,1536,1143,1,5,False,False,1,0
TXN_000570,2024-02-16T12:36:00Z,4747.01,UPI,3275,3410,1,9,False,False,1,0
TXN_000892,2024-06-24T16:58:00Z,26726.23,IMPS,1689,3253,3,4,False,False,0,0
TXN_001306,2024-02-04T12:53:00Z,33305.29,RTGS,3331,2566,4,7,False,True,0,0
TXN_001553,2024-05-12T20:56:00Z,2512.14,IMPS,82,3171,6,9,False,False,1,0
TXN_000707,2024-04-01T22:58:00Z,5609.5,IMPS,2541,1279,1,4,True,False,0,0
TXN_001569,2024-04-15T14:29:00Z,7754.92,RTGS,3024,2573,7,7,False,False,1,0
TXN_000927,2024-02-05T17:55:00Z,5314.55,NEFT,1926,2193,6,6,False,False,1,0
TXN_000071,2024-09-14T08:45:00Z,5537.91,IMPS,1237,68,5,2,False,False,1,0
TXN_000916,2024-06-24T17:23:00Z,1922.74,NEFT,3423,2674,7,8,False,False,0,0
TXN_000154,2024-04-22T08:32:00Z,1500.64,NEFT,221,850,0,1,False,True,0,0
TXN_001870,2024-06-18T22:45:00Z,6296.28,NEFT,2722,1701,5,1,False,False,1,0
TXN_000315,2024-06-23T10:05:00Z,8913.7,RTGS,3355,2510,6,3,False,False,0,0
TXN_001268,2024-05-22T10:32:00Z,6140.96,IMPS,3513,1120,3,1,False,False,1,0
TXN_001414,2024-03-28T22:38:00Z,5969.48,IMPS,291,2462,7,1,False,False,1,0
TXN_001301,2024-07-07T18:22:00Z,211.46,NEFT,454,1901,0,6,False,False,0,0
TXN_000043,2024-05-18T13:10:00Z,3290.03,NEFT,2899,3464,5,9,False,False,0,0
TXN_000157,2024-06-18T18:18:00Z,445.03,IMPS,2293,784,5,7,False,True,0,0
TXN_001468,2024-05-27T15:50:00Z,695.28,IMPS,1218,162,5,1,False,False,0,0
TXN_000209,2024-01-30T18:42:00Z,379.32,UPI,1726,1819,3,4,False,False,1,0
TXN_001165,2024-04-08T09:29:00Z,3406.4,UPI,818,728,7,6,False,False,0,0
TXN_001445,2024-04-07T18:12:00Z,11101.06,UPI,780,2545,6,9,False,False,1,0
TXN_001652,2024-03-23T17:53:00Z,441.4,NEFT,1653,241,2,1,False,False,1,0
TXN_000502,2024-08-27T16:56:00Z,1393.81,IMPS,2494,2425,6,5,False,False,1,0
TXN_001916,2024-10-16T16:51:00Z,59362.47,NEFT,1526,1810,1,2,False,False,1,0
TXN_000228,2024-02-05T20:17:00Z,2125.12,NEFT,1415,2238,7,5,False,False,1,0
TXN_000583,2024-07-09T22:46:00Z,1555.96,IMPS,815,1737,0,8,False,False,1,0
TXN_000191,2024-08-11T20:05:00Z,8558.28,UPI,3144,775,2,9,False,False,1,0
TXN_000765,2024-03-07T06:56:00Z,28029.93,RTGS,209,3532,1,1,False,False,0,0
TXN_001521,2024-03-28T13:17:00Z,10469.11,RTGS,1228,1192,0,3,False,True,0,0
TXN_001109,2024-09-07T10:17:00Z,11062.83,RTGS,375,1478,3,7,False,False,0,0
TXN_001270,2024-01-15T16:16:00Z,2542.58,RTGS,2558,1606,4,5,False,False,0,0
TXN_000965,2024-11-07T10:21:00Z,9968.85,NEFT,2243,206,2,5,False,False,0,0
TXN_001953,2024-10-05T04:13:00Z,156664.0,NEFT,227,622,5,7,False,False,1,1
TXN_001535,2024-05-12T16:47:00Z,7311.65,NEFT,2371,1286,3,3,False,False,0,0
TXN_001875,2024-11-11T14:10:00Z,4292.71,IMPS,1887,834,1,4,False,False,0,0
TXN_001363,2024-10-15T06:06:00Z,6171.34,RTGS,3279,1173,3,7,False,False,0,0
TXN_000030,2024-01-30T21:23:00Z,3316.92,UPI,1798,1870,5,3,False,False,1,0
TXN_000069,2024-04-24T18:03:00Z,3285.49,NEFT,1610,3024,5,8,False,False,0,0
TXN_000433,2024-04-08T13:56:00Z,7754.5,IMPS,1028,2940,0,1,False,False,0,0
TXN_000132,2024-01-21T11:47:00Z,72511.78,UPI,2748,2337,6,8,False,False,0,0
TXN_000622,2024-11-08T06:16:00Z,8968.29,NEFT,545,168,0,4,False,False,0,0
TXN_000857,2024-11-07T20:14:00Z,369.91,NEFT,2561,3327,5,8,False,False,0,0
TXN_000229,2024-05-02T09:14:00Z,7611.61,NEFT,3414,3033,7,1,False,False,0,0
TXN_000936,2024-06-15T09:07:00Z,8724.9,NEFT,2295,680,0,8,False,False,1,0
TXN_001492,2024-07-10T19:22:00Z,3933.92,RTGS,307,2813,3,2,False,False,0,0
TXN_000207,2024-06-09T06:42:00Z,447.22,IMPS,3290,884,4,7,False,False,1,0
TXN_000550,2024-10-12T18:37:00Z,2139.18,UPI,1877,548,4,4,False,False,0,0
TXN_001203,2024-05-13T18:42:00Z,1225.93,NEFT,44,267,3,3,False,False,1,0
TXN_000411,2024-03-15T21:27:00Z,17476.76,IMPS,2924,3357,3,8,False,False,0,0
TXN_001279,2024-08-19T20:25:00Z,1548.68,UPI,580,1614,1,1,False,False,1,0
TXN_000031,2024-01-10T14:35:00Z,6074.7,NEFT,3073,413,5,2,False,False,0,0
TXN_001724,2024-09-16T12:03:00Z,3644.95,UPI,3030,2193,6,8,False,False,0,0
TXN_001852,2024-08-04T15:50:00Z,18415.61,UPI,2138,3232,3,6,False,False,1,0
TXN_000948,2024-03-20T20:17:00Z,25823.1,RTGS,1178,2931,3,8,False,False,1,0
TXN_000731,2024-08-30T21:53:00Z,2540.16,UPI,1696,3144,2,3,False,False,0,0
TXN_000249,2024-12-06T12:19:00Z,10651.65,UPI,2448,3044,1,3,False,False,0,0
TXN_000562,2024-04-22T09:00:00Z,16515.86,IMPS,583,3013,1,6,False,False,1,0
TXN_001493,2024-09-18T20:12:00Z,50572.86,NEFT,925,253,2,9,False,False,1,0
TXN_001878,2024-01-16T11:35:00Z,7137.71,IMPS,1080,1258,6,2,False,False,1,0
TXN_000614,2024-09-20T17:28:00Z,10164.23,NEFT,1068,2137,1,5,False,False,1,0
TXN_000100,2024-06-19T19:50:00Z,4379.04,UPI,1197,2192,1,9,False,False,0,0
TXN_001286,2024-10-21T21:52:00Z,2496.77,UPI,3529,1848,7,5,False,False,1,0
TXN_001483,2024-03-25T11:44:00Z,18264.86,RTGS,78,158,6,9,False,False,0,0
TXN_001748,2024-03-03T10:44:00Z,3977.68,IMPS,1467,863,5,3,False,False,1,0
TXN_001091,2024-01-09T11:09:00Z,5535.36,RTGS,2571,2177,7,3,False,False,1,0
TXN_000452,2024-11-11T18:55:00Z,12439.96,NEFT,428,307,5,5,False,False,1,0
TXN_001334,2024-11-17T18:43:00Z,7818.36,NEFT,3648,1969,7,4,False,False,1,0
TXN_001766,2024-08-30T22:39:00Z,3214.48,UPI,3531,3477,4,8,False,False,1,0
TXN_000752,2024-04-12T13:10:00Z,5377.49,UPI,1640,2685,4,2,False,False,0,0
TXN_001554,2024-05-15T09:16:00Z,32664.22,IMPS,2405,2471,1,1,False,False,1,0
TXN_001026,2024-01-03T17:26:00Z,8695.86,NEFT,1572,981,1,2,True,False,0,0
TXN_001506,2024-03-09T08:20:00Z,8017.22,IMPS,190,1479,6,9,False,False,1,0
TXN_000183,2024-12-11T14:11:00Z,8057.56,IMPS,1531,3557,1,1,False,False,1,0
TXN_001739,2024-04-12T22:45:00Z,11061.01,NEFT,734,2668,3,4,False,False,0,0
TXN_000012,2024-04-27T19:10:00Z,3179.04,UPI,355,2823,5,7,False,False,0,0
TXN_001512,2024-03-20T19:10:00Z,14131.94,RTGS,496,1014,7,8,False,False,0,0
TXN_001292,2024-09-04T19:00:00Z,548.13,UPI,987,2339,0,6,True,False,1,0
TXN_001636,2024-12-28T12:19:00Z,17679.97,RTGS,2403,2328,2,4,False,False,1,0
TXN_001663,2024-09-06T10:56:00Z,17693.98,UPI,1773,963,1,7,False,False,1,0
TXN_000259,2024-06-15T15:09:00Z,2864.17,IMPS,535,3014,4,9,False,False,1,0
TXN_000375,2024-01-11T13:28:00Z,5634.42,NEFT,2804,2190,2,4,False,False,1,0
TXN_001217,2024-06-13T10:03:00Z,24817.5,IMPS,485,1281,3,4,False,False,1,0
TXN_000630,2024-08-20T11:14:00Z,1475.44,IMPS,2730,2766,5,2,False,False,0,0
TXN_000494,2024-09-18T18:52:00Z,4552.15,RTGS,3621,2122,6,8,False,False,1,0
TXN_000634,2024-10-29T21:30:00Z,1962.32,NEFT,1016,1974,5,1,False,False,1,0
TXN_000212,2024-03-19T11:10:00Z,749.59,NEFT,239,2308,7,7,False,False,0,0
TXN_000819,2024-09-20T10:11:00Z,3919.94,IMPS,3083,1559,1,1,False,True,0,0
TXN_001974,2024-05-06T03:48:00Z,112750.56,UPI,662,3347,0,6,False,False,0,1
TXN_000871,2024-07-08T18:40:00Z,3076.55,IMPS,3520,158,0,6,False,False,0,0
TXN_000126,2024-01-23T13:26:00Z,2329.48,RTGS,2601,515,6,6,False,False,1,0
TXN_000863,2024-09-25T19:00:00Z,3629.72,RTGS,3320,951,0,6,True,False,0,0
TXN_000447,2024-06-24T21:33:00Z,2518.44,NEFT,3150,1181,1,4,False,False,0,0
TXN_000628,2024-01-22T16:30:00Z,4605.98,IMPS,1647,704,4,7,False,True,0,0
TXN_000333,2024-06-30T17:11:00Z,2836.43,UPI,2826,3470,3,8,False,True,1,0
TXN_000835,2024-03-21T07:36:00Z,3578.72,NEFT,281,158,3,7,False,False,0,0
TXN_000725,2024-10-28T10:24:00Z,2239.76,IMPS,2433,1643,0,1,False,False,1,0
TXN_001505,2024-01-06T06:11:00Z,858.04,NEFT,2363,1302,3,4,False,False,1,0
TXN_000200,2024-06-07T11:39:00Z,15608.22,RTGS,3507,2581,2,6,False,False,0,0
TXN_001893,2024-01-25T09:35:00Z,21966.86,RTGS,2561,1220,2,6,False,False,0,0
TXN_001905,2024-01-13T16:50:00Z,1417.71,UPI,1522,1583,4,8,False,False,0,0
TXN_001879,2024-09-20T09:38:00Z,596.02,IMPS,1737,3557,0,3,False,False,0,0
TXN_000364,2024-03-13T11:33:00Z,27533.91,NEFT,1014,2178,3,8,False,False,0,0
TXN_000257,2024-05-08T07:28:00Z,5551.02,NEFT,1207,1619,4,6,False,False,1,0
TXN_001612,2024-12-26T19:17:00Z,2935.72,RTGS,330,2349,6,1,False,False,1,0
TXN_001053,2024-05-29T17:25:00Z,3342.35,RTGS,2864,3578,5,8,False,False,0,0
TXN_000636,2024-10-02T07:16:00Z,9704.69,NEFT,1147,2391,7,9,False,False,1,0
TXN_000101,2024-04-30T18:14:00Z,1251.14,RTGS,1821,1697,6,7,False,True,0,0
TXN_001798,2024-10-31T10:06:00Z,22006.77,NEFT,413,478,4,8,False,True,1,0
TXN_000930,2024-01-29T06:00:00Z,2570.4,RTGS,493,289,2,7,False,False,1,0
TXN_000189,2024-07-18T11:23:00Z,6970.75,NEFT,810,3547,3,7,False,False,1,0
TXN_001086,2024-03-12T15:13:00Z,33211.72,RTGS,1410,1495,5,8,False,False,1,0
TXN_000014,2024-05-05T07:07:00Z,1485.2,IMPS,3319,1822,5,5,False,False,0,0
TXN_001777,2024-04-19T11:00:00Z,6442.67,NEFT,2389,128,7,5,True,False,0,0
TXN_000603,2024-10-08T17:38:00Z,3918.67,IMPS,3133,1772,4,5,False,False,0,0
TXN_001231,2024-09-14T15:53:00Z,21587.38,RTGS,734,787,2,5,False,False,1,0
TXN_001513,2024-04-19T08:08:00Z,2684.38,NEFT,1211,2378,3,2,False,False,0,0
TXN_001181,2024-11-17T22:02:00Z,5415.99,NEFT,558,2643,2,9,False,True,0,0
TXN_000319,2024-05-11T20:33:00Z,13017.93,UPI,743,3618,7,3,False,False,0,0
TXN_001031,2024-08-23T20:00:00Z,2364.99,IMPS,1640,3131,6,3,False,False,1,0
TXN_000934,2024-07-10T06:01:00Z,3432.32,NEFT,3601,1867,7,8,False,False,0,0
TXN_000764,2024-03-02T21:22:00Z,1082.09,UPI,2348,3159,6,3,False,True,1,0
TXN_001032,2024-01-17T13:54:00Z,22451.94,NEFT,131,1079,2,5,False,False,1,0
TXN_001381,2024-04-22T07:06:00Z,113755.66,NEFT,2605,548,7,2,False,False,1,0
TXN_000500,2024-05-16T13:20:00Z,5792.09,IMPS,1036,75,7,3,False,False,0,0
TXN_000918,2024-08-01T21:00:00Z,44247.78,NEFT,3459,1513,2,8,False,False,1,0
TXN_000592,2024-04-13T14:33:00Z,7556.41,UPI,3078,2092,7,6,False,False,1,0
TXN_000440,2024-05-02T18:02:00Z,859.79,UPI,122,1736,4,3,False,False,0,0
TXN_000512,2024-11-20T22:30:00Z,1068.25,NEFT,2583,1896,1,1,False,False,0,0
TXN_001828,2024-11-20T15:37:00Z,2943.02,NEFT,3253,2872,0,5,False,False,0,0
TXN_000349,2024-11-25T21:21:00Z,24192.26,RTGS,1300,856,4,9,False,False,1,0
TXN_000497,2024-07-28T13:39:00Z,3066.64,NEFT,2672,3559,1,3,False,False,1,0
TXN_001157,2024-02-24T09:27:00Z,8517.54,IMPS,867,438,3,3,False,False,1,0
TXN_000490,2024-01-23T06:44:00Z,2942.26,RTGS,1571,2664,3,1,False,False,0,0
TXN_001357,2024-07-26T07:02:00Z,377.0,NEFT,3616,964,0,4,True,False,1,0
TXN_000945,2024-04-03T19:49:00Z,974.17,NEFT,2916,1009,2,1,False,False,0,0
TXN_000175,2024-12-03T07:55:00Z,5054.46,NEFT,2262,169,7,7,False,True,0,0
TXN_000179,2024-10-23T12:30:00Z,3636.14,IMPS,2339,3585,5,6,False,False,0,0
TXN_001348,2024-09-09T17:21:00Z,864.31,RTGS,58,1414,6,7,False,False,0,0
TXN_000110,2024-12-22T17:50:00Z,4241.95,UPI,2186,595,1,8,False,False,1,0
TXN_000891,2024-06-15T12:01:00Z,22590.53,IMPS,1768,475,3,7,False,False,0,0
TXN_000074,2024-12-09T21:02:00Z,750.76,UPI,1087,733,3,9,False,True,1,0
TXN_001685,2024-04-22T22:03:00Z,20362.44,UPI,156,2403,6,3,False,False,1,0
TXN_000601,2024-04-19T09:38:00Z,1993.34,IMPS,2264,2792,7,3,False,False,1,0
TXN_001232,2024-05-27T13:59:00Z,8128.93,NEFT,2584,822,6,4,False,False,0,0
TXN_001121,2024-07-20T11:31:00Z,9812.71,RTGS,2074,3520,4,6,True,True,0,0
TXN_000878,2024-11-23T10:16:00Z,1660.14,UPI,1456,2021,0,8,False,False,0,0
TXN_001099,2024-05-13T14:02:00Z,7290.31,UPI,1547,3431,7,6,False,False,1,0
TXN_000584,2024-10-27T08:43:00Z,2086.08,NEFT,757,471,6,3,False,False,1,0
TXN_000649,2024-03-21T19:34:00Z,6093.67,NEFT,3247,1345,4,2,False,False,0,0
TXN_001240,2024-02-16T07:44:00Z,6064.33,IMPS,521,1226,5,9,False,False,0,0
TXN_000950,2024-10-20T18:09:00Z,8490.44,IMPS,2610,930,6,4,False,False,0,0
TXN_001036,2024-11-08T12:57:00Z,3057.85,RTGS,3094,2496,4,9,False,False,0,0
TXN_001670,2024-11-20T11:44:00Z,22637.99,NEFT,1298,1950,1,1,False,False,0,0
TXN_000193,2024-11-29T12:15:00Z,4863.17,NEFT,2912,760,4,8,False,False,1,0
TXN_000397,2024-04-11T20:44:00Z,32568.61,UPI,727,270,5,3,False,False,1,0
TXN_001709,2024-08-18T10:14:00Z,2227.27,UPI,3098,2873,1,6,False,False,1,0
TXN_000875,2024-08-09T10:21:00Z,40527.38,IMPS,3430,2772,3,9,False,False,1,0
TXN_000563,2024-07-22T22:24:00Z,1389.45,IMPS,2528,148,3,7,False,True,1,0
TXN_001421,2024-07-12T15:12:00Z,38495.96,RTGS,2569,1769,2,9,False,False,0,0
TXN_000119,2024-12-14T06:43:00Z,870.65,UPI,1741,2757,4,8,False,False,1,0
TXN_001971,2024-12-07T03:13:00Z,35247.33,NEFT,69,1551,7,6,False,False,0,1
TXN_001234,2024-01-07T16:02:00Z,17345.62,UPI,197,1492,2,9,False,False,1,0
TXN_000599,2024-01-07T13:40:00Z,1455.52,IMPS,2879,1696,0,2,False,False,1,0
TXN_000426,2024-07-26T08:55:00Z,4669.37,IMPS,3370,2972,7,7,False,False,1,0
TXN_000837,2024-07-03T19:12:00Z,402.81,RTGS,1375,3254,4,7,False,False,1,0
TXN_000400,2024-01-26T18:05:00Z,3036.6,NEFT,2165,1963,0,3,False,False,0,0
TXN_000693,2024-01-20T22:20:00Z,23521.68,RTGS,2722,294,7,5,False,False,1,0
TXN_001407,2024-10-10T09:52:00Z,4451.42,IMPS,2817,1729,1,4,False,False,0,0
TXN_001406,2024-05-23T13:24:00Z,13324.43,NEFT,2482,1525,6,4,False,True,0,0
TXN_001429,2024-07-07T22:06:00Z,544.1,IMPS,2843,1567,3,2,False,False,1,0
TXN_001077,2024-01-17T13:00:00Z,18009.18,RTGS,3047,1944,2,5,False,False,1,0
TXN_000827,2024-09-30T14:20:00Z,8944.8,IMPS,3298,926,2,2,False,False,0,0
TXN_000688,2024-11-17T08:19:00Z,1395.27,RTGS,2294,2592,6,9,False,True,0,0
TXN_001003,2024-10-27T11:06:00Z,6253.2,UPI,1700,3456,5,4,False,False,0,0
TXN_001272,2024-08-15T17:40:00Z,4082.8,NEFT,237,1674,5,8,False,False,1,0
TXN_000230,2024-08-08T15:29:00Z,2281.52,IMPS,1290,2992,6,7,False,False,0,0
TXN_001387,2024-01-02T11:49:00Z,3093.51,NEFT,703,1819,6,3,False,False,0,0
TXN_000057,2024-08-09T19:58:00Z,829.96,RTGS,1071,3104,1,1,False,False,0,0
TXN_001324,2024-03-18T18:08:00Z,21518.53,UPI,1244,905,3,7,False,False,0,0
TXN_000244,2024-05-02T21:29:00Z,21066.94,RTGS,3513,1887,3,6,False,True,0,0
TXN_001714,2024-01-07T10:07:00Z,3967.93,UPI,2146,539,6,4,False,False,0,0
TXN_000673,2024-07-19T06:42:00Z,661.64,NEFT,1869,230,4,2,False,False,0,0
TXN_001900,2024-06-20T21:08:00Z,20306.34,RTGS,372,466,4,5,False,False,1,0
TXN_001034,2024-06-09T17:03:00Z,575.97,RTGS,349,2482,7,3,False,False,1,0
TXN_001343,2024-12-21T13:45:00Z,1159.82,RTGS,3360,2949,6,6,False,False,0,0
TXN_001162,2024-12-16T14:45:00Z,9579.57,RTGS,1975,2756,2,1,False,True,1,0
TXN_001680,2024-09-12T06:47:00Z,2890.22,UPI,1802,2363,4,6,False,False,1,0
TXN_001833,2024-03-27T15:14:00Z,4708.48,UPI,3390,1622,4,8,False,False,0,0
TXN_000432,2024-11-17T07:33:00Z,11229.89,IMPS,2932,2246,7,3,False,False,0,0
TXN_000208,2024-01-09T16:52:00Z,1073.18,IMPS,2250,1626,7,8,False,False,1,0
TXN_000417,2024-11-24T09:32:00Z,3364.56,UPI,1022,2641,4,7,False,True,0,0
TXN_001825,2024-09-01T19:46:00Z,3604.43,UPI,2858,2258,2,4,False,False,0,0
TXN_001976,2024-03-26T06:25:00Z,12252.19,UPI,1,3565,2,5,True,False,0,1
TXN_001992,2024-04-27T04:16:00Z,101134.87,IMPS,2244,3334,4,1,False,True,1,1
TXN_001411,2024-03-15T16:48:00Z,5178.27,UPI,444,543,4,6,False,False,0,0
TXN_001425,2024-04-17T17:07:00Z,3602.74,NEFT,40,93,3,6,False,False,1,0
TXN_001416,2024-04-29T19:15:00Z,869.64,NEFT,2653,1221,3,2,False,False,1,0
TXN_000578,2024-01-31T15:14:00Z,1396.45,IMPS,3467,3621,6,5,False,False,1,0
TXN_001997,2024-02-23T09:47:00Z,289.44,UPI,1301,1866,18,2,False,False,0,1
TXN_001180,2024-06-30T12:38:00Z,10154.78,UPI,3196,1060,0,1,True,False,1,0
TXN_001039,2024-05-03T17:17:00Z,3569.19,RTGS,2892,511,6,6,False,False,1,0
TXN_000111,2024-07-21T09:31:00Z,7747.58,IMPS,1958,2657,6,6,False,False,0,0
TXN_001349,2024-12-02T09:45:00Z,8366.29,UPI,1533,1539,5,7,False,False,0,0
TXN_001598,2024-05-07T10:26:00Z,12719.37,RTGS,107,2443,5,5,False,False,1,0
TXN_000453,2024-07-10T13:29:00Z,5307.97,RTGS,2985,2971,3,5,False,False,1,0
TXN_001136,2024-09-28T22:06:00Z,4440.59,UPI,691,2099,0,3,False,False,0,0
TXN_001547,2024-06-26T06:44:00Z,2693.79,NEFT,1411,2599,1,9,False,False,1,0
TXN_000606,2024-06-21T06:40:00Z,4954.65,UPI,2730,3148,6,5,True,False,1,0
TXN_001409,2024-06-15T07:51:00Z,2581.81,UPI,298,286,2,9,False,False,0,0
TXN_001711,2024-11-25T15:11:00Z,3626.72,UPI,3589,2835,3,4,False,False,0,0
TXN_001682,2024-05-08T18:06:00Z,10676.83,UPI,999,37,3,2,False,False,0,0
TXN_001594,2024-09-05T21:15:00Z,854.76,NEFT,1341,639,1,4,False,False,1,0
TXN_001449,2024-12-17T19:21:00Z,5973.62,IMPS,1641,112,7,1,False,False,1,0
TXN_001482,2024-06-02T08:40:00Z,631.28,NEFT,204,871,0,5,False,False,1,0
TXN_001959,2024-08-15T20:41:00Z,2015.91,NEFT,1869,436,27,4,False,False,0,1
TXN_001849,2024-06-13T15:59:00Z,25419.54,IMPS,1410,2472,3,1,False,False,1,0
TXN_001271,2024-08-17T08:01:00Z,3006.21,UPI,279,104,5,4,False,False,0,0
TXN_000412,2024-02-17T22:27:00Z,7961.03,IMPS,332,1193,3,6,False,False,0,0
TXN_001055,2024-06-09T18:13:00Z,9645.18,UPI,2905,1101,0,6,False,False,0,0
TXN_000187,2024-01-24T22:10:00Z,13827.3,RTGS,2894,715,4,3,False,True,1,0
TXN_001583,2024-08-13T09:53:00Z,3204.52,RTGS,30,2226,2,9,False,False,0,0
TXN_001894,2024-01-15T06:26:00Z,48358.04,NEFT,84,188,7,8,True,False,1,0
TXN_001562,2024-02-27T10:09:00Z,6882.5,NEFT,2778,50,6,1,False,False,0,0
TXN_000815,2024-05-13T14:07:00Z,913.68,NEFT,3605,270,1,3,False,True,1,0
TXN_001601,2024-01-20T11:37:00Z,2235.69,UPI,1602,2218,5,4,False,False,0,0
TXN_001261,2024-10-02T21:38:00Z,903.57,IMPS,3453,3527,4,4,False,False,1,0
TXN_001205,2024-12-29T09:11:00Z,28701.04,UPI,3364,3132,4,9,False,False,0,0
TXN_000902,2024-01-21T12:32:00Z,244.71,NEFT,2646,1036,3,1,False,True,0,0
TXN_000499,2024-11-15T20:45:00Z,2935.5,IMPS,3135,337,5,5,False,False,1,0
TXN_000811,2024-02-12T06:03:00Z,321.24,NEFT,667,3550,5,4,False,False,0,0
TXN_000007,2024-10-20T13:50:00Z,6389.6,IMPS,897,2500,5,2,False,True,1,0
TXN_000318,2024-04-17T06:45:00Z,136069.77,IMPS,192,1244,5,1,False,False,0,0
TXN_000938,2024-06-26T14:17:00Z,1147.36,IMPS,830,1958,2,9,False,False,0,0
TXN_001844,2024-03-14T21:21:00Z,10798.89,IMPS,3267,2387,7,4,False,False,1,0
TXN_000868,2024-03-29T22:26:00Z,19462.06,RTGS,824,393,2,2,False,True,1,0
TXN_001519,2024-08-25T15:55:00Z,1638.92,UPI,1326,2538,2,8,False,True,1,0
TXN_000732,2024-07-20T06:15:00Z,2324.24,NEFT,1864,2245,0,5,False,False,1,0
TXN_001550,2024-07-03T11:39:00Z,5823.9,IMPS,3628,3246,6,1,False,False,0,0
TXN_000471,2024-08-04T18:48:00Z,1584.79,UPI,1265,3247,5,5,False,False,0,0
TXN_001472,2024-08-09T13:23:00Z,65535.58,IMPS,454,467,6,4,False,False,0,0
TXN_000893,2024-02-27T13:09:00Z,17410.87,UPI,3226,1157,0,6,False,False,1,0
TXN_000439,2024-06-30T22:51:00Z,6674.83,IMPS,520,3441,3,3,False,False,0,0
TXN_001998,2024-05-26T10:44:00Z,4555.21,NEFT,1782,3092,17,1,False,False,1,1
TXN_000075,2024-03-29T10:50:00Z,6615.69,RTGS,2043,2379,3,7,False,True,1,0
TXN_000963,2024-08-16T14:49:00Z,2151.3,IMPS,3480,2089,0,3,False,False,0,0
TXN_001744,2024-09-25T16:11:00Z,7856.66,UPI,1424,3039,7,8,False,False,1,0
TXN_000537,2024-07-18T09:48:00Z,6230.91,UPI,2406,1164,6,8,False,False,1,0
TXN_001144,2024-08-28T17:25:00Z,8779.85,RTGS,1971,2788,0,2,False,False,0,0
TXN_000607,2024-12-27T17:59:00Z,3564.03,UPI,3201,2974,0,2,False,False,0,0
TXN_001675,2024-05-23T20:18:00Z,7743.21,NEFT,565,3357,6,2,False,False,1,0
TXN_000090,2024-09-25T17:35:00Z,5986.54,IMPS,3343,824,3,4,False,True,0,0
TXN_000470,2024-06-25T14:02:00Z,4697.07,UPI,1743,43,1,6,False,False,1,0
TXN_000609,2024-03-10T20:18:00Z,41887.59,RTGS,3047,1801,4,1,False,False,1,0
TXN_001731,2024-08-09T20:35:00Z,16264.86,UPI,2505,273,4,4,False,False,1,0
TXN_000373,2024-10-08T18:20:00Z,26120.74,RTGS,2233,251,3,6,False,False,1,0
TXN_000763,2024-11-19T16:08:00Z,6950.76,NEFT,2745,594,3,9,False,False,0,0
TXN_001436,2024-04-09T11:56:00Z,1040.1,UPI,398,2939,1,1,False,False,1,0
TXN_001040,2024-07-17T15:19:00Z,3915.96,IMPS,2416,1349,7,7,False,False,0,0
TXN_000841,2024-07-12T07:21:00Z,9474.43,NEFT,2353,2203,7,3,False,False,0,0
TXN_001712,2024-07-16T09:39:00Z,19498.43,IMPS,407,1679,5,3,False,False,0,0
TXN_001693,2024-10-11T06:54:00Z,11188.33,RTGS,556,3450,3,4,False,False,1,0
TXN_000286,2024-01-25T11:55:00Z,561.28,RTGS,3629,1642,6,1,False,True,0,0
TXN_001637,2024-06-25T06:33:00Z,14496.03,NEFT,633,3084,6,5,False,False,1,0
TXN_001374,2024-08-08T15:00:00Z,17584.53,NEFT,3401,1951,4,7,False,False,1,0
TXN_000703,2024-04-20T11:58:00Z,4610.59,RTGS,3462,752,6,2,False,False,1,0
TXN_000226,2024-04-15T18:40:00Z,3700.65,RTGS,712,1249,6,5,False,False,1,0
TXN_001984,2024-11-13T18:42:00Z,5821.1,UPI,3344,2926,28,4,False,False,0,1
TXN_000718,2024-02-13T13:26:00Z,1990.72,IMPS,1160,1115,2,4,True,False,1,0
TXN_000196,2024-11-25T18:10:00Z,3550.65,RTGS,710,3006,0,6,False,False,0,0
TXN_000593,2024-05-02T10:40:00Z,847.73,UPI,1146,192,5,8,False,False,0,0
TXN_000555,2024-07-14T12:38:00Z,1142.58,IMPS,755,2588,2,9,False,False,0,0
TXN_001388,2024-07-11T21:55:00Z,13973.88,UPI,1130,1998,3,1,False,False,1,0
TXN_001366,2024-04-18T16:21:00Z,1526.61,IMPS,516,589,5,2,True,False,0,0
TXN_000631,2024-03-17T16:01:00Z,7834.26,UPI,1351,1065,4,1,True,False,1,0
TXN_001912,2024-10-07T16:32:00Z,2714.39,RTGS,1239,3123,0,6,False,False,1,0
TXN_000262,2024-08-29T08:44:00Z,1322.81,NEFT,2671,693,6,5,False,False,0,0
TXN_000784,2024-12-16T20:05:00Z,19500.48,RTGS,2160,1193,4,5,True,False,1,0
TXN_001686,2024-12-22T11:02:00Z,3538.89,UPI,461,471,3,6,False,False,1,0
TXN_001716,2024-04-23T06:30:00Z,2100.07,RTGS,1079,3296,7,7,False,False,0,0
TXN_001859,2024-10-21T08:18:00Z,1508.59,NEFT,2830,1395,3,1,False,False,1,0
TXN_001946,2024-01-30T20:02:00Z,32461.9,UPI,2,1232,2,4,True,False,0,1
TXN_000344,2024-05-09T20:04:00Z,11146.39,IMPS,44,2209,3,8,False,False,0,0
TXN_001239,2024-04-02T07:54:00Z,8514.12,NEFT,818,3437,3,8,False,False,0,0
TXN_001534,2024-05-10T14:09:00Z,11030.29,NEFT,2952,3338,6,6,False,False,0,0
TXN_001175,2024-07-21T17:32:00Z,1186.03,UPI,3104,1442,2,1,False,False,1,0
TXN_000336,2024-10-21T15:22:00Z,5010.82,IMPS,3332,1601,1,9,False,False,1,0
TXN_000867,2024-10-01T09:12:00Z,1844.17,UPI,2335,2678,7,6,False,False,0,0
TXN_001191,2024-04-30T14:10:00Z,1925.27,RTGS,2646,1377,1,7,False,True,1,0
TXN_000181,2024-07-08T21:30:00Z,20506.48,IMPS,2128,621,5,7,False,False,0,0
TXN_000024,2024-12-27T10:56:00Z,8394.12,NEFT,192,1111,3,9,False,False,1,0
TXN_000409,2024-12-17T15:04:00Z,52018.41,RTGS,379,3176,0,9,False,False,0,0
TXN_000743,2024-05-20T15:35:00Z,1729.49,IMPS,2705,2624,3,9,False,False,1,0
TXN_001579,2024-10-16T21:10:00Z,2334.35,UPI,2597,2275,3,6,False,False,1,0
TXN_001611,2024-01-27T18:35:00Z,3487.68,IMPS,1975,2621,2,2,False,False,0,0
TXN_000420,2024-05-24T08:11:00Z,1299.11,UPI,284,3115,0,8,False,False,1,0
TXN_000316,2024-04-06T14:27:00Z,22233.04,NEFT,1135,2802,2,8,False,False,0,0
TXN_000423,2024-11-12T08:44:00Z,4514.91,IMPS,164,1866,4,9,False,False,1,0
TXN_000794,2024-12-19T11:41:00Z,102132.65,UPI,2827,527,2,4,False,False,1,0
TXN_000034,2024-12-04T12:25:00Z,4389.12,RTGS,3170,1022,3,5,False,False,0,0
TXN_001392,2024-04-25T09:28:00Z,5075.96,RTGS,883,1362,4,1,False,False,1,0
TXN_001368,2024-04-14T21:29:00Z,4851.47,UPI,1134,247,6,5,False,True,1,0
TXN_000803,2024-06-15T06:15:00Z,3635.66,UPI,3342,3628,2,8,False,False,1,0
TXN_000324,2024-01-22T18:49:00Z,12687.96,RTGS,2151,1725,2,9,False,False,1,0
TXN_001264,2024-06-11T09:41:00Z,5953.05,NEFT,2314,816,1,9,False,False,1,0
TXN_001223,2024-07-08T21:38:00Z,370.62,IMPS,821,559,3,6,False,False,1,0
TXN_000574,2024-03-25T19:15:00Z,4255.2,IMPS,2273,1636,7,8,False,False,1,0
TXN_000253,2024-08-27T10:53:00Z,11009.76,IMPS,66,228,7,6,True,False,0,0
TXN_000733,2024-03-02T06:28:00Z,16170.95,IMPS,605,2171,3,1,False,False,1,0
TXN_000144,2024-10-23T16:20:00Z,1752.77,IMPS,3333,3485,7,3,False,False,1,0
TXN_000495,2024-10-19T12:48:00Z,2245.41,RTGS,629,2340,4,5,False,False,1,0
TXN_000715,2024-12-29T14:49:00Z,17421.15,UPI,276,2383,4,7,False,False,0,0
TXN_001509,2024-01-21T08:34:00Z,21273.62,IMPS,360,224,4,4,True,False,0,0
TXN_000610,2024-09-28T20:58:00Z,7841.35,NEFT,2814,288,4,4,False,False,1,0
TXN_001216,2024-08-08T08:26:00Z,14279.96,NEFT,854,219,5,5,False,False,0,0
TXN_000404,2024-02-24T09:59:00Z,2169.09,NEFT,2266,3329,0,3,False,False,0,0
TXN_001274,2024-02-02T06:33:00Z,3208.12,UPI,2500,1676,0,6,False,True,0,0
TXN_001979,2024-05-05T07:53:00Z,40283.68,IMPS,3,3325,0,2,True,False,0,1
TXN_001664,2024-02-26T14:19:00Z,1603.35,UPI,763,3552,3,8,False,False,1,0
TXN_001818,2024-11-12T15:59:00Z,627.42,NEFT,1227,916,4,8,False,False,0,0
TXN_000582,2024-01-31T14:09:00Z,1340.44,UPI,644,1571,5,7,False,True,0,0
TXN_001462,2024-05-31T09:50:00Z,1017.87,NEFT,1295,442,6,1,False,False,1,0
TXN_001488,2024-01-04T12:24:00Z,11863.34,RTGS,2422,1152,4,3,False,True,1,0
TXN_001518,2024-03-28T22:44:00Z,5317.77,NEFT,1872,2825,6,4,False,False,1,0
TXN_001330,2024-07-25T18:12:00Z,2781.54,NEFT,1129,1418,1,4,False,False,0,0
TXN_001415,2024-09-11T18:34:00Z,8530.05,RTGS,2159,3566,4,6,False,False,1,0
TXN_001575,2024-06-14T12:31:00Z,3495.98,IMPS,1288,1887,1,2,False,False,0,0
TXN_000395,2024-04-26T11:50:00Z,908.87,IMPS,3622,693,2,5,False,False,0,0
TXN_000856,2024-08-04T12:26:00Z,430.88,NEFT,3348,1915,4,6,False,False,0,0
TXN_000115,2024-09-23T17:32:00Z,32007.51,RTGS,1638,408,6,9,False,False,1,0
TXN_001233,2024-11-07T18:29:00Z,53207.04,RTGS,936,263,5,7,False,False,1,0
TXN_001382,2024-06-01T15:34:00Z,6360.55,NEFT,1624,738,0,4,False,False,0,0
TXN_000576,2024-05-17T18:50:00Z,14558.09,RTGS,398,2371,7,3,False,False,0,0
TXN_001317,2024-08-06T16:00:00Z,2526.69,NEFT,3649,2881,4,3,False,False,1,0
TXN_001857,2024-09-11T14:04:00Z,2150.39,UPI,3007,2998,0,3,True,False,1,0
TXN_001152,2024-11-03T15:25:00Z,3519.55,IMPS,1038,3375,7,4,False,False,1,0
TXN_000434,2024-01-02T06:04:00Z,1514.26,IMPS,289,82,3,8,False,False,0,0
TXN_001450,2024-05-14T12:28:00Z,303.33,UPI,269,2703,5,6,False,False,0,0
TXN_001335,2024-07-14T11:57:00Z,682.12,UPI,1335,2414,0,3,False,False,0,0
TXN_001296,2024-09-29T16:48:00Z,8568.03,UPI,2436,3591,7,4,False,False,1,0
TXN_000441,2024-07-18T15:47:00Z,11962.57,NEFT,1787,261,1,7,False,True,1,0
TXN_001564,2024-06-19T14:04:00Z,6045.05,UPI,3416,1910,0,4,False,True,1,0
TXN_000588,2024-04-15T06:00:00Z,4614.07,IMPS,1133,2360,1,5,False,False,1,0
TXN_001439,2024-12-15T22:59:00Z,17471.36,UPI,2148,1586,5,3,False,False,0,0
TXN_000729,2024-03-17T21:05:00Z,16150.77,IMPS,2415,3645,6,1,True,False,1,0
TXN_001812,2024-12-23T13:09:00Z,13434.47,IMPS,3443,3135,0,5,False,True,1,0
TXN_001750,2024-02-02T10:37:00Z,1974.12,NEFT,1127,320,3,7,False,False,0,0
TXN_001718,2024-06-10T22:05:00Z,5475.21,NEFT,249,3543,0,6,False,False,1,0
TXN_000783,2024-03-22T09:29:00Z,554.18,RTGS,1323,1812,3,1,False,False,1,0
TXN_001666,2024-03-20T15:22:00Z,1759.71,NEFT,1148,1976,7,3,False,False,0,0
TXN_001226,2024-10-17T06:44:00Z,20419.48,RTGS,3624,87,6,7,False,False,0,0
TXN_000711,2024-01-16T17:36:00Z,14200.4,RTGS,3103,1109,3,1,False,False,0,0
TXN_001751,2024-11-06T10:08:00Z,4629.9,IMPS,182,458,0,5,False,False,1,0
TXN_000220,2024-07-15T21:48:00Z,6945.59,NEFT,1022,459,2,3,False,False,0,0
TXN_001643,2024-12-02T21:18:00Z,2445.05,RTGS,1141,1953,0,2,False,False,0,0
TXN_000695,2024-07-23T11:52:00Z,1714.18,UPI,1581,1769,6,4,False,True,0,0
TXN_000785,2024-02-12T11:08:00Z,9698.15,RTGS,3507,251,1,8,True,False,1,0
TXN_000103,2024-07-26T07:13:00Z,527.53,NEFT,1818,47,2,8,False,False,1,0
TXN_000813,2024-12-23T10:00:00Z,48492.44,UPI,3421,2203,4,1,False,False,0,0
TXN_001614,2024-07-27T12:38:00Z,644.38,UPI,579,3456,3,6,False,False,0,0
TXN_001819,2024-01-11T08:20:00Z,635.66,NEFT,3553,640,7,5,False,False,0,0
TXN_001054,2024-07-27T13:39:00Z,4211.47,RTGS,2975,3441,4,1,False,False,1,0
TXN_001576,2024-03-16T10:22:00Z,8319.08,UPI,895,1730,2,8,False,False,0,0
TXN_001326,2024-11-16T07:59:00Z,1162.8,NEFT,2355,3393,0,5,False,False,1,0
TXN_000107,2024-04-25T20:07:00Z,24853.41,RTGS,885,486,6,2,False,False,1,0
TXN_001304,2024-04-04T18:13:00Z,1343.38,NEFT,2528,768,0,1,False,False,0,0
TXN_000001,2024-10-09T07:39:00Z,12094.93,IMPS,341,2554,1,1,False,False,1,0
TXN_000372,2024-06-16T07:44:00Z,1030.38,RTGS,3094,325,4,5,False,False,1,0
TXN_000233,2024-09-28T12:55:00Z,48218.06,NEFT,475,1657,0,6,False,False,1,0
TXN_000160,2024-04-01T10:44:00Z,1506.9,NEFT,2024,1419,6,4,True,True,1,0
TXN_001648,2024-01-02T12:13:00Z,59456.47,NEFT,2173,2362,5,1,False,False,1,0
TXN_001736,2024-04-08T15:18:00Z,2363.59,IMPS,2170,1987,7,9,True,False,0,0
TXN_000531,2024-12-27T07:28:00Z,2289.77,RTGS,1994,1561,5,1,False,False,0,0
TXN_000387,2024-05-18T14:40:00Z,18311.36,NEFT,2176,238,3,9,False,False,1,0
TXN_000137,2024-12-11T12:42:00Z,23807.82,IMPS,1457,1489,7,6,False,False,1,0
TXN_000299,2024-05-14T13:32:00Z,6048.76,IMPS,711,742,5,3,False,False,0,0
TXN_001159,2024-02-17T13:23:00Z,842.75,RTGS,1426,44,5,1,False,True,0,0
TXN_000231,2024-01-19T20:21:00Z,4079.38,NEFT,1929,3167,1,7,False,False,1,0
TXN_001038,2024-12-19T10:11:00Z,2617.95,RTGS,1312,2552,3,1,False,False,0,0
TXN_000710,2024-05-27T08:21:00Z,7751.97,IMPS,2546,2637,5,3,False,False,1,0
TXN_001080,2024-10-18T15:20:00Z,3220.33,IMPS,2655,1372,3,9,False,False,1,0
TXN_000654,2024-11-14T21:19:00Z,7482.0,IMPS,2740,461,5,6,False,False,1,0
TXN_000991,2024-05-14T12:35:00Z,10292.18,IMPS,1972,898,5,3,False,False,1,0
TXN_000481,2024-08-12T14:00:00Z,31997.85,RTGS,2110,2544,3,4,False,False,0,0
TXN_001000,2024-10-11T18:30:00Z,98010.25,IMPS,2464,3327,2,6,False,False,0,0
TXN_000678,2024-02-12T12:59:00Z,2876.59,UPI,2525,3291,5,6,False,False,1,0
TXN_001253,2024-09-25T13:38:00Z,42794.43,NEFT,267,229,3,1,False,False,0,0
TXN_000756,2024-05-20T18:22:00Z,38452.45,NEFT,1380,3155,1,7,False,True,1,0
TXN_000389,2024-09-15T10:46:00Z,4567.76,RTGS,3192,612,0,7,False,False,0,0
TXN_001824,2024-08-20T07:31:00Z,451.84,UPI,2497,2439,5,1,False,False,1,0
TXN_000310,2024-05-25T10:59:00Z,1060.29,UPI,747,511,4,4,False,False,0,0
TXN_001236,2024-12-07T07:24:00Z,2721.44,RTGS,2576,335,0,2,False,False,0,0
TXN_001115,2024-06-30T17:07:00Z,708.88,NEFT,3070,1161,4,2,False,False,0,0
TXN_000283,2024-04-11T11:16:00Z,4715.59,UPI,1543,1424,7,4,False,True,1,0
TXN_000761,2024-10-28T14:13:00Z,1386.02,RTGS,3557,393,5,7,False,True,1,0
TXN_000795,2024-01-18T12:44:00Z,457.42,NEFT,677,3537,5,2,False,False,1,0
TXN_000750,2024-11-08T07:06:00Z,2016.33,NEFT,980,420,5,5,False,False,0,0
TXN_001113,2024-12-24T21:51:00Z,4732.24,UPI,2004,1240,2,2,False,False,0,0
TXN_000278,2024-07-04T09:40:00Z,6998.92,NEFT,1315,1479,2,3,False,False,1,0
TXN_000579,2024-03-07T15:59:00Z,3564.39,UPI,2151,218,3,9,False,False,1,0
TXN_000177,2024-05-16T22:51:00Z,6024.85,NEFT,2462,611,3,7,False,False,0,0
TXN_001523,2024-05-14T19:19:00Z,1234.51,UPI,3018,837,4,1,False,True,0,0
TXN_001337,2024-03-04T13:39:00Z,4266.86,UPI,2781,2694,3,9,False,False,1,0
TXN_000713,2024-08-05T16:19:00Z,57170.19,IMPS,1069,2995,3,6,False,False,1,0
TXN_001516,2024-12-15T22:47:00Z,3161.28,RTGS,628,1111,1,9,False,False,1,0
TXN_000483,2024-09-02T09:54:00Z,2255.5,NEFT,764,415,6,9,False,False,0,0
TXN_000767,2024-11-28T10:20:00Z,15837.96,NEFT,3005,1731,5,4,False,False,1,0
TXN_001570,2024-02-07T16:31:00Z,1322.23,RTGS,3080,1980,7,8,False,False,0,0
TXN_000385,2024-02-16T18:11:00Z,44827.67,UPI,2092,2265,5,6,False,True,0,0
TXN_001938,2024-04-28T19:19:00Z,12642.81,IMPS,2406,1710,6,5,False,False,0,0
TXN_000162,2024-10-02T12:16:00Z,8110.92,UPI,1169,1660,4,6,False,True,1,0
TXN_001015,2024-11-25T15:57:00Z,1291.65,UPI,1824,1872,4,7,False,False,0,0
TXN_000415,2024-02-28T08:45:00Z,6254.27,NEFT,3641,1017,5,2,False,False,1,0
TXN_001101,2024-05-15T17:50:00Z,96392.88,IMPS,2824,3381,6,3,False,False,0,0
TXN_001170,2024-07-29T18:33:00Z,332.8,IMPS,1758,2150,4,3,False,False,0,0
TXN_001005,2024-04-18T17:37:00Z,10693.95,UPI,3201,3358,0,3,False,False,0,0
TXN_001095,2024-03-25T08:32:00Z,4198.45,UPI,1134,2230,7,9,False,False,0,0
TXN_001294,2024-09-26T16:56:00Z,3961.58,UPI,1393,2924,7,4,False,False,0,0
TXN_001385,2024-12-18T16:59:00Z,393.36,IMPS,3452,94,2,7,False,False,0,0
TXN_001799,2024-03-15T12:59:00Z,32697.21,RTGS,55,1686,1,7,False,False,1,0
TXN_000390,2024-05-30T17:35:00Z,193191.55,IMPS,2554,1892,4,6,False,False,0,0
TXN_000782,2024-01-29T08:09:00Z,579.36,NEFT,2228,1621,1,1,False,False,1,0
TXN_000017,2024-08-01T08:05:00Z,1439.14,NEFT,2772,1535,6,1,False,False,1,0
TXN_001179,2024-05-21T19:58:00Z,753.88,RTGS,118,274,4,5,False,False,0,0
TXN_000378,2024-06-29T17:16:00Z,116039.85,NEFT,195,718,6,4,False,False,0,0
TXN_000604,2024-09-13T20:08:00Z,48510.63,RTGS,206,708,0,4,False,False,1,0
TXN_001362,2024-10-05T10:20:00Z,646.77,NEFT,2873,3573,0,8,True,False,0,0
TXN_001743,2024-01-20T22:59:00Z,13479.08,UPI,1814,3055,4,5,False,False,1,0
TXN_001128,2024-01-22T13:16:00Z,1492.94,UPI,99,3038,1,6,False,False,1,0
TXN_001620,2024-02-21T12:00:00Z,9795.3,UPI,563,1032,0,5,False,True,1,0
TXN_001616,2024-04-17T07:50:00Z,31243.17,NEFT,464,474,7,1,False,False,0,0
TXN_001204,2024-06-21T12:05:00Z,1417.3,UPI,3359,1894,6,3,False,False,1,0
TXN_000968,2024-03-25T18:45:00Z,4004.47,IMPS,2407,1964,4,5,False,True,1,0
TXN_001830,2024-05-16T17:37:00Z,8076.12,UPI,1395,3188,2,7,False,False,0,0
TXN_000287,2024-10-08T17:44:00Z,26398.39,RTGS,1910,3131,2,1,False,False,1,0
TXN_000596,2024-08-23T10:49:00Z,349.59,IMPS,1692,3230,5,8,False,False,1,0
TXN_001767,2024-08-27T11:16:00Z,3937.43,UPI,3410,959,6,4,False,False,0,0
TXN_000202,2024-03-22T18:53:00Z,4042.59,NEFT,430,391,7,8,False,False,0,0
TXN_001877,2024-04-09T11:53:00Z,3405.23,IMPS,987,1478,2,5,False,False,1,0
TXN_001955,2024-07-04T08:51:00Z,2406.01,RTGS,4,3427,6,8,True,False,0,1
TXN_001560,2024-04-13T12:57:00Z,578.4,UPI,3057,3281,7,1,False,False,1,0
TXN_001221,2024-06-29T06:34:00Z,3449.16,RTGS,1674,1575,4,1,False,False,0,0
TXN_000600,2024-05-20T09:45:00Z,22562.66,RTGS,2162,2846,4,8,False,False,1,0
TXN_001125,2024-01-29T14:18:00Z,3855.72,RTGS,1995,2403,5,5,False,False,1,0
TXN_000058,2024-11-04T19:41:00Z,24178.6,IMPS,175,1681,1,2,False,False,0,0
TXN_001355,2024-12-12T07:40:00Z,1922.17,UPI,681,1736,6,1,False,True,0,0
TXN_000476,2024-08-06T11:23:00Z,27694.11,IMPS,959,2666,5,2,False,False,0,0
TXN_000020,2024-02-28T21:34:00Z,380.52,RTGS,996,3482,2,5,False,True,1,0
TXN_000900,2024-08-04T16:54:00Z,2620.13,NEFT,1178,2946,5,1,False,False,1,0
TXN_000052,2024-08-25T12:59:00Z,13741.18,RTGS,3473,1564,0,3,False,False,1,0
TXN_000850,2024-07-08T20:16:00Z,4740.85,RTGS,3564,1454,1,4,False,False,0,0
TXN_001517,2024-05-15T15:19:00Z,909.75,NEFT,188,591,1,1,False,False,0,0
TXN_000556,2024-05-06T15:36:00Z,13804.38,RTGS,2397,2489,7,2,False,False,1,0
TXN_000492,2024-12-27T18:25:00Z,1961.38,NEFT,201,1780,0,1,False,False,0,0
TXN_000425,2024-01-10T16:14:00Z,1098.29,NEFT,812,2375,6,4,False,True,1,0
TXN_000598,2024-09-29T22:06:00Z,6117.24,UPI,1324,3636,3,1,False,False,0,0
TXN_001789,2024-10-17T07:58:00Z,42148.54,NEFT,1044,227,1,5,False,False,0,0
TXN_000354,2024-05-29T12:33:00Z,17084.86,RTGS,847,1170,6,7,False,False,0,0
TXN_001168,2024-01-06T20:14:00Z,525.56,IMPS,598,2097,7,2,False,False,0,0
TXN_001762,2024-01-26T17:00:00Z,827.87,IMPS,2552,657,0,7,False,False,1,0
TXN_000994,2024-05-03T16:10:00Z,17352.14,IMPS,1309,2982,3,4,False,False,0,0
TXN_000047,2024-04-02T07:43:00Z,2196.52,NEFT,1914,2260,1,2,False,False,0,0
TXN_000740,2024-04-16T17:08:00Z,16443.22,IMPS,1347,2306,0,3,False,False,0,0
TXN_000120,2024-06-23T09:31:00Z,2436.09,IMPS,969,493,0,1,False,False,0,0
TXN_000037,2024-03-04T09:49:00Z,8654.6,UPI,1897,2494,6,4,False,False,1,0
TXN_001344,2024-06-27T22:51:00Z,1406.77,IMPS,1381,1614,2,8,False,True,0,0
TXN_001869,2024-02-08T21:23:00Z,17913.43,UPI,1456,2758,4,4,False,False,0,0
TXN_001120,2024-03-06T20:20:00Z,13414.71,UPI,1044,85,6,5,False,False,1,0
TXN_001389,2024-01-14T17:41:00Z,40881.27,RTGS,856,200,7,3,False,False,0,0
TXN_001433,2024-05-02T07:46:00Z,1478.8,RTGS,1465,2723,1,5,False,False,1,0
TXN_001443,2024-06-14T09:14:00Z,18219.88,IMPS,926,2652,4,9,False,False,0,0
TXN_000907,2024-07-02T18:23:00Z,5515.23,UPI,2149,718,0,2,False,False,1,0
TXN_000822,2024-10-13T13:25:00Z,349.78,NEFT,2588,2170,2,9,False,True,0,0
TXN_000190,2024-04-12T12:21:00Z,5502.84,UPI,354,2650,0,6,False,False,1,0
TXN_001982,2024-05-18T19:18:00Z,3600.16,RTGS,3,1286,7,8,True,False,0,1
TXN_001035,2024-11-14T13:39:00Z,19444.66,UPI,309,2793,1,3,False,False,0,0
TXN_001377,2024-09-05T15:45:00Z,8096.4,IMPS,485,2470,7,7,False,False,1,0
TXN_000303,2024-10-02T13:35:00Z,1313.45,RTGS,192,161,0,6,False,False,1,0
TXN_000826,2024-04-15T09:08:00Z,1390.87,IMPS,1462,316,2,9,False,True,0,0
TXN_001328,2024-07-04T20:48:00Z,39539.32,NEFT,1242,1467,2,5,False,False,0,0
TXN_001793,2024-02-24T22:06:00Z,32444.4,NEFT,3301,711,1,8,False,False,0,0
TXN_000998,2024-01-28T06:30:00Z,1143.32,NEFT,711,1357,3,9,False,False,1,0
TXN_001061,2024-07-10T14:42:00Z,3937.45,UPI,2498,3286,6,8,False,False,0,0
TXN_000545,2024-03-09T13:09:00Z,14389.62,UPI,805,2169,1,6,False,False,0,0
TXN_001391,2024-12-21T21:42:00Z,5965.14,NEFT,2006,2582,5,3,False,False,1,0
TXN_000029,2024-07-31T19:25:00Z,3291.35,UPI,120,2619,0,7,False,False,1,0
TXN_001786,2024-02-29T20:29:00Z,1057.63,RTGS,1121,1120,2,7,False,False,0,0
TXN_000671,2024-02-25T09:10:00Z,6152.23,IMPS,1553,919,1,9,False,False,1,0
TXN_000650,2024-09-12T11:51:00Z,17530.62,RTGS,424,421,5,8,False,False,0,0
TXN_001265,2024-03-08T17:27:00Z,690.63,NEFT,609,2170,1,4,False,False,0,0
TXN_000714,2024-06-24T21:53:00Z,13611.09,UPI,1578,1437,6,1,False,False,1,0
TXN_001906,2024-09-20T16:18:00Z,9041.28,UPI,1428,1577,2,9,True,False,0,0
TXN_000753,2024-11-28T18:47:00Z,4054.36,RTGS,2864,2733,5,4,True,False,0,0
TXN_000143,2024-08-10T22:21:00Z,12923.65,IMPS,3097,3121,2,3,False,False,0,0
TXN_000225,2024-07-02T11:40:00Z,19999.16,NEFT,3134,1460,6,8,False,False,1,0
TXN_001484,2024-10-05T10:11:00Z,1881.01,IMPS,935,2954,7,5,False,True,1,0
TXN_000288,2024-08-28T06:26:00Z,6237.25,RTGS,1451,3108,3,1,False,False,1,0
TXN_001996,2024-01-13T15:16:00Z,1965.56,RTGS,3391,805,24,6,False,False,1,1
TXN_000909,2024-09-28T07:45:00Z,191.02,IMPS,468,962,6,9,False,False,0,0
TXN_000356,2024-04-14T13:23:00Z,529.44,IMPS,2136,850,4,2,False,False,0,0
TXN_001931,2024-03-20T10:38:00Z,1273.55,UPI,1010,378,5,6,False,False,0,0
TXN_001705,2024-11-02T22:26:00Z,7318.68,RTGS,1329,2719,4,2,False,False,0,0
TXN_000185,2024-09-14T09:32:00Z,4311.43,IMPS,1437,193,2,9,False,False,0,0
TXN_001941,2024-12-23T02:17:00Z,88200.2,RTGS,2904,860,2,5,False,False,1,1
TXN_001094,2024-02-09T11:55:00Z,6360.31,IMPS,527,2947,5,2,False,False,0,0
TXN_001886,2024-03-14T11:26:00Z,1267.21,UPI,2897,1261,5,5,False,False,1,0
TXN_001539,2024-10-21T14:49:00Z,1307.83,UPI,3315,822,0,6,False,False,1,0
TXN_001030,2024-07-17T13:30:00Z,10984.78,NEFT,2984,2409,7,2,False,False,1,0
TXN_001815,2024-03-02T06:05:00Z,17645.11,IMPS,2192,701,4,9,False,False,0,0
TXN_001195,2024-08-21T11:56:00Z,655.04,RTGS,3562,2739,4,3,False,True,0,0
TXN_001434,2024-12-28T10:14:00Z,19588.42,NEFT,3175,2618,5,1,True,False,0,0
TXN_001428,2024-01-11T12:43:00Z,5187.53,NEFT,3436,3376,6,6,False,False,0,0
TXN_001065,2024-10-10T19:01:00Z,1524.42,NEFT,820,2981,3,8,False,False,1,0
TXN_001353,2024-09-07T18:24:00Z,1441.31,UPI,1747,1000,4,6,False,False,1,0
TXN_000960,2024-11-13T19:04:00Z,18357.21,RTGS,2620,3385,2,2,False,False,0,0
TXN_000016,2024-10-22T11:34:00Z,2409.13,IMPS,3130,100,6,5,False,False,1,0
TXN_000237,2024-09-17T21:24:00Z,14728.64,IMPS,637,1722,0,2,False,False,0,0
TXN_001050,2024-01-29T17:32:00Z,3756.42,IMPS,403,2553,1,9,False,False,0,0
TXN_001384,2024-12-30T17:38:00Z,3804.97,RTGS,1864,2769,0,2,False,False,0,0
TXN_000325,2024-08-30T09:24:00Z,4656.44,IMPS,1405,3641,3,2,False,False,0,0
TXN_001831,2024-08-09T11:49:00Z,5025.21,NEFT,2752,1366,1,4,False,False,0,0
TXN_001794,2024-08-19T16:25:00Z,5634.32,NEFT,1572,1686,0,8,False,False,1,0
TXN_000911,2024-08-07T10:47:00Z,91282.96,UPI,308,1541,4,2,False,False,1,0
TXN_000658,2024-12-06T22:31:00Z,12206.16,UPI,2184,1745,6,8,False,False,1,0
TXN_000269,2024-04-12T10:25:00Z,37643.06,UPI,1138,1382,2,6,False,True,0,0
TXN_000008,2024-10-11T19:39:00Z,855.27,IMPS,2856,2041,3,5,False,False,1,0
TXN_000342,2024-09-22T06:05:00Z,6370.58,UPI,3633,1395,0,6,False,False,1,0
TXN_001351,2024-02-23T08:00:00Z,4917.57,NEFT,1874,1981,0,1,False,False,0,0
TXN_000969,2024-02-27T18:46:00Z,8120.44,UPI,671,3337,2,8,False,False,1,0
TXN_001707,2024-07-25T21:01:00Z,1829.99,IMPS,2683,835,4,2,False,False,0,0
TXN_000134,2024-10-14T08:37:00Z,6423.68,UPI,3367,2374,2,4,False,False,1,0
TXN_000834,2024-09-19T17:27:00Z,28071.38,UPI,300,597,6,5,True,False,0,0
TXN_000254,2024-07-08T08:36:00Z,10793.96,NEFT,1633,1415,0,5,False,True,1,0
TXN_001649,2024-12-07T17:52:00Z,3250.55,NEFT,3525,778,7,6,False,False,0,0
TXN_000618,2024-06-07T14:02:00Z,7050.53,NEFT,3631,2533,7,2,False,False,0,0
TXN_000605,2024-04-10T14:42:00Z,4700.42,RTGS,486,2657,3,3,False,False,0,0
TXN_000097,2024-03-30T06:34:00Z,1638.95,UPI,985,1898,6,3,False,False,1,0
TXN_000339,2024-07-11T08:53:00Z,13073.98,IMPS,1638,655,4,3,False,False,0,0
TXN_000558,2024-05-30T07:43:00Z,9513.0,NEFT,3055,3294,2,9,False,False,1,0
TXN_000032,2024-03-07T16:55:00Z,3481.23,IMPS,1721,2326,6,8,False,False,0,0
TXN_001773,2024-11-12T21:01:00Z,1508.38,NEFT,3146,449,2,1,False,True,1,0
TXN_001024,2024-04-19T10:35:00Z,2001.18,NEFT,3035,799,0,3,False,False,1,0
TXN_000232,2024-05-29T15:46:00Z,84925.35,RTGS,865,1505,0,4,False,False,1,0
TXN_000864,2024-08-26T10:39:00Z,16620.6,NEFT,610,1206,6,1,False,False,0,0
TXN_001283,2024-11-11T21:46:00Z,1976.3,IMPS,135,1842,1,2,False,False,1,0
TXN_000538,2024-07-07T13:45:00Z,4683.9,NEFT,3377,2747,3,5,False,False,0,0
TXN_000828,2024-07-16T09:26:00Z,1338.53,RTGS,811,1028,4,1,False,False,0,0
TXN_001325,2024-01-06T16:33:00Z,822.71,UPI,2406,2275,6,2,False,False,1,0
TXN_001255,2024-08-01T18:38:00Z,5882.83,IMPS,725,2041,7,3,False,False,1,0
TXN_001860,2024-02-08T09:43:00Z,4846.42,UPI,2049,3071,2,9,False,False,0,0
TXN_000548,2024-11-12T10:35:00Z,772.03,RTGS,1181,1917,3,7,False,False,1,0
TXN_001911,2024-11-26T08:04:00Z,1412.51,IMPS,2956,1561,6,7,False,True,0,0
TXN_000706,2024-02-29T11:00:00Z,4571.62,UPI,3645,2151,2,9,False,False,0,0
TXN_000503,2024-01-29T16:48:00Z,479.86,RTGS,2421,337,3,8,False,False,0,0
TXN_001806,2024-12-11T14:57:00Z,922.32,UPI,2867,3400,5,2,True,False,1,0
TXN_000086,2024-02-07T09:37:00Z,2896.38,IMPS,46,3475,4,3,True,False,1,0
TXN_000335,2024-03-25T17:19:00Z,4082.51,RTGS,105,850,7,5,False,False,0,0
TXN_000901,2024-05-23T10:02:00Z,6421.96,IMPS,3263,1712,7,9,False,False,1,0
TXN_000148,2024-04-14T22:11:00Z,6451.99,UPI,1560,1481,4,8,False,True,1,0
TXN_000974,2024-03-15T11:02:00Z,14630.65,IMPS,1452,3533,7,8,False,False,1,0
TXN_000895,2024-06-03T11:01:00Z,2853.11,IMPS,936,1025,1,7,False,False,1,0
TXN_000810,2024-12-09T07:05:00Z,10892.81,NEFT,1809,424,1,8,False,True,0,0
TXN_001186,2024-12-20T13:15:00Z,9773.15,RTGS,824,742,6,9,False,False,1,0
TXN_000749,2024-09-25T11:37:00Z,2390.28,RTGS,2354,1129,1,4,False,False,0,0
TXN_001674,2024-04-28T20:46:00Z,33741.78,RTGS,2318,2749,5,8,False,False,1,0
TXN_000641,2024-03-27T09:43:00Z,12726.18,NEFT,3299,2029,2,7,False,False,0,0
TXN_001986,2024-11-09T07:44:00Z,1891.43,RTGS,1343,2993,39,8,False,False,1,1
TXN_000240,2024-04-13T15:37:00Z,74695.34,UPI,2287,3377,1,3,False,False,1,0
TXN_001323,2024-07-19T09:58:00Z,24658.82,UPI,1240,2977,6,5,False,False,0,0
TXN_001653,2024-09-17T22:04:00Z,322.91,NEFT,2902,95,6,5,False,False,0,0
TXN_001319,2024-11-21T19:29:00Z,9846.91,UPI,2025,2183,5,1,False,False,1,0
TXN_001820,2024-11-22T11:00:00Z,25883.36,UPI,430,2030,1,9,False,False,0,0
TXN_001882,2024-09-05T18:51:00Z,49509.71,RTGS,3458,565,3,5,False,False,1,0
TXN_001625,2024-09-20T07:36:00Z,47060.01,UPI,1753,76,5,5,False,False,0,0
TXN_000926,2024-12-19T10:33:00Z,593.16,UPI,3321,1084,2,4,False,False,0,0
TXN_000530,2024-08-05T07:26:00Z,1142.98,UPI,877,62,2,2,False,False,0,0
TXN_001791,2024-01-19T17:56:00Z,12909.25,UPI,1074,2175,0,5,False,False,0,0
TXN_000343,2024-07-17T12:09:00Z,3796.01,NEFT,2929,3139,7,2,False,True,0,0
TXN_001572,2024-03-28T11:47:00Z,3374.84,UPI,2547,2603,2,8,False,False,0,0
TXN_001772,2024-09-07T14:15:00Z,1836.8,IMPS,1681,1102,2,2,False,False,0,0
TXN_000406,2024-10-15T21:14:00Z,4413.06,IMPS,383,3016,5,1,False,False,1,0
TXN_000374,2024-07-27T11:43:00Z,17244.74,RTGS,630,109,0,2,False,True,1,0
TXN_001303,2024-01-07T19:09:00Z,15475.58,IMPS,676,1491,2,1,False,False,0,0
TXN_000879,2024-09-24T20:04:00Z,12585.82,UPI,427,830,4,1,True,False,0,0
TXN_001300,2024-06-15T15:46:00Z,19374.07,IMPS,457,908,5,8,False,False,1,0
TXN_001919,2024-05-15T21:55:00Z,371.71,NEFT,3299,2364,0,2,False,False,1,0
TXN_001413,2024-09-06T08:41:00Z,2513.26,UPI,1188,3125,4,6,False,False,1,0
TXN_001913,2024-11-22T16:40:00Z,451.54,NEFT,2158,2408,5,2,False,False,0,0
TXN_001156,2024-02-02T06:49:00Z,5441.12,NEFT,1212,725,0,7,False,False,0,0
TXN_000964,2024-09-12T13:59:00Z,4435.13,UPI,742,3096,6,9,False,False,1,0
TXN_000280,2024-12-13T08:14:00Z,7629.22,IMPS,2951,3311,7,3,False,False,1,0
TXN_001897,2024-12-29T07:12:00Z,12252.66,IMPS,3106,2520,4,2,False,False,1,0
TXN_001902,2024-09-11T06:10:00Z,3403.38,UPI,1777,3362,7,4,False,False,0,0
TXN_001528,2024-09-06T07:01:00Z,3842.48,RTGS,646,1479,5,8,True,False,0,0
TXN_000003,2024-03-23T13:05:00Z,1555.17,NEFT,3137,3026,2,6,False,False,0,0
TXN_001256,2024-03-05T09:33:00Z,1949.24,NEFT,2583,1466,2,5,False,False,1,0
TXN_000572,2024-03-04T13:35:00Z,7200.81,IMPS,2520,2998,3,3,False,False,1,0
TXN_001863,2024-10-14T16:43:00Z,8522.03,RTGS,2102,1535,7,4,False,False,0,0
TXN_001146,2024-08-14T07:06:00Z,4423.92,RTGS,2097,1418,5,8,False,False,0,0
TXN_001973,2024-11-10T04:03:00Z,118783.37,IMPS,1631,1111,1,2,False,True,1,1
TXN_001075,2024-12-27T16:36:00Z,933.06,UPI,1154,308,5,6,False,False,1,0
TXN_000526,2024-05-02T13:57:00Z,11578.86,RTGS,2617,434,0,1,False,False,1,0
TXN_000460,2024-08-19T22:46:00Z,1543.77,UPI,3296,141,0,1,False,False,1,0
TXN_001775,2024-09-24T18:47:00Z,23073.25,NEFT,681,2044,2,2,False,False,0,0
TXN_000182,2024-07-31T06:27:00Z,6985.0,RTGS,805,1649,1,6,False,True,0,0
TXN_001907,2024-12-22T21:03:00Z,6097.19,RTGS,364,2748,4,6,False,False,1,0
TXN_001943,2024-09-07T02:48:00Z,172509.17,RTGS,2366,2786,6,5,False,False,1,1
TXN_000586,2024-08-05T06:16:00Z,18313.08,RTGS,2185,2022,7,5,False,False,0,0
TXN_001809,2024-12-19T17:55:00Z,15679.52,IMPS,3246,3360,1,5,False,False,1,0
TXN_000852,2024-04-24T08:12:00Z,4723.23,UPI,1929,579,1,2,False,False,1,0
TXN_001866,2024-10-13T21:18:00Z,61424.2,IMPS,1156,432,4,5,False,False,1,0
TXN_001721,2024-07-07T19:12:00Z,2119.28,IMPS,3510,1437,3,2,False,False,0,0
TXN_000451,2024-12-10T21:31:00Z,3987.78,IMPS,3212,530,3,7,False,True,0,0
TXN_001282,2024-04-25T16:01:00Z,11526.12,RTGS,1099,3028,5,2,False,False,0,0
TXN_000505,2024-01-09T06:49:00Z,10060.13,UPI,460,2394,4,6,False,False,0,0
TXN_000073,2024-05-23T20:19:00Z,5754.76,UPI,179,1600,3,5,False,False,0,0
TXN_000889,2024-06-15T07:35:00Z,4166.14,NEFT,1815,2179,0,8,False,False,0,0
TXN_000639,2024-03-17T08:25:00Z,2099.07,UPI,1740,2979,7,7,False,False,0,0
TXN_001102,2024-02-10T12:30:00Z,17037.76,NEFT,636,554,3,4,False,False,1,0
TXN_000722,2024-12-02T06:55:00Z,7917.21,RTGS,3471,1102,6,6,False,False,1,0
TXN_001542,2024-05-04T12:28:00Z,11720.83,RTGS,353,613,6,9,False,False,0,0
TXN_001185,2024-10-23T07:52:00Z,928.84,IMPS,3108,1364,2,5,False,False,1,0
TXN_000971,2024-01-29T06:37:00Z,5997.79,RTGS,790,1681,6,6,False,False,0,0
TXN_001062,2024-09-07T13:23:00Z,3210.83,IMPS,3385,1474,7,6,False,False,1,0
TXN_000044,2024-12-16T15:50:00Z,8323.11,UPI,2941,2031,4,7,False,False,1,0
TXN_001470,2024-05-27T13:19:00Z,1420.42,UPI,810,323,2,6,False,False,1,0
TXN_000326,2024-11-01T14:34:00Z,2892.01,IMPS,1493,3108,4,7,False,False,1,0
TXN_000653,2024-11-16T11:30:00Z,9848.99,UPI,1678,814,6,2,False,False,1,0
TXN_001267,2024-01-12T20:49:00Z,2995.57,NEFT,3396,2106,0,5,False,False,0,0
TXN_001577,2024-07-13T19:27:00Z,716038.83,RTGS,2743,1355,5,6,False,False,1,0
TXN_001768,2024-10-19T17:39:00Z,7275.67,RTGS,3528,359,7,2,False,False,1,0
TXN_000464,2024-03-13T17:44:00Z,3165.22,IMPS,2731,2893,1,6,False,True,0,0
TXN_000625,2024-09-01T12:25:00Z,23055.95,IMPS,888,1930,7,7,False,False,1,0
TXN_000133,2024-08-21T10:45:00Z,955.57,UPI,1045,1046,7,1,False,False,0,0
TXN_001896,2024-12-23T16:49:00Z,26702.21,IMPS,2314,756,4,7,False,False,1,0
TXN_001868,2024-06-24T20:57:00Z,2595.52,UPI,1466,692,0,9,False,False,1,0
TXN_001692,2024-02-20T20:39:00Z,2178.48,RTGS,2379,1186,7,6,False,False,0,0
TXN_000958,2024-10-12T17:41:00Z,12342.53,RTGS,50,1981,7,8,False,False,1,0
TXN_001850,2024-07-01T22:37:00Z,2424.74,IMPS,2066,2020,2,1,False,False,1,0
TXN_001213,2024-07-26T08:59:00Z,2698.76,NEFT,2204,2235,1,9,False,False,0,0
TXN_000720,2024-07-02T09:49:00Z,7031.23,UPI,2834,2517,2,6,False,False,0,0
TXN_001176,2024-07-28T08:41:00Z,2247.13,IMPS,527,1316,1,9,False,False,1,0
TXN_000083,2024-06-27T22:52:00Z,6568.18,RTGS,1207,3570,1,4,False,True,0,0
TXN_000112,2024-12-03T13:30:00Z,3856.44,UPI,2911,1327,4,4,False,False,0,0
TXN_000211,2024-04-24T08:07:00Z,4333.15,IMPS,3006,2224,5,9,False,False,1,0
TXN_000245,2024-01-01T15:38:00Z,3425.77,IMPS,1980,2685,5,1,False,False,0,0
TXN_001090,2024-08-17T07:55:00Z,6621.47,UPI,1909,2657,4,7,False,False,0,0
TXN_001792,2024-05-23T22:20:00Z,9769.78,RTGS,985,3387,1,8,False,False,0,0
TXN_001841,2024-03-16T22:21:00Z,33492.92,RTGS,3040,1811,4,5,False,False,1,0
TXN_000698,2024-12-26T10:27:00Z,3315.34,UPI,1873,1539,1,5,False,False,0,0
TXN_000976,2024-12-05T12:54:00Z,5794.62,RTGS,1797,139,1,7,False,False,1,0
TXN_000668,2024-12-16T16:26:00Z,2878.96,IMPS,3070,1966,7,5,False,False,1,0
TXN_000648,2024-12-01T13:38:00Z,9012.08,NEFT,915,1916,5,3,False,False,1,0
TXN_001993,2024-09-10T02:03:00Z,163642.01,UPI,2104,1808,4,6,False,False,1,1
TXN_001699,2024-10-06T16:31:00Z,1084.81,UPI,2345,2144,4,5,False,False,0,0
TXN_001662,2024-02-25T07:14:00Z,5662.65,UPI,2118,1287,0,6,False,False,1,0
TXN_000472,2024-08-26T11:28:00Z,8863.91,RTGS,3641,613,0,3,False,False,1,0
TXN_001741,2024-03-04T17:31:00Z,4372.74,RTGS,3571,157,6,2,False,False,0,0
TXN_000620,2024-12-28T07:34:00Z,2179.72,IMPS,2513,3004,7,4,False,False,0,0
TXN_000311,2024-10-28T11:18:00Z,8520.85,UPI,377,2526,1,8,False,False,1,0
TXN_001287,2024-08-03T08:14:00Z,10999.76,NEFT,454,1499,4,6,True,False,1,0
TXN_001137,2024-07-03T14:51:00Z,2432.22,NEFT,3357,2721,5,6,False,False,0,0
TXN_001566,2024-09-12T06:20:00Z,12659.18,UPI,3463,2802,0,1,False,False,1,0
TXN_000952,2024-11-27T15:48:00Z,52212.17,IMPS,3128,3156,7,5,False,False,0,0
TXN_000142,2024-01-24T16:19:00Z,20438.21,NEFT,1476,1624,5,5,False,False,0,0
TXN_000978,2024-01-30T08:02:00Z,2735.05,NEFT,3479,2553,4,2,False,False,0,0
TXN_000881,2024-04-07T06:34:00Z,7317.59,RTGS,930,40,0,4,True,False,1,0
TXN_000063,2024-07-04T13:41:00Z,51083.41,IMPS,498,461,7,2,False,False,1,0
TXN_000054,2024-01-05T13:18:00Z,9219.03,NEFT,2858,2002,0,4,False,False,1,0
TXN_001227,2024-05-01T07:00:00Z,3149.5,NEFT,3576,3019,7,9,False,False,0,0
TXN_001459,2024-07-20T06:15:00Z,9221.03,RTGS,3634,1478,3,6,False,False,1,0
TXN_001079,2024-08-07T12:33:00Z,5661.27,IMPS,3314,3456,1,7,False,False,0,0
TXN_000394,2024-07-10T08:00:00Z,2217.62,NEFT,3540,3329,0,7,False,False,1,0
TXN_001248,2024-11-07T08:27:00Z,3136.97,RTGS,1808,1727,7,1,False,False,0,0
TXN_001873,2024-03-09T10:18:00Z,9397.98,IMPS,1413,3409,7,6,True,False,0,0
TXN_001903,2024-08-14T22:37:00Z,3128.07,NEFT,3403,2526,6,8,False,False,1,0
TXN_001447,2024-02-08T22:14:00Z,6205.49,RTGS,2618,3148,2,9,False,False,1,0
TXN_000290,2024-08-10T11:33:00Z,8157.94,IMPS,3012,3523,2,7,False,False,1,0
TXN_000077,2024-11-27T13:18:00Z,1424.09,NEFT,1420,1262,4,5,False,False,0,0
TXN_001347,2024-11-17T21:46:00Z,2542.75,UPI,2337,3088,2,6,False,False,0,0
TXN_001667,2024-08-30T10:11:00Z,1721.98,IMPS,130,330,4,5,False,False,0,0
TXN_001084,2024-12-24T10:12:00Z,3059.32,RTGS,365,2201,4,2,False,False,1,0
TXN_000156,2024-01-16T19:05:00Z,4032.23,NEFT,2700,2156,2,3,False,False,1,0
TXN_000517,2024-09-17T13:52:00Z,4001.88,IMPS,2122,3602,0,8,False,False,1,0
TXN_000708,2024-10-05T12:19:00Z,15128.87,RTGS,2325,3112,6,4,False,False,0,0
TXN_000800,2024-02-04T19:51:00Z,6079.49,RTGS,2575,3361,0,2,False,True,1,0
TXN_000362,2024-07-10T14:59:00Z,6780.43,IMPS,2044,1901,4,9,False,False,1,0
TXN_000139,2024-08-31T11:07:00Z,12179.36,NEFT,1134,101,7,3,False,False,1,0
TXN_000114,2024-03-29T21:12:00Z,387.62,RTGS,2685,2362,7,6,False,False,0,0
TXN_001155,2024-08-10T12:37:00Z,57110.79,RTGS,1655,921,5,2,False,False,0,0
TXN_001405,2024-06-06T10:50:00Z,19827.08,UPI,3421,1205,2,9,False,False,1,0
TXN_001630,2024-08-11T13:28:00Z,580.04,IMPS,761,1432,5,8,False,False,0,0
TXN_001826,2024-02-03T20:48:00Z,3631.26,IMPS,1373,1334,7,1,False,False,1,0
TXN_000611,2024-03-26T20:52:00Z,1393.39,IMPS,154,763,3,2,False,False,0,0
TXN_001980,2024-11-25T04:18:00Z,59168.2,UPI,2712,3132,1,4,False,False,1,1
TXN_001350,2024-02-25T06:20:00Z,47165.2,UPI,1261,1079,3,1,False,False,1,0
TXN_001499,2024-12-15T08:02:00Z,2457.81,UPI,3285,1307,6,2,False,False,1,0
TXN_000040,2024-11-01T07:50:00Z,8478.63,UPI,3576,1190,6,6,False,False,1,0
TXN_001836,2024-06-01T22:05:00Z,1666.66,RTGS,2537,1339,5,8,False,False,1,0
TXN_001171,2024-04-12T22:44:00Z,9397.11,UPI,1455,2860,1,5,True,False,0,0
TXN_000981,2024-07-14T20:04:00Z,2478.23,RTGS,2417,558,0,1,False,False,0,0
TXN_001028,2024-12-12T20:23:00Z,1029.9,IMPS,992,3371,4,4,False,False,0,0
TXN_001800,2024-02-05T21:06:00Z,28742.24,IMPS,626,582,2,7,False,False,0,0
TXN_000774,2024-06-28T18:31:00Z,6488.95,UPI,1116,1546,1,4,False,False,0,0
TXN_000461,2024-01-03T11:23:00Z,4778.55,IMPS,362,2900,0,6,False,False,1,0
TXN_000771,2024-09-09T07:20:00Z,473.54,UPI,3279,2824,0,6,False,False,1,0
TXN_000305,2024-10-05T18:04:00Z,3408.52,UPI,732,3548,1,7,False,False,1,0
TXN_000511,2024-01-15T22:45:00Z,3969.72,RTGS,1322,2500,6,6,False,False,0,0
TXN_001507,2024-05-30T16:57:00Z,31287.63,IMPS,2084,158,0,3,False,False,1,0
TXN_001332,2024-07-21T16:47:00Z,6227.19,NEFT,2654,2501,1,9,False,False,0,0
TXN_001654,2024-06-17T16:25:00Z,529.52,UPI,1769,3004,1,4,False,False,1,0
TXN_002000,2024-03-21T17:55:00Z,28418.07,UPI,1073,1216,6,50,False,False,1,1
TXN_001496,2024-07-28T14:27:00Z,10626.33,IMPS,899,2861,1,7,False,False,0,0
TXN_000055,2024-11-01T19:02:00Z,5801.6,UPI,2286,357,5,9,True,False,0,0
TXN_001123,2024-10-05T18:40:00Z,1482.21,IMPS,1719,1524,7,8,True,False,1,0
TXN_000337,2024-08-18T10:32:00Z,6336.34,NEFT,1890,2529,4,1,False,False,0,0
TXN_000222,2024-05-23T09:55:00Z,19119.48,UPI,3101,292,1,5,False,False,0,0
TXN_001650,2024-09-22T19:54:00Z,3534.69,UPI,2311,3412,7,5,True,False,1,0
TXN_001780,2024-09-22T22:47:00Z,26370.33,NEFT,2829,3016,0,1,False,False,0,0
TXN_001646,2024-01-09T19:25:00Z,7833.65,RTGS,1199,1165,4,5,False,False,0,0
TXN_001990,2024-03-18T19:39:00Z,7760.71,RTGS,633,3495,21,7,False,False,0,1
TXN_001215,2024-06-02T06:07:00Z,7147.23,NEFT,1517,2547,0,5,False,False,1,0
TXN_000467,2024-10-22T13:36:00Z,9229.08,NEFT,1909,3501,4,7,False,False,0,0
TXN_001183,2024-10-01T17:13:00Z,6496.0,UPI,1926,463,4,3,False,False,1,0
TXN_000887,2024-04-03T21:43:00Z,8446.23,NEFT,3478,1756,0,2,False,False,0,0
TXN_000006,2024-04-30T14:13:00Z,10729.06,RTGS,1612,611,6,6,False,False,1,0
TXN_001678,2024-05-26T19:46:00Z,9478.47,IMPS,3431,2673,4,5,False,False,1,0
TXN_000117,2024-05-24T16:37:00Z,222932.52,IMPS,2098,2133,3,4,False,False,1,0
TXN_000832,2024-03-28T16:22:00Z,3329.19,UPI,771,1708,3,3,False,False,0,0
TXN_000309,2024-10-05T07:49:00Z,2845.3,IMPS,3080,147,7,1,False,True,0,0
TXN_000793,2024-07-18T19:05:00Z,3105.12,UPI,1164,1148,6,1,False,False,0,0
TXN_000799,2024-02-13T07:35:00Z,8770.62,NEFT,1875,250,1,5,False,False,0,0
TXN_000264,2024-02-05T18:12:00Z,33694.0,NEFT,1399,753,6,8,False,False,0,0
TXN_001606,2024-04-08T21:52:00Z,1341.29,UPI,2486,3137,7,2,False,False,1,0
TXN_001991,2024-05-22T10:29:00Z,7270.27,NEFT,2,1578,0,6,True,False,1,1
TXN_001100,2024-08-29T09:43:00Z,11501.46,RTGS,1794,1430,1,3,False,False,1,0
TXN_000755,2024-11-13T15:41:00Z,1147.51,IMPS,858,1897,4,9,False,False,0,0
TXN_000959,2024-01-15T06:53:00Z,36914.83,UPI,2113,1891,7,8,False,False,1,0
TXN_001629,2024-01-10T22:13:00Z,8183.39,UPI,2803,2578,6,1,False,False,1,0
TXN_000897,2024-05-01T12:17:00Z,1239.22,NEFT,1134,249,6,1,False,True,0,0
TXN_000870,2024-06-18T08:07:00Z,2862.57,UPI,1860,3383,5,3,False,False,1,0
TXN_001269,2024-03-27T11:14:00Z,2651.5,NEFT,628,3599,6,9,False,False,0,0
TXN_000161,2024-08-07T21:22:00Z,4271.6,IMPS,1073,1545,2,7,False,False,0,0
TXN_001925,2024-04-09T17:13:00Z,1604.76,NEFT,1501,639,3,8,False,True,1,0
TXN_001853,2024-04-29T14:35:00Z,6237.02,NEFT,2865,2814,3,4,False,False,0,0
TXN_001557,2024-08-25T19:05:00Z,1511.61,NEFT,3601,375,4,4,False,False,1,0
TXN_001473,2024-01-31T20:50:00Z,53979.56,NEFT,2488,2755,1,6,False,False,1,0
TXN_001787,2024-05-25T10:01:00Z,7845.75,RTGS,761,1097,0,9,False,False,0,0
TXN_000845,2024-12-14T22:25:00Z,3770.41,NEFT,2282,3357,0,7,False,False,1,0
TXN_001460,2024-06-10T09:31:00Z,1543.33,UPI,1252,3237,2,4,False,False,0,0
TXN_000048,2024-09-04T13:31:00Z,5358.5,RTGS,2923,1904,3,3,False,False,1,0
TXN_000218,2024-02-19T17:58:00Z,8459.51,NEFT,1490,910,7,1,False,False,0,0
TXN_001983,2024-03-06T02:00:00Z,173829.77,IMPS,843,2421,2,6,False,False,1,1
TXN_001057,2024-09-08T07:12:00Z,429.1,NEFT,518,938,5,9,False,False,0,0
TXN_000085,2024-09-03T21:45:00Z,8396.64,NEFT,59,3162,5,7,False,True,1,0
TXN_001865,2024-10-01T06:05:00Z,6941.57,IMPS,898,894,7,5,False,False,1,0
TXN_000038,2024-10-16T20:51:00Z,7185.3,IMPS,687,3248,1,3,False,False,0,0
TXN_000124,2024-07-10T15:44:00Z,8731.13,RTGS,1373,3053,3,1,False,False,1,0
TXN_001613,2024-10-19T07:12:00Z,6505.16,RTGS,2661,1768,3,7,False,False,0,0
TXN_000176,2024-02-25T18:51:00Z,438.38,UPI,1716,1666,0,6,False,False,1,0
TXN_000105,2024-10-23T18:08:00Z,10588.8,IMPS,438,2204,2,2,False,False,1,0
TXN_001004,2024-11-25T15:18:00Z,3017.99,IMPS,227,1057,0,7,False,False,0,0
TXN_001358,2024-01-07T06:33:00Z,1056.95,IMPS,2064,166,5,5,False,False,0,0
TXN_000924,2024-07-04T14:32:00Z,59000.38,RTGS,1415,2828,6,8,False,False,1,0
TXN_001329,2024-05-09T12:57:00Z,1137.21,IMPS,2670,628,1,4,False,False,0,0
TXN_000323,2024-10-06T18:50:00Z,3211.08,UPI,3392,2657,0,1,False,False,0,0
TXN_000701,2024-04-29T18:53:00Z,5626.42,RTGS,537,1805,3,9,False,False,1,0
TXN_000477,2024-05-26T16:35:00Z,10540.83,NEFT,3286,2928,7,4,False,False,0,0
TXN_000780,2024-12-07T15:15:00Z,223203.1,NEFT,141,1070,5,7,False,False,1,0
TXN_000087,2024-11-22T17:36:00Z,1409.93,NEFT,1532,3117,4,4,False,False,1,0
TXN_000865,2024-05-16T09:14:00Z,7748.13,NEFT,275,1213,2,6,False,False,0,0
TXN_000987,2024-11-16T07:42:00Z,3471.71,IMPS,583,412,4,2,False,False,0,0
TXN_001558,2024-06-18T11:43:00Z,2483.2,NEFT,3589,209,0,1,False,False,1,0
TXN_000885,2024-04-23T08:44:00Z,38897.01,NEFT,2309,2453,4,5,False,False,0,0
TXN_001701,2024-03-11T20:16:00Z,18189.67,NEFT,1761,2051,2,6,False,False,1,0
TXN_000860,2024-02-28T09:44:00Z,2077.66,NEFT,995,182,4,4,False,False,1,0
TXN_000004,2024-06-11T22:53:00Z,2939.53,RTGS,734,1347,3,5,False,False,0,0
TXN_001587,2024-11-22T08:52:00Z,1018.26,RTGS,2773,2648,1,5,False,False,0,0
TXN_001529,2024-07-13T10:26:00Z,3417.87,IMPS,2614,1912,7,5,False,False,0,0
TXN_001440,2024-12-04T14:36:00Z,9202.09,UPI,2782,1696,0,2,False,False,0,0
TXN_000565,2024-09-19T14:25:00Z,614.03,IMPS,1157,105,7,2,False,False,0,0
TXN_000928,2024-11-04T10:57:00Z,17337.73,RTGS,128,2582,6,8,False,False,0,0
TXN_000367,2024-11-17T15:24:00Z,26343.15,RTGS,1871,2558,4,7,False,False,1,0
TXN_001760,2024-08-16T07:07:00Z,1169.87,RTGS,3620,317,1,7,False,False,0,0
TXN_000015,2024-09-18T10:47:00Z,3840.95,IMPS,316,378,3,9,False,False,1,0
TXN_000805,2024-05-23T20:34:00Z,3686.17,UPI,1604,1847,5,4,False,False,1,0
TXN_001187,2024-01-03T10:04:00Z,21663.25,IMPS,2268,1730,2,7,False,False,1,0
TXN_000997,2024-10-05T10:05:00Z,3512.51,UPI,2461,2722,7,3,False,False,0,0
TXN_000933,2024-01-27T15:55:00Z,4340.69,RTGS,1463,2629,5,3,False,False,1,0
TXN_001013,2024-08-31T07:22:00Z,4024.2,IMPS,3195,2958,2,3,False,False,1,0
TXN_000070,2024-08-31T16:07:00Z,140.13,NEFT,3499,307,7,5,False,False,1,0
TXN_001689,2024-05-19T13:12:00Z,621.83,RTGS,1574,593,7,4,False,False,0,0
TXN_001584,2024-05-08T10:59:00Z,11600.96,NEFT,2907,2299,5,8,False,False,1,0
TXN_001464,2024-01-14T11:53:00Z,1098.19,NEFT,3117,2814,5,8,False,False,0,0
TXN_001814,2024-02-25T09:47:00Z,17038.9,RTGS,2784,3206,0,9,False,False,0,0
TXN_001251,2024-07-10T13:39:00Z,2558.25,IMPS,1127,2239,6,5,False,False,1,0
TXN_000808,2024-08-03T10:08:00Z,14399.33,UPI,212,1564,0,1,False,False,0,0
TXN_001107,2024-01-14T22:01:00Z,2593.82,NEFT,2846,3427,3,8,False,False,0,0
TXN_001127,2024-06-12T11:13:00Z,10937.39,RTGS,2899,122,1,3,False,False,0,0
TXN_001360,2024-06-08T07:03:00Z,34342.1,IMPS,1939,3289,6,4,False,False,0,0
TXN_001533,2024-10-08T21:31:00Z,4186.03,NEFT,788,245,6,7,False,False,1,0
TXN_001735,2024-02-22T09:01:00Z,3223.88,IMPS,1823,911,6,1,False,False,0,0
TXN_001442,2024-10-09T10:48:00Z,23039.25,NEFT,3309,2470,5,4,False,False,0,0
TXN_000446,2024-11-20T12:01:00Z,492.66,RTGS,170,114,2,2,False,False,0,0
TXN_000662,2024-12-01T20:34:00Z,3708.52,UPI,1713,1886,1,7,False,False,1,0
TXN_001452,2024-10-14T16:48:00Z,5051.88,UPI,1937,3104,5,2,False,False,1,0
TXN_001810,2024-03-07T20:07:00Z,17952.46,IMPS,3627,1652,0,9,False,False,1,0
TXN_000379,2024-03-17T18:22:00Z,17662.04,NEFT,2156,262,0,7,False,False,0,0
TXN_001755,2024-07-13T14:44:00Z,8069.76,IMPS,1241,1551,7,4,False,False,1,0
TXN_000920,2024-07-28T16:39:00Z,29035.54,UPI,2744,2969,7,9,False,False,0,0
TXN_000095,2024-09-03T16:15:00Z,2694.55,RTGS,996,2881,3,2,False,False,0,0
TXN_001960,2024-10-05T06:08:00Z,3972.25,RTGS,0,3084,3,4,True,False,0,1
TXN_001677,2024-02-27T20:57:00Z,7636.11,RTGS,2988,1756,3,3,False,False,1,0
TXN_000260,2024-04-20T06:55:00Z,1220.37,NEFT,73,3190,6,7,False,False,1,0
TXN_000428,2024-09-02T16:08:00Z,186859.99,NEFT,77,2990,2,1,False,False,0,0
TXN_001713,2024-11-05T07:02:00Z,24549.94,IMPS,3611,3261,4,5,False,False,0,0
TXN_000376,2024-08-10T17:03:00Z,2135.9,RTGS,3580,3392,5,1,False,False,0,0
TXN_000937,2024-08-28T07:01:00Z,5862.02,UPI,388,3512,7,9,False,False,0,0
TXN_001581,2024-02-25T08:20:00Z,8017.56,NEFT,3580,149,5,2,False,False,1,0
TXN_001280,2024-01-12T18:10:00Z,10773.14,IMPS,3468,3246,5,7,False,False,1,0
TXN_001064,2024-06-29T08:28:00Z,956.25,NEFT,3476,3637,4,1,False,True,1,0
TXN_000831,2024-03-05T06:25:00Z,2636.97,UPI,546,634,4,1,False,False,0,0
TXN_000365,2024-07-28T07:59:00Z,8474.31,UPI,1961,663,1,7,False,False,0,0
TXN_000806,2024-04-06T09:01:00Z,9791.06,RTGS,515,2416,4,3,False,False,1,0
TXN_000294,2024-02-14T11:35:00Z,11080.94,IMPS,1632,1735,1,7,False,False,0,0
TXN_001498,2024-05-11T07:08:00Z,1707.15,NEFT,2505,841,0,4,False,False,0,0
TXN_001914,2024-09-03T08:16:00Z,5526.5,IMPS,2702,841,7,3,False,False,1,0
TXN_001380,2024-12-11T10:31:00Z,6619.29,IMPS,2498,1822,4,8,False,False,0,0
TXN_001437,2024-08-01T14:01:00Z,1620.22,IMPS,2053,859,5,9,False,False,1,0
TXN_001727,2024-05-22T13:09:00Z,1838.79,UPI,1562,1403,6,8,False,False,1,0
TXN_000682,2024-10-17T15:33:00Z,6513.13,NEFT,1620,477,1,8,False,False,1,0
TXN_001668,2024-03-20T20:11:00Z,47351.69,NEFT,1443,1356,4,1,False,False,0,0
TXN_000235,2024-03-02T20:17:00Z,17270.9,UPI,708,464,3,1,False,True,0,0
TXN_000726,2024-12-15T08:55:00Z,9609.98,UPI,675,97,5,4,False,False,0,0
TXN_000535,2024-02-02T22:19:00Z,879.13,NEFT,3578,730,3,3,False,False,0,0
TXN_001972,2024-05-29T02:28:00Z,144225.01,UPI,2331,1720,6,5,False,False,0,1
TXN_000663,2024-03-22T19:39:00Z,10933.04,IMPS,916,1142,1,3,False,False,0,0
TXN_001684,2024-08-04T07:41:00Z,13608.52,IMPS,3257,2893,2,5,False,False,1,0
TXN_001400,2024-02-10T17:06:00Z,5954.45,UPI,2548,3441,0,8,False,False,0,0
TXN_001103,2024-09-28T22:56:00Z,11265.93,RTGS,2725,61,3,7,False,False,0,0
TXN_001469,2024-11-19T19:39:00Z,626.55,IMPS,2582,947,5,2,False,False,0,0
TXN_001821,2024-05-06T17:31:00Z,12768.45,UPI,221,3181,2,3,False,False,1,0
TXN_000528,2024-06-03T07:29:00Z,3027.34,UPI,1594,282,1,6,False,False,1,0
TXN_000540,2024-03-08T20:17:00Z,2846.54,UPI,1460,1566,6,5,False,False,1,0
TXN_000957,2024-04-08T14:41:00Z,28952.26,NEFT,1439,2911,2,9,False,False,0,0
TXN_000078,2024-12-30T12:55:00Z,5225.84,IMPS,672,60,2,3,True,False,0,0
TXN_000424,2024-01-10T08:03:00Z,21132.74,RTGS,2661,558,6,2,False,False,0,0
TXN_000921,2024-08-05T17:36:00Z,3155.63,RTGS,2153,1550,3,5,False,False,0,0
TXN_001164,2024-10-16T19:32:00Z,29278.26,IMPS,1528,2938,6,2,False,False,1,0
TXN_001458,2024-04-22T22:41:00Z,9484.6,NEFT,508,1898,4,6,False,False,1,0
TXN_001671,2024-06-18T22:02:00Z,7350.84,NEFT,3461,2307,0,3,False,False,1,0
TXN_000525,2024-08-10T11:49:00Z,5485.33,UPI,1195,789,5,1,False,False,0,0
TXN_000573,2024-01-05T18:12:00Z,14260.48,UPI,680,1276,6,9,False,False,1,0
TXN_000566,2024-02-25T08:11:00Z,7581.28,UPI,3093,2476,0,8,False,False,0,0
TXN_001453,2024-03-07T16:22:00Z,11452.83,NEFT,1081,3273,6,4,False,False,1,0
TXN_000590,2024-02-06T20:22:00Z,44545.85,UPI,2083,2942,6,4,False,False,0,0
TXN_001412,2024-06-21T17:57:00Z,2362.71,RTGS,1789,2561,3,6,False,False,1,0
TXN_001254,2024-12-13T16:46:00Z,4651.46,UPI,1625,922,5,4,False,False,1,0
TXN_000088,2024-06-12T16:23:00Z,3486.08,NEFT,3239,3166,1,7,False,False,0,0
TXN_001639,2024-03-22T14:44:00Z,4590.01,NEFT,1075,2345,2,7,False,True,0,0
TXN_001746,2024-08-04T07:55:00Z,520.84,IMPS,784,468,2,6,False,True,1,0
TXN_001249,2024-10-25T11:14:00Z,6505.46,UPI,1308,2308,3,8,False,False,0,0
TXN_000922,2024-07-07T10:54:00Z,2850.84,UPI,3558,2566,1,4,False,False,1,0
TXN_000217,2024-05-15T08:14:00Z,1507.2,UPI,2073,1514,3,5,False,False,1,0
TXN_001466,2024-07-21T19:14:00Z,10966.17,NEFT,103,3505,6,4,False,False,0,0
TXN_001733,2024-08-14T20:50:00Z,621.92,UPI,1395,3561,4,5,False,False,0,0
TXN_000979,2024-02-21T10:01:00Z,7374.09,IMPS,2102,1764,5,7,False,False,0,0
TXN_001022,2024-05-19T22:59:00Z,1336.47,NEFT,1665,1930,6,8,False,False,0,0
TXN_000266,2024-05-31T07:28:00Z,5258.99,UPI,1062,1881,2,1,False,False,1,0
TXN_000645,2024-02-20T16:07:00Z,4075.4,NEFT,2737,2837,0,2,False,False,0,0
TXN_001252,2024-08-30T16:20:00Z,35169.23,UPI,923,2242,7,5,False,False,1,0
TXN_001194,2024-10-04T11:04:00Z,8281.22,UPI,3356,2640,5,3,False,False,1,0
TXN_001494,2024-03-08T18:35:00Z,20781.61,UPI,2770,2672,5,6,False,True,0,0
TXN_000523,2024-02-20T07:05:00Z,4009.8,RTGS,2893,2151,1,5,True,False,0,0
TXN_000689,2024-03-11T10:36:00Z,4810.62,UPI,3547,1942,3,6,False,True,0,0
TXN_000172,2024-12-19T13:34:00Z,1888.82,IMPS,2414,1298,4,4,False,False,0,0
TXN_001197,2024-06-18T10:06:00Z,3230.3,RTGS,2661,3192,1,3,False,True,1,0
TXN_001722,2024-10-24T21:18:00Z,3729.55,IMPS,1501,3006,7,7,False,False,1,0
TXN_001728,2024-03-26T15:23:00Z,1981.69,RTGS,2877,1149,3,9,False,False,0,0
TXN_000697,2024-03-08T18:23:00Z,9922.73,UPI,2336,2074,2,2,False,False,1,0
TXN_000084,2024-07-16T15:48:00Z,9408.4,IMPS,3007,892,0,1,True,False,0,0
TXN_001250,2024-03-14T18:40:00Z,17307.31,RTGS,3155,70,6,9,False,False,1,0
TXN_001193,2024-04-26T13:43:00Z,2147.1,RTGS,1751,3164,6,4,False,True,0,0
TXN_000882,2024-07-09T16:34:00Z,23077.16,IMPS,2563,2428,5,6,False,False,0,0
TXN_000890,2024-10-20T22:53:00Z,17647.25,IMPS,1751,2161,3,7,False,False,0,0
TXN_000377,2024-09-25T14:07:00Z,13238.13,UPI,2008,1705,1,8,False,False,1,0
TXN_001683,2024-03-21T12:12:00Z,1612.62,RTGS,2398,2049,0,7,False,False,0,0
TXN_000443,2024-11-05T07:53:00Z,910.33,NEFT,274,3447,3,3,True,False,0,0
TXN_000366,2024-10-09T09:11:00Z,597.19,RTGS,149,3454,1,1,False,True,1,0
TXN_000571,2024-08-08T21:11:00Z,9813.82,UPI,736,301,6,6,False,False,0,0
TXN_000816,2024-01-14T15:06:00Z,9720.32,IMPS,2351,1156,5,3,False,False,0,0
TXN_000690,2024-05-04T17:03:00Z,1522.85,IMPS,112,2668,4,5,False,False,1,0
TXN_000646,2024-11-11T08:05:00Z,14469.39,NEFT,1706,2518,5,6,False,False,0,0
TXN_000569,2024-03-18T07:52:00Z,7360.98,UPI,3430,3131,7,3,False,True,1,0
TXN_001574,2024-11-22T14:55:00Z,6163.27,RTGS,87,2214,7,3,False,False,1,0
TXN_001142,2024-04-19T15:00:00Z,49414.38,NEFT,1340,1776,1,3,False,False,0,0
TXN_000436,2024-07-21T17:49:00Z,19854.68,IMPS,1960,544,2,9,False,True,0,0
TXN_000929,2024-12-19T16:02:00Z,3077.13,RTGS,1432,2804,7,3,False,False,1,0
TXN_000990,2024-05-21T21:52:00Z,20327.43,RTGS,2614,2685,1,7,False,False,0,0
TXN_000953,2024-06-12T11:10:00Z,1293.62,NEFT,106,3402,0,4,False,False,0,0
TXN_000045,2024-03-14T06:35:00Z,3909.71,NEFT,3478,2254,5,1,False,True,1,0
TXN_001305,2024-05-19T13:40:00Z,9055.41,NEFT,1253,3530,2,2,True,True,1,0
TXN_001954,2024-02-20T22:46:00Z,2022.31,NEFT,1008,1022,34,7,False,False,1,1
TXN_000509,2024-07-15T07:33:00Z,31361.6,UPI,1360,2002,2,3,False,False,1,0
TXN_000042,2024-01-23T10:08:00Z,597.01,UPI,1539,2217,1,4,False,False,0,0
TXN_001237,2024-12-06T18:07:00Z,2459.57,NEFT,1090,2882,6,4,False,False,0,0
TXN_000554,2024-08-20T14:16:00Z,1828.17,IMPS,1464,622,5,1,True,False,0,0
TXN_000575,2024-10-27T16:54:00Z,249005.77,NEFT,2491,243,6,2,False,True,0,0
TXN_000915,2024-03-23T08:25:00Z,2729.2,NEFT,3282,1218,5,7,False,True,1,0
TXN_000757,2024-01-26T18:38:00Z,3993.73,UPI,408,3259,2,5,False,False,1,0
TXN_000962,2024-12-16T22:18:00Z,51925.36,RTGS,742,2367,2,7,False,False,1,0
TXN_000384,2024-04-24T07:32:00Z,12130.12,IMPS,2015,1228,1,4,False,False,0,0
TXN_000705,2024-12-27T10:38:00Z,3918.65,UPI,3047,365,5,5,False,False,1,0
TXN_001952,2024-11-30T11:42:00Z,8641.41,UPI,1,195,5,5,True,True,1,1
TXN_001892,2024-04-14T09:11:00Z,2158.98,NEFT,3450,2388,4,4,True,True,1,0
TXN_000781,2024-10-28T12:28:00Z,5109.1,NEFT,810,736,4,6,False,False,0,0
TXN_000021,2024-10-28T12:00:00Z,4062.84,RTGS,1123,2035,2,1,False,False,0,0
TXN_001945,2024-11-04T03:36:00Z,104158.17,UPI,303,1064,2,8,False,False,0,1
TXN_000022,2024-09-23T17:43:00Z,5746.4,IMPS,420,2255,7,9,True,False,0,0
TXN_000846,2024-05-07T14:19:00Z,2001.36,UPI,1868,3052,3,6,False,False,0,0
TXN_001617,2024-09-19T19:13:00Z,65188.47,UPI,441,1717,6,9,False,False,0,0
TXN_001235,2024-06-22T13:03:00Z,204.05,UPI,717,400,4,8,False,False,0,0
TXN_000788,2024-03-29T20:17:00Z,2640.28,NEFT,63,533,5,8,False,False,0,0
TXN_001023,2024-09-02T11:39:00Z,2525.64,IMPS,192,144,0,4,False,False,0,0
TXN_000587,2024-05-15T14:38:00Z,283.25,UPI,850,575,5,3,False,False,1,0
TXN_001051,2024-01-28T09:45:00Z,1659.3,RTGS,1326,1329,5,6,False,False,1,0
TXN_001008,2024-12-03T06:58:00Z,4316.74,NEFT,131,2616,0,8,False,False,0,0
TXN_000345,2024-05-26T07:51:00Z,5852.46,RTGS,2854,2392,6,2,False,False,0,0
TXN_000396,2024-12-07T21:30:00Z,1165.68,UPI,2397,2491,5,2,False,False,1,0
TXN_000840,2024-01-13T11:42:00Z,3212.04,IMPS,3092,179,7,8,False,False,0,0
TXN_001839,2024-06-04T22:48:00Z,11755.51,RTGS,1239,2885,7,8,False,False,0,0
TXN_001430,2024-07-20T17:10:00Z,6143.93,NEFT,1716,2030,6,7,False,False,0,0
TXN_001145,2024-06-01T16:57:00Z,3067.8,UPI,3172,617,2,2,False,False,1,0
TXN_000036,2024-11-30T08:55:00Z,8281.0,UPI,1060,2120,1,5,True,True,0,0
TXN_001087,2024-05-23T08:50:00Z,2359.22,RTGS,875,2174,1,5,False,False,1,0
TXN_001093,2024-01-23T07:43:00Z,846.74,RTGS,478,1530,6,8,False,False,0,0
TXN_000748,2024-12-23T16:04:00Z,1505.6,IMPS,1158,2003,5,2,True,False,1,0
TXN_000068,2024-07-08T11:50:00Z,10923.83,RTGS,3078,3005,0,1,False,False,0,0
TXN_001364,2024-06-14T12:22:00Z,2552.78,NEFT,3058,431,7,2,False,False,0,0
TXN_001927,2024-06-21T14:03:00Z,102.52,RTGS,1909,3390,0,5,False,False,1,0
TXN_001021,2024-12-07T19:36:00Z,15596.89,IMPS,219,1943,2,3,False,False,1,0
TXN_000195,2024-07-16T08:25:00Z,26408.03,UPI,701,2394,1,7,False,False,1,0
TXN_000419,2024-09-25T06:04:00Z,22497.25,NEFT,1102,695,2,1,False,False,1,0
TXN_000883,2024-10-16T09:27:00Z,110443.31,IMPS,3383,2572,2,8,False,True,1,0
TXN_001504,2024-12-20T09:24:00Z,913.03,RTGS,2060,1637,1,8,False,False,0,0
TXN_000652,2024-09-17T21:47:00Z,21434.34,NEFT,1074,3253,1,8,False,False,1,0
TXN_000186,2024-01-02T07:50:00Z,8599.1,NEFT,1966,280,7,8,False,False,1,0
TXN_000246,2024-12-18T21:10:00Z,4686.08,UPI,1210,1460,5,3,False,False,0,0
TXN_000544,2024-04-18T21:32:00Z,2146.52,UPI,295,2461,1,5,False,False,0,0
TXN_001258,2024-01-25T15:08:00Z,2012.47,UPI,677,2827,4,4,False,True,1,0
TXN_000485,2024-10-24T07:39:00Z,11629.16,UPI,2462,2766,2,4,False,False,0,0
TXN_001665,2024-08-31T10:00:00Z,12983.76,UPI,1627,71,5,6,False,False,1,0
TXN_000488,2024-04-01T10:25:00Z,57841.06,IMPS,495,3540,3,1,False,False,1,0
TXN_000532,2024-09-01T06:05:00Z,92557.14,NEFT,1259,507,1,6,False,False,1,0
TXN_000759,2024-02-05T06:50:00Z,4233.57,UPI,2437,1971,0,4,False,False,1,0
TXN_000089,2024-10-21T13:32:00Z,6041.17,RTGS,2836,1506,4,2,False,False,1,0
TXN_001177,2024-10-22T17:13:00Z,2439.23,NEFT,665,3565,2,4,False,False,1,0
TXN_000656,2024-05-12T18:17:00Z,4541.61,RTGS,2309,2426,6,3,False,False,0,0
TXN_001823,2024-12-23T12:30:00Z,9138.94,IMPS,1007,581,0,6,False,False,0,0
TXN_001822,2024-01-07T08:46:00Z,2071.79,NEFT,1711,3472,7,5,False,False,0,0
TXN_000632,2024-05-24T16:52:00Z,1676.17,RTGS,741,929,4,1,False,False,0,0
TXN_000028,2024-12-07T08:00:00Z,26608.29,IMPS,507,95,5,9,False,False,0,0
TXN_000773,2024-09-14T20:46:00Z,7811.69,RTGS,1252,2762,6,5,False,False,1,0
TXN_000786,2024-10-27T19:27:00Z,4333.01,NEFT,2330,524,4,6,False,False,0,0
TXN_001219,2024-09-04T06:59:00Z,13837.57,NEFT,801,1468,7,6,False,False,1,0
TXN_000265,2024-04-04T08:05:00Z,359.09,NEFT,1993,575,3,1,False,False,0,0
TXN_001083,2024-04-28T11:09:00Z,5169.9,IMPS,1274,1055,5,4,False,False,1,0
TXN_001224,2024-06-20T14:09:00Z,1317.54,NEFT,1647,1141,2,1,False,False,0,0
TXN_001476,2024-09-21T13:51:00Z,1832.13,RTGS,2445,3267,4,9,False,False,1,0
TXN_001771,2024-10-11T07:37:00Z,8686.29,RTGS,516,2166,0,9,False,True,1,0
TXN_001114,2024-11-19T09:24:00Z,4347.27,NEFT,2116,831,5,2,False,False,1,0
TXN_001978,2024-11-21T09:26:00Z,3438.46,NEFT,4,2645,2,9,True,False,1,1
TXN_000869,2024-07-06T06:13:00Z,3243.07,UPI,1565,3622,2,7,False,False,1,0
TXN_000401,2024-11-20T11:29:00Z,33525.34,RTGS,1942,1038,7,7,False,True,1,0
TXN_001247,2024-09-11T07:08:00Z,2036.87,RTGS,3144,816,4,9,False,False,0,0
TXN_000655,2024-02-28T17:43:00Z,4830.95,IMPS,2423,1747,1,4,False,False,0,0
TXN_000147,2024-05-02T06:27:00Z,27837.83,RTGS,878,530,5,7,False,False,0,0
TXN_000480,2024-10-08T21:00:00Z,3378.81,UPI,922,2247,1,3,False,False,0,0
TXN_001002,2024-09-12T08:06:00Z,23020.01,UPI,1446,2543,0,3,False,False,0,0
TXN_001655,2024-06-13T20:25:00Z,2439.68,IMPS,1845,2531,3,7,False,False,0,0
TXN_000272,2024-03-31T16:45:00Z,7866.85,RTGS,2880,1846,5,3,False,True,1,0
TXN_000617,2024-01-20T22:51:00Z,14622.32,IMPS,651,666,7,2,False,True,0,0
TXN_001465,2024-07-07T17:58:00Z,5645.73,IMPS,3104,2514,4,4,False,False,1,0
TXN_001525,2024-10-24T09:18:00Z,7100.5,RTGS,2510,1265,6,1,False,True,0,0
TXN_000675,2024-05-05T13:13:00Z,4478.63,IMPS,2193,3593,4,3,False,False,0,0
TXN_000982,2024-07-17T11:21:00Z,5368.52,NEFT,3450,775,0,5,False,False,0,0
TXN_001490,2024-06-03T08:09:00Z,5165.55,RTGS,2366,2770,6,9,False,False,0,0
TXN_001691,2024-03-25T16:49:00Z,1735.22,IMPS,2539,121,6,9,False,False,0,0
TXN_001108,2024-08-26T15:48:00Z,2153.03,IMPS,724,352,5,9,False,False,0,0
TXN_000067,2024-07-06T22:48:00Z,5485.28,NEFT,494,3364,6,5,False,False,0,0
TXN_000638,2024-07-02T22:18:00Z,12819.15,RTGS,708,1646,3,7,False,False,1,0
TXN_001807,2024-08-22T15:53:00Z,3589.0,UPI,3005,1720,7,3,False,False,1,0
TXN_001290,2024-04-24T08:13:00Z,3083.97,NEFT,447,815,7,1,False,False,0,0
TXN_000872,2024-05-10T20:14:00Z,807.42,RTGS,314,2936,1,2,False,False,0,0
TXN_001111,2024-11-25T18:24:00Z,2032.71,RTGS,2708,752,4,5,False,False,1,0
TXN_000520,2024-02-05T17:48:00Z,4557.97,NEFT,2010,2537,6,2,False,False,1,0
TXN_000135,2024-08-06T17:04:00Z,8570.18,IMPS,1932,1270,4,2,False,False,1,0
TXN_001228,2024-12-05T12:03:00Z,2468.63,RTGS,2191,2806,7,7,False,False,0,0
TXN_000833,2024-08-25T22:49:00Z,23529.56,UPI,2612,918,0,8,False,True,0,0
TXN_000577,2024-01-26T17:15:00Z,6446.74,UPI,2910,1880,4,8,False,False,1,0
TXN_001074,2024-12-21T15:13:00Z,12220.38,RTGS,3594,379,3,7,False,False,0,0
TXN_001067,2024-08-16T15:39:00Z,3910.83,UPI,1032,3459,0,4,False,False,1,0
TXN_000602,2024-12-04T19:51:00Z,19684.95,UPI,2049,201,5,9,False,False,1,0
TXN_001626,2024-09-12T14:55:00Z,9948.83,NEFT,300,1162,7,8,False,False,1,0
TXN_000487,2024-06-01T21:40:00Z,2368.37,RTGS,829,799,7,9,False,False,0,0
TXN_001070,2024-08-05T12:50:00Z,9984.33,IMPS,3400,2842,1,7,False,False,1,0
TXN_000908,2024-04-27T21:29:00Z,8165.25,RTGS,2109,1374,4,7,False,False,0,0
TXN_000623,2024-12-10T18:56:00Z,4345.5,UPI,1259,2698,6,9,False,False,0,0
TXN_001426,2024-11-20T06:10:00Z,1004.73,NEFT,3644,101,5,1,False,False,1,0
TXN_001942,2024-10-25T13:22:00Z,1081.29,UPI,2245,2606,4,41,False,False,1,1
TXN_001605,2024-01-16T20:01:00Z,1002.11,NEFT,2178,1586,2,9,False,False,0,0
TXN_001801,2024-04-18T22:06:00Z,3885.74,IMPS,3378,590,2,8,False,False,1,0
TXN_000980,2024-02-23T09:05:00Z,1656.44,RTGS,2866,1620,7,9,False,False,1,0
TXN_000824,2024-10-12T16:36:00Z,12479.95,UPI,522,3210,1,5,True,False,0,0
TXN_000847,2024-02-17T13:56:00Z,26713.26,RTGS,2293,1595,1,2,False,False,0,0
TXN_000359,2024-11-15T14:10:00Z,20929.4,UPI,1995,146,7,4,False,False,1,0
TXN_001122,2024-06-12T20:38:00Z,5399.19,NEFT,2868,1045,3,4,False,False,1,0
TXN_000314,2024-04-14T13:47:00Z,50134.14,UPI,1842,3249,7,4,False,True,0,0
TXN_001104,2024-12-08T10:00:00Z,41507.08,RTGS,2581,564,3,9,False,False,0,0
TXN_001864,2024-10-07T19:42:00Z,4580.97,IMPS,2049,3605,2,3,False,False,1,0
TXN_000450,2024-01-13T22:17:00Z,200028.4,IMPS,3369,2437,4,5,False,False,0,0
TXN_001376,2024-08-31T15:21:00Z,1348.03,IMPS,985,1386,3,3,False,False,1,0
TXN_001590,2024-05-25T14:10:00Z,4657.21,RTGS,920,1817,2,4,False,False,0,0
TXN_001889,2024-07-08T16:59:00Z,6041.37,UPI,2283,1203,2,3,False,False,1,0
TXN_000659,2024-09-27T10:37:00Z,1332.75,UPI,2296,854,7,3,False,False,0,0
TXN_001340,2024-01-04T08:43:00Z,23854.49,IMPS,1895,3583,1,6,False,False,0,0
TXN_001069,2024-01-01T13:42:00Z,3910.13,RTGS,193,1811,7,1,False,False,0,0
TXN_001937,2024-03-24T09:08:00Z,91461.52,IMPS,1374,2377,6,1,False,False,1,0
TXN_000792,2024-10-08T12:39:00Z,9768.07,UPI,1679,1864,3,8,False,False,0,0
TXN_000122,2024-08-12T22:58:00Z,1204.28,NEFT,289,1514,1,9,False,True,0,0
TXN_000564,2024-06-26T08:23:00Z,310163.76,NEFT,2402,2330,6,9,False,False,1,0
TXN_000474,2024-07-09T14:42:00Z,5024.46,UPI,3304,3245,1,3,False,False,1,0
TXN_000399,2024-08-27T20:07:00Z,13955.25,UPI,2755,385,4,8,False,False,0,0
TXN_001891,2024-01-06T18:44:00Z,7518.92,IMPS,724,1333,6,9,False,False,1,0
TXN_001151,2024-12-12T16:51:00Z,11774.39,RTGS,811,1274,2,2,False,False,0,0
TXN_001975,2024-09-02T02:17:00Z,179062.79,RTGS,419,1684,0,3,False,False,1,1
TXN_000165,2024-03-16T13:06:00Z,8137.77,IMPS,311,517,5,8,False,False,0,0
TXN_001338,2024-06-14T19:04:00Z,13546.13,NEFT,3375,366,3,3,False,False,1,0
TXN_001173,2024-11-11T14:32:00Z,2694.56,RTGS,2681,3274,0,4,False,False,1,0
TXN_000493,2024-07-28T13:59:00Z,2118.34,NEFT,322,584,5,3,False,False,1,0
TXN_000298,2024-05-26T18:52:00Z,4246.43,RTGS,1188,3428,2,8,False,True,1,0
TXN_000448,2024-09-08T11:19:00Z,1430.52,IMPS,2373,1471,1,4,False,True,0,0
TXN_000735,2024-04-01T10:12:00Z,1818.44,IMPS,219,1049,6,9,False,False,0,0
TXN_001508,2024-06-22T09:36:00Z,8591.11,UPI,1210,950,1,3,False,False,1,0
TXN_000445,2024-02-27T12:11:00Z,4690.46,UPI,1663,2462,6,8,False,False,0,0
TXN_001284,2024-04-19T19:09:00Z,1518.14,UPI,1570,1689,0,7,False,False,1,0
TXN_001854,2024-06-04T06:47:00Z,1020.43,NEFT,113,3227,7,8,False,False,0,0
TXN_000956,2024-03-23T12:04:00Z,3292.27,RTGS,973,2350,2,3,False,False,0,0
TXN_000332,2024-03-11T12:03:00Z,4206.21,RTGS,3228,2378,4,9,False,False,1,0
TXN_000597,2024-04-12T16:19:00Z,2142.19,RTGS,2799,1073,6,5,False,False,0,0
TXN_001260,2024-07-28T09:40:00Z,1082.51,UPI,100,2891,0,9,False,False,0,0
TXN_001081,2024-12-10T21:02:00Z,14440.7,IMPS,2847,2558,1,6,False,False,1,0
TXN_001544,2024-03-19T14:13:00Z,7220.92,UPI,3134,1724,1,9,False,False,0,0
TXN_001687,2024-08-21T18:12:00Z,11073.25,IMPS,894,3410,1,3,False,False,0,0
TXN_001592,2024-03-06T10:04:00Z,10966.2,RTGS,935,2350,7,7,False,False,1,0
TXN_000210,2024-12-27T20:06:00Z,1554.15,UPI,2900,278,6,7,False,False,1,0
TXN_001153,2024-06-15T13:29:00Z,980.45,NEFT,911,3249,0,1,False,False,0,0
TXN_000613,2024-04-27T18:56:00Z,1023.31,RTGS,2628,415,0,9,False,False,0,0
TXN_000504,2024-09-08T14:55:00Z,1127.63,NEFT,492,3383,2,6,False,False,1,0
TXN_001603,2024-05-21T22:29:00Z,22687.5,NEFT,193,2699,1,7,False,False,0,0
TXN_001948,2024-12-13T16:18:00Z,2088.55,UPI,1738,2637,7,51,False,False,0,1
TXN_000061,2024-02-03T12:46:00Z,1361.44,UPI,2172,1689,4,8,False,False,0,0
TXN_000163,2024-03-18T06:35:00Z,7619.27,RTGS,2846,652,6,9,False,False,1,0
TXN_000944,2024-11-28T19:40:00Z,3296.75,NEFT,1763,1060,2,1,True,False,0,0
TXN_001898,2024-03-10T13:10:00Z,28044.39,UPI,2556,3641,4,9,False,False,0,0
TXN_001220,2024-04-11T11:10:00Z,1051.3,IMPS,119,985,1,4,False,False,1,0
TXN_001644,2024-05-09T21:55:00Z,34504.08,UPI,1993,1849,1,3,False,False,1,0
TXN_000849,2024-04-16T10:49:00Z,2138.59,IMPS,528,3186,2,6,False,False,0,0
TXN_001723,2024-10-16T10:10:00Z,31349.88,RTGS,2406,2679,7,6,False,True,1,0
TXN_001555,2024-04-21T09:31:00Z,11351.57,RTGS,3283,1951,3,8,False,False,1,0
TXN_000666,2024-12-08T08:02:00Z,8346.77,NEFT,2831,2517,5,8,False,False,1,0
TXN_001855,2024-11-24T22:31:00Z,13633.13,RTGS,1334,2307,6,3,False,False,1,0
TXN_001846,2024-01-05T14:34:00Z,462.21,NEFT,3287,1293,5,9,False,False,0,0
TXN_001817,2024-12-04T14:22:00Z,20712.55,NEFT,2010,3201,2,9,False,False,0,0
TXN_000338,2024-02-22T19:22:00Z,4357.45,RTGS,1875,1174,4,1,False,False,0,0
TXN_000778,2024-02-24T15:27:00Z,6003.41,NEFT,3437,3199,1,7,False,False,0,0
TXN_001970,2024-11-23T03:20:00Z,93490.33,RTGS,293,432,7,1,False,False,1,1
TXN_000984,2024-12-15T20:53:00Z,4437.68,NEFT,1186,2215,7,2,False,False,1,0
TXN_000275,2024-04-07T22:47:00Z,2225.28,NEFT,2012,1563,0,9,False,False,1,0
TXN_001968,2024-07-30T04:05:00Z,159988.78,NEFT,198,2558,2,9,False,True,1,1
TXN_000807,2024-05-27T20:16:00Z,3673.88,UPI,3032,1233,7,8,False,False,0,0
TXN_001408,2024-08-21T22:08:00Z,2121.81,NEFT,258,709,6,5,False,False,1,0
TXN_000033,2024-10-17T10:27:00Z,4043.24,UPI,2799,2223,7,8,False,False,0,0
TXN_001417,2024-04-07T20:51:00Z,5770.19,NEFT,2638,1680,1,5,False,False,1,0
TXN_000081,2024-11-12T13:04:00Z,54000.89,UPI,2959,1623,5,5,False,False,0,0
TXN_001890,2024-12-23T18:00:00Z,10477.25,NEFT,1180,946,6,3,False,False,1,0
TXN_000258,2024-03-21T19:42:00Z,16804.72,RTGS,1749,2277,4,7,True,False,0,0
TXN_000751,2024-10-17T08:37:00Z,4988.21,RTGS,998,2284,6,3,False,True,1,0
TXN_000469,2024-02-10T20:35:00Z,5306.95,IMPS,3618,1595,5,1,False,False,1,0
TXN_001987,2024-03-05T19:39:00Z,3657.08,NEFT,0,3028,6,8,True,False,1,1
TXN_001042,2024-02-27T09:58:00Z,1829.07,IMPS,356,1521,5,4,False,False,1,0
TXN_001567,2024-08-21T13:21:00Z,5272.05,UPI,2329,1197,0,7,False,False,1,0
TXN_000109,2024-11-17T07:24:00Z,1340.89,NEFT,690,1018,5,1,False,False,0,0
TXN_001046,2024-10-01T18:36:00Z,2376.14,NEFT,490,3277,3,1,False,True,1,0
TXN_001661,2024-08-22T19:07:00Z,3677.08,RTGS,1403,1444,7,3,False,False,0,0
TXN_000973,2024-05-26T08:43:00Z,1949.11,NEFT,2142,654,6,8,False,False,1,0
TXN_001963,2024-01-24T04:53:00Z,104944.43,UPI,2093,1405,3,9,False,False,1,1
TXN_000369,2024-12-27T19:17:00Z,4289.71,UPI,822,3242,1,1,False,False,1,0
TXN_001719,2024-06-21T12:40:00Z,62449.54,NEFT,380,1028,2,3,False,False,1,0
TXN_001133,2024-07-24T06:37:00Z,2371.79,RTGS,3647,2022,0,1,False,False,1,0
TXN_001688,2024-05-02T17:45:00Z,6282.12,RTGS,1984,265,4,5,False,False,1,0
TXN_000496,2024-10-11T19:47:00Z,977.23,NEFT,931,2070,5,1,False,False,1,0
TXN_001774,2024-11-29T08:50:00Z,15103.46,IMPS,2864,832,4,9,False,False,1,0
TXN_001006,2024-11-17T21:54:00Z,1369.99,UPI,465,222,3,1,False,True,0,0
TXN_001314,2024-12-09T12:14:00Z,11913.73,IMPS,845,2201,6,3,False,True,1,0
TXN_001609,2024-08-07T12:11:00Z,3521.5,NEFT,283,2556,0,1,False,True,1,0
TXN_001995,2024-12-10T16:39:00Z,9129.65,UPI,1740,1337,1,33,False,False,0,1
TXN_000307,2024-06-21T09:14:00Z,16992.77,IMPS,364,1205,6,5,False,False,1,0
TXN_000770,2024-07-08T20:14:00Z,726.64,RTGS,3212,3546,6,8,False,False,1,0
TXN_000510,2024-08-12T16:28:00Z,141440.82,RTGS,1527,2078,3,3,False,False,0,0
TXN_001651,2024-03-06T15:55:00Z,6313.3,IMPS,3540,1778,0,1,False,True,1,0
TXN_000913,2024-02-11T09:19:00Z,8322.91,UPI,1371,338,0,3,False,False,0,0
TXN_001862,2024-11-03T06:49:00Z,31032.28,NEFT,3573,3370,7,4,False,False,1,0
TXN_000683,2024-03-04T21:39:00Z,903.39,UPI,1333,3195,7,5,False,True,1,0
TXN_000306,2024-09-10T11:02:00Z,736.12,NEFT,186,3284,0,9,False,False,1,0
TXN_001901,2024-04-11T15:22:00Z,2815.61,RTGS,2913,996,1,9,False,False,1,0
TXN_001883,2024-02-07T21:38:00Z,1550.71,IMPS,2212,2762,1,5,False,False,0,0
TXN_000858,2024-04-01T08:41:00Z,21576.59,UPI,2505,1348,6,2,False,False,0,0
TXN_001571,2024-06-26T06:56:00Z,7294.31,NEFT,807,888,7,1,False,False,0,0
TXN_000136,2024-12-26T06:26:00Z,7311.83,NEFT,2743,1035,7,5,False,False,1,0
TXN_001431,2024-03-08T16:58:00Z,747.45,NEFT,3345,3010,0,6,False,False,1,0
TXN_000619,2024-11-04T09:33:00Z,5041.4,RTGS,2495,480,5,4,False,False,0,0
TXN_001851,2024-06-05T13:40:00Z,3574.44,RTGS,73,1890,7,4,False,False,0,0
TXN_001475,2024-03-27T20:56:00Z,2671.59,NEFT,3374,2984,2,1,False,False,1,0
TXN_000159,2024-05-23T21:11:00Z,28783.12,RTGS,3489,3189,3,2,False,False,1,0
TXN_001703,2024-09-18T15:04:00Z,9418.03,NEFT,3168,991,6,2,False,False,1,0
TXN_001887,2024-03-10T14:14:00Z,10274.32,IMPS,800,2195,4,5,False,False,0,0
TXN_000106,2024-11-10T07:01:00Z,578.05,IMPS,98,2571,1,6,False,False,1,0
TXN_000873,2024-11-15T15:39:00Z,3626.87,UPI,1739,1306,0,2,False,False,1,0
TXN_001934,2024-09-27T10:03:00Z,3476.17,RTGS,2972,2001,4,7,True,False,1,0
TXN_001761,2024-03-24T06:30:00Z,3561.22,RTGS,931,2786,4,1,False,False,1,0
TXN_000381,2024-06-16T06:58:00Z,3608.24,IMPS,807,1180,4,1,False,False,1,0
TXN_000327,2024-08-22T09:17:00Z,1738.66,RTGS,2845,396,0,3,False,False,1,0
TXN_001730,2024-10-01T09:10:00Z,1095.21,NEFT,1655,2336,3,4,False,False,0,0
TXN_001582,2024-10-24T12:57:00Z,21844.54,NEFT,1562,1254,3,3,False,False,0,0
TXN_000363,2024-03-02T13:15:00Z,2959.95,NEFT,1144,524,1,4,False,True,1,0
TXN_001520,2024-08-07T21:07:00Z,3397.52,IMPS,2640,573,6,3,False,False,1,0
TXN_001161,2024-12-27T20:40:00Z,4871.81,IMPS,3473,1344,0,3,False,False,1,0
TXN_001041,2024-04-25T21:25:00Z,42417.38,IMPS,2232,778,7,8,False,False,1,0
TXN_001645,2024-01-05T13:38:00Z,3084.96,UPI,693,310,4,8,False,False,0,0
TXN_001354,2024-04-12T09:02:00Z,4029.62,NEFT,351,2536,4,9,False,False,0,0
TXN_000489,2024-04-18T18:02:00Z,2549.35,IMPS,2868,3209,2,3,False,False,1,0
TXN_001379,2024-03-26T16:48:00Z,12753.37,UPI,227,915,2,7,False,False,0,0
TXN_000970,2024-03-09T09:22:00Z,6144.42,UPI,3030,2914,1,5,False,False,1,0
TXN_001552,2024-02-15T16:28:00Z,8557.91,IMPS,49,1861,1,4,False,False,0,0
TXN_001060,2024-02-22T08:48:00Z,4400.88,NEFT,3101,2976,0,4,False,False,0,0
TXN_001940,2024-08-17T17:11:00Z,8206.31,NEFT,1922,2174,5,9,False,False,1,0
TXN_000519,2024-02-18T20:32:00Z,6775.36,UPI,2689,2963,6,7,False,False,1,0
TXN_000322,2024-05-07T14:06:00Z,18831.32,RTGS,1940,525,0,8,False,False,1,0
TXN_001834,2024-08-04T10:38:00Z,2895.29,RTGS,1447,2321,1,3,False,False,1,0
TXN_000405,2024-12-03T10:40:00Z,7198.29,RTGS,1438,2743,1,9,False,False,1,0
TXN_001910,2024-11-21T16:20:00Z,2188.21,NEFT,473,805,1,5,False,False,0,0
TXN_001009,2024-02-28T15:54:00Z,1964.51,RTGS,3519,1396,0,2,False,False,0,0
TXN_000214,2024-06-02T19:14:00Z,2294.39,IMPS,3521,2063,2,1,False,False,0,0
TXN_001951,2024-01-07T07:36:00Z,2697.77,UPI,2930,1236,20,4,False,False,1,1
TXN_001166,2024-11-01T17:23:00Z,2718.78,UPI,2918,3356,7,1,False,False,1,0
TXN_001827,2024-08-17T14:54:00Z,2735.79,NEFT,2829,3198,1,8,False,False,1,0
TXN_001371,2024-01-10T06:26:00Z,1278.18,IMPS,1973,3646,1,7,False,False,0,0
TXN_000681,2024-08-07T09:48:00Z,12541.74,RTGS,1503,1862,5,6,False,False,0,0
TXN_001273,2024-10-22T17:19:00Z,5854.89,UPI,2430,465,0,6,False,False,1,0
TXN_001842,2024-01-05T09:34:00Z,7293.08,RTGS,1176,1075,4,2,False,False,1,0
TXN_000224,2024-03-09T20:31:00Z,841.06,UPI,3000,613,5,6,False,False,0,0
TXN_001757,2024-07-30T16:21:00Z,3653.78,NEFT,2401,2037,7,7,False,False,1,0
TXN_001019,2024-10-10T22:10:00Z,2301.07,UPI,2847,1560,1,9,False,False,0,0
TXN_000699,2024-01-23T17:23:00Z,1597.32,IMPS,1639,2751,4,8,False,False,1,0
TXN_000717,2024-02-01T17:11:00Z,8924.57,UPI,1076,3397,1,6,False,False,0,0
TXN_001597,2024-01-23T15:30:00Z,23618.2,IMPS,1178,3646,0,9,False,False,1,0
TXN_001471,2024-07-29T10:07:00Z,3603.01,UPI,1350,833,0,4,False,False,0,0
TXN_001154,2024-05-14T09:07:00Z,9635.79,UPI,2844,857,5,8,False,False,1,0
TXN_000371,2024-03-20T11:45:00Z,2434.62,NEFT,2612,1981,4,9,False,False,1,0
TXN_000691,2024-09-05T09:44:00Z,2768.89,UPI,460,3216,0,9,False,False,1,0
TXN_001588,2024-04-19T10:11:00Z,5529.87,IMPS,544,2930,3,6,False,False,1,0
TXN_001908,2024-07-10T19:08:00Z,14508.36,UPI,486,1284,3,6,False,False,0,0
TXN_001068,2024-11-23T12:43:00Z,20537.46,RTGS,2172,89,4,7,False,False,0,0
TXN_001838,2024-10-15T07:40:00Z,16774.01,NEFT,2414,1341,3,1,False,True,0,0
TXN_000242,2024-11-04T10:49:00Z,2859.32,UPI,2782,3508,3,5,False,False,0,0
TXN_001568,2024-12-16T16:39:00Z,12672.04,UPI,2452,3560,5,4,False,False,0,0
TXN_001918,2024-09-18T11:41:00Z,15490.42,UPI,3206,1492,0,9,False,False,1,0
TXN_001717,2024-11-01T16:53:00Z,6196.45,IMPS,3523,2044,0,9,False,False,1,0
TXN_000462,2024-10-24T22:26:00Z,1398.97,RTGS,2029,1724,3,4,False,False,1,0
TXN_001602,2024-08-03T14:08:00Z,17433.39,UPI,1618,3424,7,7,False,False,1,0
TXN_001632,2024-05-04T13:56:00Z,2962.59,IMPS,1953,3233,5,8,False,False,0,0
TXN_000180,2024-02-16T13:07:00Z,12906.47,UPI,3062,279,2,7,False,True,0,0
TXN_000292,2024-12-09T21:06:00Z,7887.9,IMPS,2640,972,0,4,False,True,1,0
TXN_000552,2024-01-22T10:01:00Z,2565.94,RTGS,1605,310,3,9,False,False,0,0
TXN_001489,2024-03-04T10:29:00Z,53056.7,UPI,3240,2692,1,2,False,False,0,0
TXN_001225,2024-05-31T21:15:00Z,718.82,UPI,65,3452,6,4,False,False,0,0
TXN_000431,2024-04-13T10:14:00Z,2266.9,IMPS,2410,3281,7,6,False,False,0,0
TXN_000282,2024-01-27T06:55:00Z,3884.68,IMPS,173,3450,0,7,False,True,0,0
TXN_000223,2024-08-13T07:32:00Z,4815.3,RTGS,470,2856,1,9,False,False,0,0
TXN_001929,2024-08-19T17:59:00Z,14773.72,NEFT,1082,2245,3,1,False,False,1,0
TXN_001840,2024-11-13T14:06:00Z,332.99,UPI,2637,30,4,5,False,False,1,0
TXN_000026,2024-09-25T07:44:00Z,6123.45,UPI,3421,3460,1,1,False,False,0,0
TXN_000270,2024-05-02T10:27:00Z,6031.49,RTGS,2963,51,3,8,False,True,1,0
TXN_000293,2024-07-05T14:17:00Z,11822.87,IMPS,1402,459,3,9,False,False,0,0
TXN_000215,2024-10-10T19:36:00Z,4839.05,RTGS,2701,3053,6,2,True,False,0,0
TXN_001694,2024-03-02T08:12:00Z,1724.5,RTGS,3084,2974,0,7,False,False,1,0
TXN_001738,2024-09-14T06:52:00Z,19843.32,NEFT,2859,3397,5,9,False,False,1,0
TXN_000522,2024-11-11T09:52:00Z,64352.83,IMPS,3371,266,1,3,False,False,1,0
TXN_001214,2024-06-21T20:57:00Z,4061.22,IMPS,2238,1457,2,2,False,False,1,0
TXN_001410,2024-05-15T20:47:00Z,16869.72,NEFT,459,1827,2,9,False,False,1,0
TXN_001098,2024-08-09T18:50:00Z,30511.88,RTGS,755,1971,6,6,False,False,0,0
TXN_000454,2024-10-14T07:39:00Z,5257.69,NEFT,1880,1979,0,5,False,False,0,0
TXN_001106,2024-03-02T06:18:00Z,11761.69,NEFT,2011,1332,7,1,False,False,1,0
TXN_000127,2024-03-31T18:19:00Z,3356.02,UPI,162,3432,0,8,False,False,0,0
TXN_001198,2024-10-16T06:42:00Z,21027.58,RTGS,2013,3155,5,6,False,False,0,0
TXN_000357,2024-05-04T07:39:00Z,31095.83,RTGS,1018,585,0,6,False,False,0,0
TXN_000465,2024-11-08T22:31:00Z,5740.44,NEFT,2098,2985,1,7,False,False,0,0
TXN_001438,2024-01-15T11:42:00Z,2080.72,NEFT,289,2358,5,1,False,False,1,0
TXN_001189,2024-01-07T20:35:00Z,10933.66,IMPS,2427,530,1,2,False,False,1,0
TXN_001346,2024-01-19T07:07:00Z,6903.41,UPI,1123,1084,0,2,False,False,1,0
TXN_000129,2024-12-13T20:08:00Z,9971.2,UPI,3504,781,1,3,True,False,0,0
TXN_001365,2024-06-03T19:06:00Z,10091.21,IMPS,1902,2891,4,3,False,False,1,0
TXN_001375,2024-10-08T13:28:00Z,6998.67,RTGS,3608,3477,0,4,False,False,0,0
TXN_000939,2024-11-08T11:53:00Z,12762.63,UPI,1140,1502,3,2,True,False,0,0
TXN_000561,2024-02-11T10:33:00Z,2037.97,NEFT,329,2487,2,1,False,False,0,0
TXN_001427,2024-07-08T14:34:00Z,1537.26,UPI,3508,3594,4,3,False,False,1,0
TXN_000479,2024-11-18T18:18:00Z,3410.54,RTGS,2496,1068,2,2,False,False,0,0
TXN_001049,2024-04-30T07:44:00Z,13116.59,NEFT,2404,1332,6,3,False,False,0,0
TXN_001690,2024-11-14T09:39:00Z,5497.45,NEFT,581,2956,2,1,False,False,1,0
TXN_001720,2024-04-04T11:40:00Z,3584.91,UPI,2230,313,6,3,False,False,1,0
TXN_001126,2024-05-09T17:50:00Z,6655.75,NEFT,1853,109,3,1,False,False,1,0
TXN_000449,2024-11-08T20:00:00Z,4568.28,UPI,2657,1566,4,1,False,False,0,0
TXN_001372,2024-05-25T14:58:00Z,3777.58,RTGS,2952,2797,4,8,False,False,0,0
TXN_001211,2024-06-24T08:15:00Z,11539.76,NEFT,3433,2669,2,2,False,False,1,0
TXN_000797,2024-01-16T15:24:00Z,16497.01,IMPS,3481,1779,5,1,False,False,0,0
TXN_000514,2024-01-06T07:28:00Z,8139.1,RTGS,2476,59,2,2,False,False,1,0
TXN_001199,2024-11-20T07:03:00Z,19148.43,IMPS,584,3087,1,6,False,False,1,0
TXN_001999,2024-03-22T09:17:00Z,11231.33,IMPS,0,2895,7,6,True,False,0,1
TXN_001615,2024-03-12T21:12:00Z,6611.65,NEFT,1648,3279,1,8,False,False,1,0
TXN_001139,2024-04-21T21:26:00Z,42524.3,UPI,657,924,4,4,False,False,1,0
TXN_001660,2024-08-30T09:26:00Z,5444.83,RTGS,809,1812,0,9,False,False,0,0
TXN_001763,2024-03-23T20:31:00Z,19112.42,IMPS,385,1878,6,6,False,False,1,0
TXN_000234,2024-01-22T19:20:00Z,10606.15,UPI,540,982,7,2,False,False,1,0
TXN_000346,2024-05-15T07:24:00Z,10482.75,NEFT,3471,1609,3,8,False,False,1,0
TXN_000430,2024-03-02T14:26:00Z,121311.4,UPI,1906,1356,0,5,False,False,0,0
TXN_000861,2024-12-14T16:46:00Z,3244.14,RTGS,255,2228,6,9,False,False,0,0
TXN_000709,2024-08-07T21:15:00Z,1181.05,RTGS,560,1274,4,7,False,False,0,0
TXN_000989,2024-09-18T18:38:00Z,5555.31,UPI,1571,1601,7,1,False,False,0,0
TXN_000064,2024-10-13T13:36:00Z,4764.58,RTGS,1520,585,3,8,False,False,0,0
TXN_001402,2024-12-04T08:46:00Z,10879.64,RTGS,3081,1089,4,1,False,False,0,0
TXN_001141,2024-07-10T09:40:00Z,5726.39,UPI,1045,2280,0,2,False,False,0,0
TXN_000091,2024-03-14T11:33:00Z,1732.19,UPI,3516,2327,7,4,False,False,1,0
TXN_000910,2024-03-26T06:38:00Z,1647.33,RTGS,3272,2659,5,5,False,False,1,0
TXN_000775,2024-11-04T11:28:00Z,30919.84,NEFT,1671,1355,3,2,False,False,0,0
TXN_000010,2024-08-08T11:01:00Z,2821.93,RTGS,806,1031,3,9,False,True,1,0
TXN_001477,2024-06-13T10:47:00Z,87250.63,IMPS,372,1425,5,5,False,False,0,0
TXN_001858,2024-11-10T08:49:00Z,3960.77,IMPS,3446,2871,7,3,False,False,1,0
TXN_000954,2024-06-18T15:01:00Z,5120.73,IMPS,2004,622,5,2,False,True,1,0
TXN_000529,2024-03-12T18:34:00Z,21653.87,UPI,3322,228,5,2,False,False,0,0
TXN_001238,2024-10-12T06:27:00Z,575.94,NEFT,3389,2055,2,9,False,False,1,0
TXN_001147,2024-08-07T09:07:00Z,3968.56,UPI,2516,1271,6,1,False,False,0,0
TXN_000178,2024-01-28T22:57:00Z,2222.3,RTGS,709,3400,4,9,False,False,1,0
TXN_000836,2024-06-03T18:03:00Z,3816.18,NEFT,1001,2769,3,5,False,False,0,0
TXN_001949,2024-04-20T04:12:00Z,153430.33,IMPS,3062,845,6,6,False,False,0,1
TXN_000300,2024-09-09T11:32:00Z,3974.96,UPI,1401,1079,4,3,False,False,1,0
TXN_001734,2024-03-08T22:46:00Z,750.38,UPI,2241,2488,7,4,False,False,0,0
TXN_000739,2024-01-24T22:19:00Z,1165.13,IMPS,859,2426,2,8,False,False,0,0
TXN_000543,2024-02-27T06:55:00Z,1275.68,IMPS,1241,1022,2,7,False,False,1,0
TXN_001784,2024-08-07T15:23:00Z,9481.0,UPI,3615,606,4,4,False,False,0,0
TXN_000475,2024-06-25T06:33:00Z,6759.03,RTGS,681,2788,7,2,False,False,0,0
TXN_001698,2024-03-27T10:41:00Z,2671.08,IMPS,1727,2815,0,8,True,False,0,0
TXN_001259,2024-04-09T07:11:00Z,23312.96,UPI,755,882,7,2,False,False,1,0
TXN_000585,2024-06-09T15:36:00Z,5376.17,UPI,1237,598,6,8,False,False,1,0
TXN_000205,2024-10-12T10:34:00Z,11549.21,NEFT,776,1652,3,8,False,False,0,0
TXN_000923,2024-08-23T17:02:00Z,3214.43,NEFT,3222,2069,5,1,False,False,1,0
TXN_001497,2024-05-09T20:00:00Z,3713.83,IMPS,2624,2059,5,8,False,False,1,0
TXN_000724,2024-10-04T22:09:00Z,4761.34,IMPS,2968,608,6,1,False,False,1,0
TXN_001977,2024-12-16T12:12:00Z,1582.6,NEFT,2187,1594,24,8,False,False,1,1
TXN_001729,2024-06-04T09:18:00Z,6583.9,RTGS,3007,1669,7,6,False,False,1,0
TXN_001076,2024-03-18T21:10:00Z,35612.18,UPI,399,549,2,7,False,False,0,0
TXN_001788,2024-02-19T07:24:00Z,5448.16,UPI,1369,975,4,3,False,False,0,0
TXN_000888,2024-08-21T11:30:00Z,15811.43,NEFT,2502,187,1,4,False,True,0,0
TXN_001696,2024-11-23T09:17:00Z,4395.84,NEFT,1497,1636,6,5,False,False,1,0
TXN_001467,2024-04-06T13:38:00Z,2728.58,RTGS,504,3154,2,9,False,False,0,0
TXN_001769,2024-03-04T21:36:00Z,3853.25,UPI,2751,2106,3,7,True,False,0,0
TXN_001622,2024-04-04T20:45:00Z,5269.57,IMPS,3315,1011,4,2,False,False,1,0
TXN_000685,2024-11-23T07:46:00Z,4251.71,IMPS,2816,1032,0,6,False,False,1,0
TXN_001631,2024-01-17T11:03:00Z,1041.64,UPI,1835,667,7,3,False,False,0,0
TXN_000996,2024-01-22T10:47:00Z,4262.86,RTGS,100,1727,1,2,False,False,0,0
TXN_000925,2024-11-20T20:59:00Z,31833.47,NEFT,1406,461,7,6,False,False,0,0
TXN_001424,2024-08-04T15:38:00Z,2676.4,UPI,3036,3149,3,5,False,False,0,0
TXN_000608,2024-08-19T06:33:00Z,16049.11,NEFT,1128,342,7,8,False,False,0,0
TXN_000050,2024-10-25T21:45:00Z,6798.19,RTGS,1348,1956,2,3,False,False,0,0
TXN_001361,2024-04-01T17:37:00Z,14457.2,RTGS,1895,1331,5,4,False,True,0,0
TXN_000141,2024-11-28T21:44:00Z,10294.46,UPI,2006,2569,6,9,False,False,0,0
TXN_000302,2024-01-12T15:07:00Z,4981.73,UPI,1867,323,5,8,False,False,1,0
TXN_000975,2024-06-05T12:08:00Z,10235.58,IMPS,2150,795,0,8,False,False,1,0
TXN_001163,2024-08-28T18:40:00Z,56071.06,UPI,3134,2083,5,4,False,False,0,0
TXN_000079,2024-06-12T17:25:00Z,864.58,IMPS,2080,56,3,3,False,False,1,0
TXN_001298,2024-09-25T07:14:00Z,4270.59,IMPS,166,105,5,9,False,False,0,0
TXN_001148,2024-10-29T12:51:00Z,4605.2,IMPS,1901,1402,0,9,False,False,1,0
TXN_000174,2024-07-11T10:49:00Z,10878.0,UPI,2192,408,5,9,False,False,0,0
TXN_000168,2024-02-22T14:59:00Z,1667.24,UPI,1482,255,2,5,False,False,1,0
TXN_000382,2024-08-25T12:33:00Z,1760.53,UPI,161,2745,4,9,True,False,0,0
TXN_000268,2024-03-09T08:41:00Z,8796.53,NEFT,1067,1676,1,2,False,False,0,0
TXN_001140,2024-10-29T13:41:00Z,6536.52,IMPS,2303,2638,7,9,False,False,1,0
TXN_001318,2024-12-06T16:53:00Z,5057.07,RTGS,1213,1689,2,4,False,False,1,0
TXN_001345,2024-06-08T06:38:00Z,8673.33,RTGS,1075,1660,3,3,False,False,0,0
TXN_000313,2024-10-31T18:04:00Z,3403.83,UPI,3245,233,4,8,False,False,1,0
TXN_000903,2024-08-27T15:05:00Z,18490.64,NEFT,2349,2633,5,7,False,False,1,0
TXN_001487,2024-08-13T14:13:00Z,10490.6,RTGS,1188,1469,1,9,False,False,1,0
TXN_000056,2024-11-07T08:46:00Z,13156.01,UPI,3326,1075,5,9,True,True,0,0
TXN_001647,2024-10-01T18:30:00Z,1018.87,RTGS,1309,1907,2,7,False,True,0,0
TXN_001383,2024-12-04T15:56:00Z,4610.26,UPI,3548,2146,0,2,False,False,0,0
TXN_000896,2024-10-04T15:51:00Z,9989.24,IMPS,385,2246,7,2,False,False,0,0
TXN_001119,2024-09-07T22:08:00Z,4096.91,NEFT,2331,1095,2,1,False,False,1,0
TXN_001591,2024-07-08T20:11:00Z,9762.36,IMPS,2637,849,5,9,False,False,1,0
TXN_000276,2024-11-17T10:30:00Z,992.11,UPI,1652,496,2,4,False,False,1,0
TXN_001398,2024-02-04T08:24:00Z,2923.51,IMPS,651,2560,0,4,False,False,1,0
TXN_000993,2024-01-15T18:35:00Z,22001.43,RTGS,1306,42,5,2,False,False,0,0
TXN_000152,2024-05-14T06:40:00Z,1317.11,IMPS,2880,2495,6,9,False,False,1,0
TXN_000818,2024-04-06T16:36:00Z,6439.07,IMPS,2829,2678,2,7,False,False,1,0
TXN_000392,2024-02-17T09:48:00Z,1812.49,NEFT,1056,2724,3,2,False,False,0,0
TXN_001321,2024-11-16T10:06:00Z,6724.53,IMPS,68,1017,5,7,False,False,1,0
TXN_000256,2024-12-16T16:57:00Z,547.81,NEFT,1116,3363,3,7,False,True,0,0
TXN_001373,2024-01-02T14:42:00Z,1621.13,UPI,1714,1372,1,8,False,False,1,0
TXN_001695,2024-05-04T08:15:00Z,4676.9,RTGS,2128,2108,4,2,False,False,0,0
TXN_001930,2024-04-18T11:18:00Z,1537.26,NEFT,2929,322,7,5,False,False,1,0
TXN_000442,2024-04-29T11:00:00Z,8796.83,RTGS,2591,543,6,5,False,False,1,0
TXN_001797,2024-02-07T16:02:00Z,1550.71,IMPS,2124,2237,6,8,False,False,1,0
TXN_000407,2024-08-13T13:11:00Z,32965.1,UPI,1855,1007,1,6,False,False,0,0
TXN_000201,2024-09-25T06:29:00Z,886.64,IMPS,2194,2727,2,2,False,False,0,0
TXN_001589,2024-06-10T21:20:00Z,4171.43,UPI,2076,2767,0,2,False,False,0,0
TXN_000985,2024-04-27T08:44:00Z,1911.15,NEFT,2958,79,0,9,False,False,1,0
TXN_000002,2024-07-06T19:07:00Z,1765.78,NEFT,1372,690,7,8,False,False,1,0
TXN_001961,2024-05-06T03:00:00Z,128070.49,UPI,2353,1054,1,1,False,False,1,1
TXN_001532,2024-08-23T12:03:00Z,579.77,NEFT,86,1905,7,1,False,False,1,0
TXN_000096,2024-04-26T17:57:00Z,7164.49,RTGS,1597,535,0,9,False,True,1,0
TXN_000422,2024-10-19T07:36:00Z,24201.61,NEFT,2462,659,5,6,False,True,1,0
TXN_000348,2024-07-11T19:29:00Z,7838.83,UPI,1011,519,3,3,False,False,0,0
TXN_001014,2024-07-19T20:19:00Z,356.54,IMPS,415,2483,1,9,False,False,0,0
TXN_001480,2024-12-09T19:14:00Z,3794.34,NEFT,688,882,7,4,False,False,1,0
TXN_001327,2024-02-15T19:25:00Z,3593.49,IMPS,1321,3599,2,6,False,False,1,0
TXN_001618,2024-10-07T14:50:00Z,3221.54,IMPS,2038,700,7,9,False,False,0,0
TXN_000145,2024-10-06T22:13:00Z,92425.31,RTGS,2296,1682,5,3,False,False,0,0
TXN_000281,2024-12-28T17:29:00Z,6818.77,IMPS,434,1909,6,5,False,False,0,0
TXN_001710,2024-03-10T10:09:00Z,871.66,NEFT,3224,357,2,7,False,False,1,0
TXN_000427,2024-01-02T07:14:00Z,2612.84,UPI,3581,375,5,4,False,False,1,0
TXN_001595,2024-10-26T12:22:00Z,6866.27,NEFT,2253,1310,7,1,False,False,0,0
TXN_000321,2024-04-18T18:52:00Z,32389.93,IMPS,1982,2498,7,9,False,False,1,0
TXN_000616,2024-06-23T11:11:00Z,4165.29,IMPS,1018,578,3,6,False,False,0,0
TXN_000804,2024-10-27T09:25:00Z,8479.77,RTGS,50,2747,6,8,False,False,1,0
TXN_001640,2024-02-22T14:05:00Z,5592.01,NEFT,2658,397,4,8,False,False,0,0
TXN_001486,2024-05-02T15:30:00Z,21266.66,RTGS,2568,787,7,8,False,True,1,0
TXN_000712,2024-10-05T17:12:00Z,7821.21,IMPS,2756,1949,5,6,False,False,1,0
TXN_000972,2024-10-19T15:27:00Z,1948.83,RTGS,2879,2824,1,2,False,False,0,0
TXN_000170,2024-06-20T15:07:00Z,9746.31,UPI,729,3584,0,8,False,False,1,0
TXN_000173,2024-02-04T15:18:00Z,16304.62,UPI,3535,1438,6,2,False,False,1,0
TXN_000825,2024-10-14T14:36:00Z,1168.57,UPI,3521,3612,0,5,False,False,0,0
TXN_001599,2024-05-05T15:58:00Z,1290.91,NEFT,1535,2294,3,7,False,False,1,0
TXN_000039,2024-01-18T10:00:00Z,6723.67,IMPS,3264,398,0,8,False,False,1,0
TXN_001546,2024-12-09T09:58:00Z,2349.28,IMPS,2459,2193,5,1,False,False,1,0
TXN_001367,2024-09-02T16:13:00Z,17392.84,RTGS,2585,3488,4,2,False,False,0,0
TXN_000261,2024-07-19T09:47:00Z,148.33,UPI,248,2252,7,6,False,False,1,0
TXN_001001,2024-06-17T06:56:00Z,1422.86,UPI,482,863,4,8,False,False,1,0
TXN_001011,2024-09-13T14:30:00Z,14889.1,IMPS,159,3643,0,9,False,False,0,0
TXN_001621,2024-05-19T18:24:00Z,3238.21,UPI,2049,558,5,3,False,False,1,0
TXN_001778,2024-08-25T21:54:00Z,2750.68,RTGS,2718,716,6,4,False,False,1,0
TXN_000651,2024-04-12T22:28:00Z,3698.09,IMPS,2488,2535,1,5,False,False,1,0
TXN_001933,2024-11-17T18:09:00Z,13194.7,UPI,2643,1849,4,1,False,True,1,0
TXN_000241,2024-01-28T16:45:00Z,4133.41,IMPS,1605,343,7,3,False,False,1,0
TXN_001245,2024-08-24T07:34:00Z,10047.64,NEFT,2706,1041,1,5,False,False,0,0
TXN_000680,2024-09-07T14:50:00Z,13262.6,IMPS,2245,2746,6,4,False,False,1,0
TXN_001184,2024-01-31T08:11:00Z,4051.13,UPI,2867,2552,2,4,False,False,1,0
TXN_000486,2024-10-05T20:17:00Z,1178.02,RTGS,1149,1985,1,7,False,False,0,0
TXN_000898,2024-02-01T16:31:00Z,473.97,UPI,2534,705,0,4,False,False,0,0
TXN_000203,2024-07-12T11:11:00Z,7302.21,RTGS,643,2593,6,2,False,False,1,0
TXN_000626,2024-11-16T11:22:00Z,3960.38,RTGS,1104,2974,0,5,False,False,0,0
TXN_000679,2024-04-17T19:40:00Z,630.27,UPI,2720,3018,1,5,False,False,1,0
TXN_001352,2024-11-18T20:53:00Z,6106.59,IMPS,1853,3498,2,8,False,False,1,0
TXN_000403,2024-04-07T12:50:00Z,1071.8,RTGS,2348,1398,3,8,False,False,0,0
TXN_000524,2024-06-12T10:20:00Z,4390.58,IMPS,1831,2919,0,4,False,False,0,0
TXN_000076,2024-09-28T12:32:00Z,10885.63,RTGS,3087,1228,3,5,False,False,1,0
TXN_000458,2024-04-25T16:15:00Z,1613.26,UPI,176,3221,2,1,False,False,1,0
TXN_001404,2024-12-01T07:48:00Z,1790.07,IMPS,1247,3455,4,3,False,False,1,0
TXN_000999,2024-11-05T17:44:00Z,23929.02,NEFT,498,2213,5,5,False,False,0,0
TXN_001656,2024-12-14T09:24:00Z,1914.65,NEFT,511,362,6,7,False,True,0,0
TXN_001556,2024-10-12T19:12:00Z,4662.11,UPI,458,2663,3,1,False,False,1,0
TXN_000121,2024-06-29T17:53:00Z,4842.65,UPI,520,1097,2,7,False,False,0,0
TXN_000252,2024-12-25T20:26:00Z,426.12,UPI,2778,3594,4,2,False,False,0,0
TXN_000380,2024-04-23T13:48:00Z,29013.27,NEFT,2774,1020,7,5,False,False,1,0
TXN_001642,2024-10-31T20:30:00Z,1600.34,RTGS,2272,1435,1,6,False,False,0,0
TXN_000438,2024-06-18T13:21:00Z,1012.01,NEFT,2126,2004,3,3,False,False,0,0
TXN_000383,2024-02-13T21:52:00Z,3173.8,UPI,551,1482,2,5,True,False,0,0
TXN_001020,2024-08-09T08:27:00Z,2468.27,IMPS,1361,1557,5,6,False,False,1,0
TXN_000005,2024-09-28T21:21:00Z,2657.95,RTGS,3308,1371,0,5,False,False,1,0
TXN_001495,2024-07-01T15:21:00Z,1545.43,NEFT,584,1706,7,3,False,False,1,0
TXN_000560,2024-03-25T18:11:00Z,9606.72,NEFT,1654,2725,1,7,False,False,1,0
TXN_001331,2024-04-26T15:27:00Z,4245.8,NEFT,108,189,0,2,False,False,1,0
TXN_000410,2024-10-09T16:16:00Z,11938.9,UPI,442,933,5,3,False,False,1,0
TXN_001679,2024-09-25T08:42:00Z,921.75,IMPS,2881,3478,6,4,False,False,1,0
TXN_001715,2024-10-13T14:33:00Z,3276.48,RTGS,452,3249,2,7,False,False,1,0
TXN_000221,2024-03-23T21:24:00Z,7250.42,RTGS,956,157,0,2,False,False,0,0
TXN_000353,2024-11-04T08:04:00Z,8636.82,RTGS,877,2976,3,7,False,False,0,0
TXN_001481,2024-11-26T14:21:00Z,2791.81,IMPS,2821,1213,0,3,False,True,1,0
TXN_000955,2024-02-12T12:52:00Z,1687.95,RTGS,2153,1206,3,3,False,False,0,0
TXN_001072,2024-05-24T15:18:00Z,1125.17,NEFT,3222,384,5,2,False,False,0,0
TXN_000912,2024-07-29T12:42:00Z,3044.96,IMPS,535,120,2,8,False,False,0,0
TXN_000011,2024-04-12T20:55:00Z,11255.17,IMPS,487,2046,4,8,False,False,0,0
TXN_001097,2024-03-02T12:29:00Z,14166.53,UPI,1837,1446,0,1,False,False,1,0
TXN_000772,2024-07-27T17:23:00Z,6928.74,RTGS,2220,2509,6,7,False,False,1,0
TXN_000719,2024-03-14T10:37:00Z,2793.22,IMPS,468,2030,3,7,False,False,1,0
TXN_000158,2024-02-29T08:10:00Z,16919.71,UPI,1472,2560,7,8,False,False,0,0
TXN_000642,2024-12-23T17:24:00Z,3234.71,RTGS,677,3554,3,8,False,False,1,0
TXN_000723,2024-06-10T06:48:00Z,3383.14,NEFT,1360,2678,2,1,False,False,0,0
TXN_000072,2024-06-01T08:50:00Z,34707.96,RTGS,2042,755,6,8,False,False,1,0
TXN_000429,2024-10-04T06:17:00Z,6548.42,NEFT,2883,2954,7,7,False,False,0,0
TXN_000198,2024-09-19T09:38:00Z,6960.79,NEFT,3582,92,3,5,False,True,1,0
TXN_001958,2024-06-15T13:00:00Z,17479.69,IMPS,3648,340,16,7,False,False,1,1
TXN_001880,2024-12-10T09:38:00Z,2137.22,IMPS,2088,3131,6,2,False,False,0,0
TXN_000116,2024-01-02T07:12:00Z,44572.13,IMPS,113,791,7,9,False,False,0,0
TXN_001313,2024-10-26T21:21:00Z,1265.7,NEFT,1315,1324,1,8,False,False,0,0
TXN_001681,2024-05-31T14:42:00Z,5920.51,RTGS,2446,1205,0,2,False,False,1,0
TXN_000123,2024-11-04T19:44:00Z,2516.75,NEFT,1916,628,0,3,False,False,0,0
TXN_000906,2024-02-02T14:57:00Z,11405.81,RTGS,2882,2782,1,6,False,False,0,0
TXN_000308,2024-08-13T21:59:00Z,1916.52,IMPS,1422,40,1,7,False,False,0,0
TXN_000661,2024-05-15T06:01:00Z,10474.88,IMPS,2266,2278,4,6,False,False,1,0
TXN_001369,2024-08-30T13:27:00Z,9091.16,NEFT,1023,2140,6,9,False,False,0,0
TXN_001418,2024-03-20T22:46:00Z,297.23,RTGS,2285,1968,2,8,False,False,0,0
TXN_000118,2024-01-25T13:11:00Z,5101.57,IMPS,1456,2813,1,3,False,False,0,0
TXN_001281,2024-05-11T06:16:00Z,8073.51,RTGS,3584,2886,5,9,False,False,0,0
TXN_001782,2024-01-16T07:29:00Z,10061.37,IMPS,2226,1735,0,4,False,False,0,0
TXN_000905,2024-02-27T22:29:00Z,2851.19,IMPS,1099,1814,6,4,False,False,1,0
TXN_000534,2024-12-29T10:10:00Z,7242.34,NEFT,185,1568,4,3,False,False,1,0
TXN_001747,2024-03-07T20:41:00Z,2488.07,RTGS,2417,124,3,9,False,False,0,0
TXN_001172,2024-12-04T21:52:00Z,19816.85,IMPS,3621,1282,4,1,False,False,1,0
TXN_001043,2024-09-19T10:20:00Z,784.26,NEFT,3375,3201,3,3,False,False,1,0
TXN_000917,2024-08-17T13:16:00Z,18888.21,NEFT,3561,260,6,2,False,False,1,0
TXN_001981,2024-12-14T10:38:00Z,12297.61,IMPS,2,584,1,3,True,False,1,1
TXN_001921,2024-07-27T15:24:00Z,27153.36,NEFT,2274,984,0,3,False,False,1,0
TXN_000716,2024-08-02T09:49:00Z,12609.82,RTGS,2552,3296,6,9,False,False,0,0
TXN_001641,2024-11-17T16:34:00Z,3948.96,RTGS,3452,583,3,2,False,False,1,0
TXN_001007,2024-08-19T17:07:00Z,18191.11,RTGS,442,2383,1,9,False,False,0,0
TXN_000468,2024-11-21T21:45:00Z,1058.8,RTGS,653,284,4,8,False,False,1,0
TXN_001659,2024-06-21T12:28:00Z,8156.47,RTGS,3006,334,6,8,False,False,1,0
TXN_000312,2024-04-28T07:10:00Z,19337.02,NEFT,2664,3463,2,1,False,False,1,0
TXN_000247,2024-11-26T10:56:00Z,5154.54,NEFT,1811,3106,2,9,False,False,0,0
TXN_001012,2024-01-07T21:59:00Z,6356.14,UPI,265,1467,2,8,False,False,1,0
TXN_001241,2024-01-22T22:30:00Z,1007.65,UPI,201,2288,3,1,False,False,0,0
TXN_001124,2024-04-18T17:06:00Z,1584.31,RTGS,3439,2177,0,9,False,False,0,0
TXN_001538,2024-09-17T13:43:00Z,12814.94,NEFT,2177,832,6,2,False,False,1,0
TXN_001501,2024-12-06T19:54:00Z,26711.36,IMPS,1094,3052,2,4,False,False,1,0
TXN_000402,2024-06-08T11:14:00Z,3315.15,IMPS,2717,2175,3,2,False,False,1,0
TXN_000553,2024-06-22T14:43:00Z,4367.3,NEFT,1516,3315,0,1,False,False,1,0
TXN_001422,2024-09-14T07:13:00Z,3843.21,NEFT,432,1839,3,1,False,False,1,0
TXN_001770,2024-01-03T08:17:00Z,16630.13,RTGS,1233,1577,6,6,False,True,0,0
TXN_000817,2024-12-15T10:39:00Z,3372.03,UPI,616,1641,5,2,False,True,0,0
TXN_000435,2024-10-05T22:20:00Z,4277.12,RTGS,3426,3504,2,6,False,False,1,0
TXN_000580,2024-09-12T11:29:00Z,18790.17,NEFT,908,2765,4,9,False,False,1,0
TXN_000197,2024-06-08T21:16:00Z,1100.17,RTGS,1885,1760,7,4,False,False,0,0
TXN_001994,2024-10-17T14:43:00Z,2624.13,NEFT,867,2073,25,1,False,False,0,1
TXN_001419,2024-03-12T19:40:00Z,1960.32,RTGS,300,2770,3,9,False,False,0,0
TXN_001790,2024-03-12T17:04:00Z,1310.12,UPI,2699,1955,1,8,False,False,0,0
TXN_000295,2024-11-14T11:15:00Z,10157.75,IMPS,3363,347,7,2,False,False,0,0
TXN_000393,2024-11-15T17:55:00Z,9079.88,UPI,710,565,3,9,False,False,1,0
TXN_000741,2024-08-29T16:52:00Z,2423.27,UPI,2088,3212,0,2,True,False,0,0
TXN_001551,2024-09-20T08:45:00Z,1609.57,NEFT,2327,3248,2,5,False,False,0,0
TXN_001399,2024-11-26T10:37:00Z,3691.86,NEFT,2675,1769,2,9,False,False,1,0
TXN_000360,2024-01-10T15:23:00Z,1535.67,NEFT,2598,108,3,5,False,False,1,0
TXN_001966,2024-08-14T02:14:00Z,110708.06,NEFT,2956,1029,3,8,False,False,0,1
TXN_001578,2024-11-11T08:13:00Z,1149.75,UPI,2234,1996,5,4,False,False,0,0
TXN_000986,2024-10-22T09:45:00Z,17589.2,NEFT,374,610,4,6,False,False,1,0
TXN_001702,2024-08-08T07:08:00Z,5855.86,UPI,810,1100,7,2,False,False,1,0
TXN_000227,2024-12-25T08:23:00Z,4345.11,IMPS,2416,1745,0,9,False,False,1,0
TXN_001277,2024-05-06T19:41:00Z,6822.83,NEFT,683,1946,6,2,False,False,1,0
TXN_000790,2024-02-04T10:16:00Z,6288.18,UPI,898,2085,3,6,False,False,1,0
TXN_000153,2024-09-30T09:42:00Z,1233.12,RTGS,833,3262,2,2,False,True,0,0
TXN_001704,2024-10-07T20:17:00Z,3545.3,IMPS,726,2599,2,6,False,False,0,0
TXN_001132,2024-03-30T10:56:00Z,901.25,IMPS,1072,1053,4,8,False,False,1,0
TXN_001732,2024-05-27T11:00:00Z,46286.23,NEFT,461,3396,1,6,False,False,0,0
TXN_000746,2024-07-13T21:32:00Z,3090.95,UPI,238,1752,4,5,False,True,0,0
TXN_001909,2024-07-27T12:26:00Z,2789.16,IMPS,71,3198,1,9,False,False,1,0
TXN_000421,2024-12-17T08:56:00Z,15729.48,UPI,311,2204,0,7,False,False,1,0
TXN_000842,2024-08-10T07:35:00Z,3374.12,RTGS,3094,2736,4,3,False,False,0,0
TXN_000839,2024-07-01T21:50:00Z,2275.7,NEFT,1255,2645,6,1,False,False,0,0
TXN_001029,2024-05-02T08:37:00Z,7034.75,UPI,1950,1465,4,7,False,True,0,0
TXN_001749,2024-06-10T13:28:00Z,9037.7,RTGS,240,112,5,2,False,False,0,0
TXN_001395,2024-04-02T22:41:00Z,11005.17,IMPS,2407,1618,6,9,False,False,0,0
TXN_000418,2024-01-15T19:22:00Z,6686.13,NEFT,656,1717,7,1,False,False,0,0
TXN_000285,2024-10-09T06:04:00Z,10459.7,RTGS,1763,3271,1,4,False,False,1,0
TXN_001474,2024-02-10T18:18:00Z,24534.99,UPI,2678,1845,4,5,False,False,1,0
TXN_001835,2024-02-11T12:01:00Z,2407.92,NEFT,1496,110,1,1,False,False,0,0
TXN_001435,2024-12-08T06:16:00Z,4302.01,RTGS,3384,3536,1,2,False,False,0,0
TXN_001073,2024-12-08T13:22:00Z,4774.13,UPI,1641,1524,6,2,False,False,0,0
TXN_001500,2024-10-02T11:05:00Z,18691.98,IMPS,1846,2485,0,7,False,False,1,0
TXN_001967,2024-07-30T03:56:00Z,123921.85,IMPS,2120,578,5,2,False,True,1,1
TXN_000581,2024-02-13T16:23:00Z,2196.5,IMPS,1619,560,5,4,False,False,0,0
TXN_000700,2024-07-08T13:11:00Z,8549.43,IMPS,2147,1482,1,8,False,True,1,0
TXN_001867,2024-10-24T22:20:00Z,49752.75,IMPS,2682,3421,6,4,True,False,0,0
TXN_000776,2024-07-08T14:47:00Z,27576.27,RTGS,1110,3009,2,4,False,True,1,0
TXN_000692,2024-03-17T18:32:00Z,5345.18,NEFT,653,3049,1,3,False,True,0,0
TXN_001045,2024-07-31T09:54:00Z,4190.79,IMPS,2906,2897,2,2,False,False,0,0
TXN_000942,2024-04-13T07:57:00Z,8599.59,IMPS,3066,1453,6,8,False,False,0,0
TXN_000320,2024-08-11T15:35:00Z,10362.22,NEFT,2756,1723,7,4,False,False,1,0
TXN_001888,2024-03-08T18:52:00Z,14322.67,RTGS,2772,530,7,2,False,False,0,0
TXN_001673,2024-08-20T12:05:00Z,2081.0,IMPS,1547,1732,3,5,False,False,1,0
TXN_001899,2024-05-03T13:12:00Z,4316.84,IMPS,1809,1534,3,6,False,False,0,0
TXN_000094,2024-01-01T20:16:00Z,8137.4,IMPS,2896,2147,6,6,False,False,0,0
TXN_001446,2024-07-02T19:15:00Z,18096.69,UPI,2069,213,1,7,False,False,0,0
TXN_000664,2024-04-01T21:06:00Z,5512.84,IMPS,3124,997,5,5,False,False,0,0
TXN_000931,2024-11-01T08:52:00Z,6820.67,NEFT,3249,3157,4,7,False,False,1,0
TXN_001370,2024-12-03T16:32:00Z,1983.6,IMPS,2220,519,4,4,False,False,0,0
TXN_000779,2024-11-11T20:06:00Z,4868.33,UPI,1573,186,4,8,False,False,0,0
TXN_000284,2024-03-23T06:12:00Z,5944.0,NEFT,3616,1301,7,1,False,False,1,0
TXN_000947,2024-05-19T15:26:00Z,433.68,NEFT,1092,2389,6,4,True,False,1,0
TXN_000271,2024-07-07T16:45:00Z,1867.7,IMPS,2701,393,0,8,False,True,1,0
TXN_001804,2024-02-11T20:19:00Z,1253.22,IMPS,3502,700,5,4,False,False,1,0
TXN_000541,2024-08-01T13:12:00Z,6395.07,UPI,2407,1048,5,7,False,False,1,0
TXN_001847,2024-11-19T13:37:00Z,7057.06,IMPS,1075,2760,3,4,False,False,0,0
TXN_000194,2024-02-16T22:20:00Z,1767.66,IMPS,847,1503,3,6,False,False,1,0
TXN_000516,2024-08-22T22:24:00Z,5172.68,UPI,3479,549,0,8,False,False,0,0
TXN_001071,2024-09-09T14:54:00Z,4994.45,IMPS,3477,3320,6,7,False,False,0,0
TXN_000274,2024-07-06T20:19:00Z,1077.66,UPI,3570,1083,3,1,False,False,0,0
TXN_000823,2024-07-11T22:23:00Z,9438.65,RTGS,2511,748,0,7,False,False,1,0
TXN_001759,2024-09-02T18:27:00Z,299.41,NEFT,3337,778,5,1,False,False,0,0
TXN_000640,2024-05-28T13:34:00Z,6757.32,UPI,2495,3160,4,4,False,True,1,0
TXN_000416,2024-01-23T13:11:00Z,1601.85,IMPS,1991,946,1,6,False,False,1,0
TXN_000041,2024-02-19T18:49:00Z,5902.17,NEFT,3530,3134,6,5,False,False,0,0
TXN_001117,2024-07-16T06:39:00Z,5980.56,NEFT,3186,3587,7,8,False,False,1,0
TXN_001341,2024-10-22T14:32:00Z,8929.31,NEFT,2643,618,1,5,False,False,0,0
TXN_000801,2024-02-27T22:26:00Z,22867.61,RTGS,2577,3464,3,9,False,False,1,0
TXN_000386,2024-05-27T22:12:00Z,1487.98,NEFT,1550,480,3,4,False,False,1,0
TXN_000932,2024-03-10T16:31:00Z,6290.45,NEFT,1675,3055,6,2,True,False,0,0
TXN_001390,2024-04-16T19:11:00Z,691.04,NEFT,2854,3101,4,4,False,False,0,0
TXN_001339,2024-07-10T16:33:00Z,9611.7,RTGS,1389,2926,4,2,False,False,1,0
TXN_001765,2024-12-22T19:01:00Z,15587.88,IMPS,1097,1155,0,1,False,False,0,0
TXN_001503,2024-12-16T15:48:00Z,6540.97,RTGS,940,2120,3,3,False,True,0,0
TXN_000536,2024-06-07T22:39:00Z,6313.08,NEFT,1767,2374,7,4,False,False,1,0
TXN_001871,2024-06-17T19:05:00Z,4252.94,IMPS,1946,1315,5,4,False,False,0,0
TXN_001600,2024-06-21T20:30:00Z,8343.94,NEFT,2645,3537,4,4,False,False,0,0
TXN_001200,2024-07-08T19:18:00Z,47109.25,NEFT,3319,1600,3,8,False,False,1,0
TXN_001178,2024-05-22T16:32:00Z,3559.51,IMPS,3223,73,7,9,False,False,0,0
TXN_001965,2024-06-03T02:08:00Z,71962.66,UPI,3213,1242,2,6,True,False,1,1
TXN_000851,2024-02-18T09:22:00Z,4073.08,NEFT,1695,2901,3,2,False,False,1,0
TXN_000125,2024-12-09T16:24:00Z,3749.89,UPI,2660,393,3,3,False,False,1,0
TXN_000657,2024-05-12T19:52:00Z,4118.54,NEFT,1939,710,3,8,False,False,1,0
TXN_000527,2024-02-08T17:03:00Z,9656.91,IMPS,1943,499,1,7,False,False,0,0
TXN_001915,2024-05-18T17:14:00Z,1672.93,NEFT,542,34,0,1,False,True,1,0
TXN_000821,2024-08-07T16:44:00Z,1028.43,IMPS,62,2558,5,9,False,False,1,0
TXN_000255,2024-03-06T15:35:00Z,3149.71,RTGS,2497,573,7,2,False,False,0,0
TXN_001149,2024-04-05T17:44:00Z,2117.0,IMPS,685,82,1,3,False,True,0,0
TXN_000791,2024-08-04T16:47:00Z,3125.4,UPI,3259,164,3,3,False,False,1,0
TXN_000637,2024-11-12T22:09:00Z,227.49,IMPS,525,2508,3,5,True,False,1,0
TXN_000627,2024-10-16T13:27:00Z,13938.96,UPI,1607,3292,3,6,False,False,0,0
