transaction_id,timestamp,amount,transaction_type,sender_account_age_days,receiver_account_age_days,sender_tx_count_24h,receiver_unique_senders_24h,device_changed,location_changed,failed_login_attempts,is_fraud
TXN_300754,2024-01-30T15:26:00Z,2775.28,IMPS,1608,620,2,6,False,False,0,0
TXN_302311,2024-05-31T16:38:00Z,16011.57,UPI,2409,505,7,4,False,False,1,0
TXN_301304,2024-03-15T19:11:00Z,6711.6,RTGS,1533,2207,2,5,False,False,0,0
TXN_300587,2024-02-22T06:51:00Z,12678.21,UPI,2269,1569,1,5,False,False,1,0
TXN_302250,2024-06-16T14:28:00Z,7600.92,RTGS,332,1676,7,8,False,True,0,0
TXN_300322,2024-04-13T13:37:00Z,9564.44,RTGS,958,3517,5,6,False,False,1,0
TXN_301344,2024-10-26T09:17:00Z,12533.06,IMPS,2891,3621,1,6,False,False,0,0
TXN_300663,2024-09-28T13:21:00Z,8738.02,RTGS,1744,3322,6,5,False,False,0,0
TXN_301064,2024-01-08T18:21:00Z,8441.47,RTGS,3366,649,4,5,False,False,1,0
TXN_302151,2024-09-07T13:35:00Z,5719.77,UPI,821,2439,1,9,False,False,0,0
TXN_302558,2024-01-17T09:55:00Z,15644.59,IMPS,1414,394,2,1,False,False,1,0
TXN_301247,2024-10-31T10:26:00Z,2606.79,NEFT,1477,3306,3,4,False,False,0,0
TXN_301215,2024-01-28T22:40:00Z,5359.63,RTGS,798,3525,5,5,False,False,1,0
TXN_301080,2024-03-14T18:43:00Z,4881.19,UPI,3610,3076,4,5,False,False,1,0
TXN_301452,2024-03-14T21:43:00Z,5717.15,RTGS,3465,3541,5,8,False,False,0,0
TXN_302686,2024-03-30T15:11:00Z,5728.37,NEFT,3120,2487,2,8,False,False,0,0
TXN_300085,2024-10-31T15:02:00Z,762.06,RTGS,1756,1514,4,7,True,False,0,0
TXN_300049,2024-08-31T15:58:00Z,1203.67,NEFT,3137,2153,0,5,False,False,1,0
TXN_300565,2024-07-18T20:25:00Z,3066.52,UPI,445,1631,4,2,False,False,0,0
TXN_301275,2024-01-07T17:23:00Z,19151.64,NEFT,1393,2954,2,8,False,False,1,0
TXN_300177,2024-12-22T12:25:00Z,15626.95,RTGS,919,3426,2,9,False,False,1,0
TXN_300472,2024-09-20T21:17:00Z,10782.69,NEFT,3181,1363,6,1,False,False,1,0
TXN_300990,2024-10-23T06:57:00Z,6943.91,NEFT,1042,362,2,2,True,True,1,0
TXN_302200,2024-10-06T14:47:00Z,1656.58,RTGS,3276,488,4,7,False,False,1,0
TXN_302416,2024-10-25T06:45:00Z,27500.57,UPI,1358,1910,6,8,False,False,1,0
TXN_301434,2024-07-26T17:51:00Z,1290.27,IMPS,2072,3073,2,4,False,False,1,0
TXN_301828,2024-12-12T16:45:00Z,20610.85,IMPS,1491,2072,5,3,False,False,1,0
TXN_302462,2024-07-21T13:41:00Z,4811.48,RTGS,1517,582,2,6,False,False,0,0
TXN_301661,2024-07-01T12:48:00Z,12111.23,IMPS,2610,1467,7,4,False,False,1,0
TXN_300354,2024-10-01T20:23:00Z,29163.74,RTGS,501,453,4,7,False,False,0,0
TXN_301879,2024-06-06T07:13:00Z,4715.94,IMPS,3263,1869,0,4,False,False,1,0
TXN_302183,2024-05-03T20:11:00Z,4412.79,NEFT,2369,3515,1,2,True,False,0,0
TXN_301570,2024-02-08T20:36:00Z,1121.78,NEFT,2344,3545,7,6,False,False,0,0
TXN_301868,2024-04-09T07:49:00Z,19588.62,UPI,1462,1067,2,1,False,False,0,0
TXN_302243,2024-06-08T11:45:00Z,7036.02,RTGS,3063,769,4,3,False,False,1,0
TXN_300790,2024-02-08T19:18:00Z,34302.75,IMPS,1750,1834,1,5,False,False,0,0
TXN_300759,2024-12-13T17:24:00Z,2603.91,RTGS,3539,2238,2,2,False,False,1,0
TXN_300885,2024-08-12T17:57:00Z,3588.01,IMPS,2070,1784,2,7,False,False,1,0
TXN_300969,2024-04-20T10:55:00Z,976.53,IMPS,591,1400,2,3,False,False,1,0
TXN_301975,2024-11-27T18:59:00Z,3792.55,NEFT,2268,423,6,6,False,False,1,0
TXN_300463,2024-03-08T10:20:00Z,19701.85,NEFT,2378,309,2,3,False,True,1,0
TXN_300175,2024-02-03T07:54:00Z,50375.15,RTGS,1443,2575,1,7,False,False,1,0
TXN_302057,2024-09-09T14:53:00Z,14386.67,IMPS,692,145,2,5,False,True,1,0
TXN_302223,2024-02-17T10:06:00Z,3151.71,RTGS,207,2573,7,2,False,False,1,0
TXN_301671,2024-07-14T07:08:00Z,635.35,UPI,3348,3365,4,9,False,False,1,0
TXN_302134,2024-10-07T09:08:00Z,2573.57,RTGS,1339,2933,7,7,False,False,0,0
TXN_300743,2024-10-28T18:07:00Z,4503.63,NEFT,3586,968,2,2,False,False,0,0
TXN_301489,2024-05-15T19:30:00Z,8123.03,RTGS,1013,296,7,5,False,False,0,0
TXN_301265,2024-02-13T13:10:00Z,5052.03,IMPS,1847,1582,7,1,False,False,1,0
TXN_300305,2024-05-13T14:56:00Z,5039.05,UPI,3613,3070,6,3,False,False,0,0
TXN_300938,2024-12-28T12:18:00Z,4510.99,IMPS,594,2890,2,8,False,False,0,0
TXN_301469,2024-04-25T18:48:00Z,1480.97,UPI,2537,2322,2,6,False,True,0,0
TXN_301246,2024-06-15T10:00:00Z,7588.71,RTGS,2679,3139,0,1,False,False,0,0
TXN_300607,2024-06-13T10:17:00Z,61496.51,NEFT,3642,835,5,7,False,False,1,0
TXN_301587,2024-10-13T06:41:00Z,72119.82,NEFT,3580,1301,5,6,False,False,0,0
TXN_302245,2024-10-01T12:42:00Z,26423.19,RTGS,2067,3515,1,6,False,False,1,0
TXN_300081,2024-05-30T09:45:00Z,7850.61,IMPS,1879,3619,5,9,False,False,0,0
TXN_301551,2024-12-08T18:36:00Z,1176.06,RTGS,1090,3431,4,6,False,False,1,0
TXN_300712,2024-02-25T22:07:00Z,22592.79,NEFT,2248,3190,4,8,False,False,0,0
TXN_301043,2024-11-14T06:18:00Z,1347.37,NEFT,1417,3228,0,2,False,False,0,0
TXN_300152,2024-06-20T12:56:00Z,2283.02,RTGS,3487,2005,4,2,False,False,0,0
TXN_300448,2024-10-12T12:41:00Z,1013.65,NEFT,1915,2345,4,3,False,False,1,0
TXN_300078,2024-01-27T15:36:00Z,5341.65,UPI,719,1922,1,2,False,False,1,0
TXN_301935,2024-03-13T14:00:00Z,2212.39,IMPS,967,1888,2,4,False,False,0,0
TXN_300705,2024-05-15T19:09:00Z,5009.63,UPI,2008,3064,0,3,False,False,1,0
TXN_302113,2024-04-20T14:44:00Z,2932.22,RTGS,3466,120,4,9,False,True,1,0
TXN_301817,2024-07-20T06:38:00Z,2093.55,UPI,192,745,5,3,False,False,1,0
TXN_302401,2024-04-26T10:39:00Z,942.86,RTGS,3399,504,7,1,False,False,1,0
TXN_301435,2024-01-23T19:29:00Z,1343.47,RTGS,1612,2535,1,9,False,False,1,0
TXN_302683,2024-11-06T21:17:00Z,12252.77,UPI,1011,481,2,3,False,False,0,0
TXN_300366,2024-12-27T10:04:00Z,16342.99,NEFT,2076,1295,3,6,True,False,0,0
TXN_302393,2024-12-28T14:52:00Z,2199.62,NEFT,3280,3176,6,7,False,False,0,0
TXN_300045,2024-04-11T20:38:00Z,15617.95,UPI,3137,615,2,3,False,False,1,0
TXN_301996,2024-03-15T22:57:00Z,11554.76,RTGS,528,263,1,2,False,False,0,0
TXN_300191,2024-12-22T21:47:00Z,14119.5,UPI,3201,1241,3,9,False,False,0,0
TXN_300273,2024-07-06T10:55:00Z,450.48,NEFT,1329,3027,0,2,False,False,0,0
TXN_300979,2024-11-25T12:06:00Z,411.98,UPI,741,3597,7,4,False,False,1,0
TXN_300716,2024-12-06T22:36:00Z,8528.2,RTGS,2048,2318,2,7,False,False,1,0
TXN_301232,2024-08-25T11:59:00Z,598.11,RTGS,445,1632,6,3,False,False,1,0
TXN_301836,2024-03-06T19:50:00Z,1080.8,IMPS,3331,476,2,7,False,False,0,0
TXN_300717,2024-06-09T15:19:00Z,2634.39,NEFT,3367,2588,4,2,False,False,0,0
TXN_302067,2024-09-19T22:59:00Z,2847.03,IMPS,2333,3446,5,3,False,False,0,0
TXN_300474,2024-04-13T06:17:00Z,3060.94,UPI,1993,511,7,3,False,False,1,0
TXN_300143,2024-03-05T08:48:00Z,6590.27,NEFT,2236,761,3,9,False,False,0,0
TXN_300605,2024-09-18T17:41:00Z,50443.19,UPI,2400,1658,4,8,False,True,0,0
TXN_302784,2024-07-08T10:35:00Z,4136.56,NEFT,104,1561,32,5,False,False,1,1
TXN_301049,2024-08-24T19:01:00Z,120902.66,NEFT,3365,3273,5,2,True,False,1,0
TXN_300767,2024-05-18T12:44:00Z,9792.53,UPI,2160,916,7,3,False,False,0,0
TXN_301500,2024-02-05T19:52:00Z,18344.86,NEFT,365,1998,6,9,False,True,0,0
TXN_301829,2024-04-29T21:31:00Z,104287.06,UPI,3053,1468,6,3,False,False,1,0
TXN_302780,2024-10-14T18:39:00Z,23091.96,NEFT,511,1465,3,25,False,False,1,1
TXN_302498,2024-11-29T13:34:00Z,19508.9,RTGS,430,902,7,6,False,False,0,0
TXN_300384,2024-12-24T17:00:00Z,4303.36,IMPS,3155,2395,3,2,True,False,0,0
TXN_300231,2024-12-11T15:47:00Z,9693.59,NEFT,1014,2287,2,6,False,False,1,0
TXN_300763,2024-02-01T13:59:00Z,25892.5,NEFT,1357,3119,4,9,True,False,1,0
TXN_302608,2024-04-29T17:39:00Z,23883.28,IMPS,2362,2786,3,3,False,False,0,0
TXN_301350,2024-02-03T14:15:00Z,689.41,NEFT,3443,3199,3,4,False,False,1,0
TXN_300473,2024-01-24T22:58:00Z,15821.55,UPI,735,1896,6,7,True,False,1,0
TXN_301156,2024-02-26T12:48:00Z,895.06,NEFT,1377,90,5,4,False,False,0,0
TXN_301316,2024-03-12T11:59:00Z,1055.21,IMPS,1185,3389,0,5,False,False,0,0
TXN_302482,2024-12-12T19:26:00Z,11873.39,IMPS,2869,699,0,6,False,False,1,0
TXN_302766,2024-04-03T22:37:00Z,17552.95,RTGS,1012,266,3,47,False,False,1,1
TXN_302757,2024-12-16T10:23:00Z,694.26,IMPS,1096,1072,4,26,False,False,1,1
TXN_302169,2024-09-22T14:41:00Z,9695.56,IMPS,1505,2676,0,3,False,False,0,0
TXN_300736,2024-09-20T15:05:00Z,502.73,RTGS,1017,1828,0,6,False,False,1,0
TXN_301902,2024-10-20T11:06:00Z,1646.98,UPI,3299,2373,2,9,False,False,1,0
TXN_301563,2024-06-21T18:09:00Z,1113.0,UPI,2068,2879,3,6,False,False,0,0
TXN_301368,2024-08-21T06:14:00Z,3727.19,IMPS,3291,2070,2,6,False,False,1,0
TXN_302493,2024-09-10T18:31:00Z,6464.19,NEFT,1960,863,3,6,False,False,0,0
TXN_301454,2024-02-16T19:25:00Z,1923.97,IMPS,77,2254,2,1,False,False,0,0
TXN_300841,2024-10-06T16:35:00Z,7498.28,RTGS,1682,1459,1,6,False,False,1,0
TXN_300869,2024-12-23T10:06:00Z,3766.48,RTGS,2911,1328,2,3,False,False,0,0
TXN_302095,2024-08-10T20:00:00Z,25660.94,RTGS,1950,3475,5,8,False,True,1,0
TXN_300220,2024-03-14T11:03:00Z,6581.79,UPI,367,2361,2,7,False,False,1,0
TXN_302426,2024-01-03T06:26:00Z,4307.7,UPI,162,2764,4,6,False,False,0,0
TXN_301987,2024-10-06T07:15:00Z,6580.89,IMPS,3014,391,5,1,False,False,1,0
TXN_301957,2024-03-21T22:11:00Z,2857.86,UPI,2660,560,7,8,False,False,0,0
TXN_301039,2024-10-15T10:43:00Z,3745.42,IMPS,1682,3194,6,3,False,True,1,0
TXN_301859,2024-07-03T22:40:00Z,2670.11,RTGS,3037,1185,4,7,False,False,0,0
TXN_301565,2024-03-24T13:24:00Z,12104.68,IMPS,468,3142,2,1,False,False,0,0
TXN_300817,2024-08-11T10:45:00Z,948.97,NEFT,2806,2128,5,4,False,False,0,0
TXN_301612,2024-02-18T09:21:00Z,14169.52,NEFT,63,379,2,2,False,False,0,0
TXN_301619,2024-03-11T12:03:00Z,120967.7,RTGS,762,1488,1,8,False,False,0,0
TXN_301968,2024-02-18T22:34:00Z,2641.19,IMPS,3112,1270,1,7,False,False,0,0
TXN_301273,2024-02-26T20:44:00Z,22582.8,UPI,290,208,1,5,False,False,1,0
TXN_301966,2024-03-07T11:38:00Z,1182.8,RTGS,1372,2451,1,7,False,False,1,0
TXN_301493,2024-10-13T16:15:00Z,754.17,RTGS,2985,2308,1,9,False,False,1,0
TXN_300214,2024-01-19T13:51:00Z,3784.81,RTGS,3254,692,7,2,False,False,0,0
TXN_300144,2024-06-17T13:41:00Z,18637.05,IMPS,430,535,2,1,False,False,1,0
TXN_302633,2024-10-23T09:37:00Z,5111.92,NEFT,2142,2534,2,6,True,False,1,0
TXN_300029,2024-05-07T22:07:00Z,48427.76,NEFT,1732,1294,0,4,True,False,1,0
TXN_301855,2024-09-23T21:20:00Z,4123.62,UPI,1117,2600,5,9,False,False,1,0
TXN_301184,2024-03-21T13:04:00Z,21249.39,IMPS,2294,673,2,2,False,True,0,0
TXN_300799,2024-06-12T09:57:00Z,14104.24,IMPS,1214,1672,4,6,False,False,1,0
TXN_301112,2024-03-30T18:13:00Z,5005.03,UPI,2100,569,3,3,False,False,0,0
TXN_300274,2024-07-18T17:32:00Z,4428.76,NEFT,2091,2364,2,6,False,False,0,0
TXN_300407,2024-03-09T08:47:00Z,5312.22,RTGS,2176,506,2,2,False,False,1,0
TXN_302492,2024-01-08T21:21:00Z,6269.97,RTGS,1100,1406,4,4,False,False,1,0
TXN_302153,2024-03-24T16:49:00Z,20261.23,RTGS,347,3017,4,1,False,False,1,0
TXN_301643,2024-05-22T08:02:00Z,4271.42,NEFT,1658,2804,4,2,False,False,0,0
TXN_301881,2024-09-17T22:27:00Z,266.64,IMPS,1636,3145,2,6,False,False,1,0
TXN_300188,2024-11-27T21:54:00Z,106673.16,IMPS,3554,1905,6,5,False,False,0,0
TXN_300848,2024-06-10T12:59:00Z,9899.25,IMPS,1515,862,0,6,True,False,0,0
TXN_300952,2024-03-29T11:57:00Z,1188.24,NEFT,2993,894,5,4,False,False,0,0
TXN_300410,2024-10-11T09:52:00Z,1328.29,NEFT,426,872,6,8,False,False,0,0
TXN_300370,2024-04-02T13:34:00Z,8102.85,IMPS,2752,847,5,7,False,True,1,0
TXN_302570,2024-09-01T10:58:00Z,2024.11,IMPS,210,2198,7,3,True,True,1,0
TXN_300543,2024-12-26T13:34:00Z,14180.76,IMPS,3011,1001,6,6,False,False,1,0
TXN_300910,2024-03-02T14:51:00Z,2581.95,UPI,1252,3548,3,1,False,False,1,0
TXN_302199,2024-05-28T17:14:00Z,17230.33,RTGS,3561,3031,5,1,False,False,1,0
TXN_300571,2024-06-27T08:36:00Z,3859.82,NEFT,136,3314,2,1,False,False,0,0
TXN_302257,2024-08-26T20:24:00Z,5683.84,UPI,1662,308,2,9,False,False,1,0
TXN_300878,2024-02-04T11:29:00Z,3667.03,UPI,515,1055,7,1,False,False,1,0
TXN_302049,2024-03-24T21:14:00Z,2774.41,UPI,2659,2105,4,1,False,False,0,0
TXN_300482,2024-06-12T12:31:00Z,121164.2,UPI,339,1694,1,1,False,False,0,0
TXN_300538,2024-05-22T16:25:00Z,56455.62,IMPS,1242,3414,0,6,True,False,0,0
TXN_300064,2024-02-20T14:43:00Z,1949.16,NEFT,2498,194,4,8,False,False,0,0
TXN_301631,2024-10-21T17:16:00Z,4436.99,UPI,1333,2947,6,9,False,True,0,0
TXN_300669,2024-07-24T12:23:00Z,34545.28,IMPS,755,856,4,2,False,False,0,0
TXN_302210,2024-05-22T15:16:00Z,42133.76,NEFT,2623,748,3,8,False,False,0,0
TXN_300606,2024-10-18T20:11:00Z,35091.37,RTGS,214,1228,4,8,False,False,0,0
TXN_301812,2024-08-28T21:48:00Z,5328.15,IMPS,2119,3529,0,7,False,False,1,0
TXN_302581,2024-06-22T11:56:00Z,1100.65,RTGS,2280,527,6,6,False,False,1,0
TXN_300983,2024-08-12T09:48:00Z,2270.09,IMPS,1418,1091,4,9,False,False,1,0
TXN_301105,2024-05-02T13:41:00Z,579.92,NEFT,1639,546,7,9,False,True,1,0
TXN_300013,2024-02-08T07:27:00Z,2528.72,IMPS,1376,1923,7,7,False,False,0,0
TXN_302306,2024-08-03T17:20:00Z,16639.74,IMPS,1334,822,4,9,False,False,1,0
TXN_300947,2024-11-29T08:41:00Z,3512.75,UPI,2109,1285,2,4,False,False,0,0
TXN_300747,2024-11-30T10:09:00Z,31830.87,UPI,906,2040,2,6,False,False,1,0
TXN_301065,2024-08-06T07:00:00Z,643.18,RTGS,1008,379,1,4,False,False,0,0
TXN_301108,2024-08-29T10:40:00Z,21105.32,UPI,2543,2503,2,5,False,False,0,0
TXN_300076,2024-01-21T12:42:00Z,52129.46,RTGS,2999,1363,6,2,False,False,0,0
TXN_302573,2024-01-10T20:22:00Z,8697.44,NEFT,3511,389,5,8,False,True,1,0
TXN_300851,2024-11-05T21:07:00Z,65374.54,NEFT,3134,2321,1,4,False,False,1,0
TXN_300185,2024-05-20T11:52:00Z,7539.59,IMPS,1107,1741,7,3,False,True,0,0
TXN_301068,2024-04-23T20:38:00Z,27422.88,RTGS,2803,3043,4,9,False,False,1,0
TXN_301147,2024-09-21T07:46:00Z,23036.37,NEFT,2469,1549,3,1,False,False,1,0
TXN_300602,2024-04-12T21:15:00Z,2854.18,UPI,2409,2059,1,1,False,False,0,0
TXN_301795,2024-05-10T15:48:00Z,22903.26,IMPS,2664,1940,5,7,False,False,0,0
TXN_300435,2024-03-02T19:57:00Z,2453.13,IMPS,1605,304,4,4,False,False,1,0
TXN_300889,2024-12-20T10:19:00Z,70272.44,UPI,449,1407,5,1,False,False,0,0
TXN_300946,2024-02-23T10:20:00Z,27595.56,RTGS,3327,519,2,7,False,False,0,0
TXN_302056,2024-03-26T13:43:00Z,4484.14,UPI,1787,2605,0,9,False,False,1,0
TXN_300816,2024-07-23T10:50:00Z,1433.94,RTGS,1180,246,2,4,False,False,0,0
TXN_300573,2024-04-25T15:23:00Z,813.32,NEFT,240,2084,2,7,False,False,1,0
TXN_300335,2024-07-04T06:29:00Z,11821.38,IMPS,1160,2655,4,2,False,False,1,0
TXN_301443,2024-09-08T06:40:00Z,1275.52,RTGS,1992,582,2,6,False,False,0,0
TXN_301942,2024-01-31T16:49:00Z,6903.07,NEFT,193,1451,0,4,False,False,0,0
TXN_300988,2024-09-16T08:57:00Z,6625.0,IMPS,1810,1594,2,4,True,False,0,0
TXN_300360,2024-07-19T16:06:00Z,521.4,NEFT,3278,983,2,1,False,False,1,0
TXN_301074,2024-04-17T08:32:00Z,598.71,IMPS,1564,1116,1,9,False,False,1,0
TXN_302308,2024-12-03T06:32:00Z,4091.09,RTGS,3067,1735,5,1,False,False,0,0
TXN_300389,2024-05-10T14:02:00Z,1868.63,NEFT,1905,2085,7,5,False,False,1,0
TXN_301446,2024-08-28T20:34:00Z,3941.52,NEFT,1000,2401,6,8,False,False,0,0
TXN_302634,2024-01-19T16:58:00Z,2558.06,RTGS,2702,1952,0,1,False,False,0,0
TXN_301116,2024-08-03T11:36:00Z,2638.95,UPI,630,266,1,6,False,False,1,0
TXN_302654,2024-07-13T10:52:00Z,29752.01,IMPS,170,790,4,8,True,False,0,0
TXN_301600,2024-04-22T10:48:00Z,7822.99,RTGS,2447,3008,1,6,False,False,1,0
TXN_300434,2024-06-21T18:52:00Z,2517.15,IMPS,3551,3209,3,7,False,False,1,0
TXN_301552,2024-05-23T16:13:00Z,9125.19,UPI,1040,2057,3,8,False,False,1,0
TXN_302217,2024-10-13T06:30:00Z,1669.93,NEFT,2013,1700,7,9,False,False,0,0
TXN_300783,2024-06-27T08:58:00Z,2111.67,UPI,2455,2965,1,8,False,True,1,0
TXN_301055,2024-10-06T12:59:00Z,8792.69,NEFT,2075,822,3,7,False,False,0,0
TXN_300104,2024-11-08T07:56:00Z,5790.19,UPI,1052,2211,0,7,False,False,0,0
TXN_301206,2024-07-01T17:42:00Z,12483.72,NEFT,969,3371,0,1,False,True,1,0
TXN_301938,2024-02-28T10:55:00Z,18247.04,NEFT,393,3571,6,6,False,False,1,0
TXN_300780,2024-09-21T22:56:00Z,7056.77,NEFT,3111,1643,5,9,False,False,0,0
TXN_302696,2024-12-15T09:37:00Z,20909.57,IMPS,1050,498,5,4,False,False,1,0
TXN_302003,2024-11-21T22:30:00Z,3166.58,RTGS,2293,2206,7,7,False,False,1,0
TXN_300308,2024-09-16T11:49:00Z,1129.16,IMPS,2463,3332,7,7,False,False,0,0
TXN_300141,2024-06-15T16:08:00Z,1513.28,UPI,306,1100,6,7,False,False,1,0
TXN_301729,2024-02-16T20:38:00Z,8143.61,RTGS,196,3475,6,9,False,False,1,0
TXN_301234,2024-05-01T14:00:00Z,6058.35,IMPS,879,3127,6,7,False,False,1,0
TXN_301422,2024-05-25T12:58:00Z,4195.12,IMPS,3195,662,2,7,False,False,0,0
TXN_302206,2024-04-08T10:14:00Z,2063.16,UPI,1905,3550,3,2,False,False,0,0
TXN_302592,2024-12-30T21:39:00Z,1003.12,IMPS,2802,2748,4,6,False,True,0,0
TXN_302486,2024-06-21T10:18:00Z,2218.58,RTGS,582,828,7,5,False,False,0,0
TXN_301391,2024-10-31T07:23:00Z,4499.86,IMPS,2591,1474,0,8,False,False,1,0
TXN_302282,2024-02-13T19:06:00Z,1268.61,RTGS,1775,698,6,9,False,False,0,0
TXN_301379,2024-06-10T17:31:00Z,20316.02,UPI,2002,1727,2,4,False,False,0,0
TXN_301533,2024-02-24T17:25:00Z,16623.04,UPI,1588,2081,3,9,False,False,0,0
TXN_300361,2024-01-13T19:55:00Z,2333.68,RTGS,2184,1528,5,8,False,False,0,0
TXN_300561,2024-06-17T19:11:00Z,6140.84,IMPS,2245,2010,2,4,False,False,1,0
TXN_302547,2024-04-04T10:11:00Z,6458.98,NEFT,2739,500,4,1,False,False,1,0
TXN_301130,2024-10-05T11:24:00Z,10864.45,IMPS,1880,1773,7,6,False,False,0,0
TXN_302516,2024-04-03T18:57:00Z,7256.17,UPI,752,2905,1,5,False,False,0,0
TXN_302507,2024-12-05T20:22:00Z,3001.02,IMPS,3159,1322,0,9,False,True,1,0
TXN_300077,2024-10-01T08:29:00Z,23071.16,NEFT,876,1742,3,8,False,False,0,0
TXN_301901,2024-12-11T16:53:00Z,10417.54,NEFT,181,711,0,8,False,False,1,0
TXN_300945,2024-09-26T19:39:00Z,8112.45,UPI,2839,2027,6,3,False,False,0,0
TXN_300710,2024-06-09T21:34:00Z,14449.71,RTGS,1167,135,6,4,False,False,0,0
TXN_302362,2024-11-07T17:58:00Z,1370.68,IMPS,1774,2873,7,3,False,False,1,0
TXN_301313,2024-12-26T21:23:00Z,11935.18,RTGS,2326,1982,3,9,True,False,1,0
TXN_301847,2024-04-11T15:55:00Z,223.14,UPI,2287,2868,3,6,False,False,1,0
TXN_301658,2024-07-04T14:36:00Z,2865.21,IMPS,2707,3397,5,4,False,False,1,0
TXN_300563,2024-01-01T07:58:00Z,194.01,RTGS,2176,2017,7,7,False,False,0,0
TXN_300612,2024-02-27T08:59:00Z,4634.81,NEFT,1306,1309,0,3,False,False,0,0
TXN_302359,2024-10-05T08:35:00Z,6994.56,NEFT,2165,437,4,9,False,False,1,0
TXN_302123,2024-07-23T08:27:00Z,14733.96,NEFT,3557,1101,5,3,False,False,0,0
TXN_301682,2024-10-22T14:21:00Z,1776.4,UPI,3158,2384,6,8,False,False,1,0
TXN_301014,2024-02-09T07:06:00Z,6247.78,NEFT,1870,2051,2,1,False,False,0,0
TXN_302360,2024-06-22T15:25:00Z,1225.05,IMPS,1706,1358,5,7,False,False,1,0
TXN_300087,2024-01-02T19:01:00Z,12255.41,IMPS,1386,1014,4,7,False,False,0,0
TXN_301814,2024-06-14T09:15:00Z,957.87,NEFT,3204,140,1,9,False,False,0,0
TXN_302121,2024-05-15T13:40:00Z,180175.9,NEFT,2178,2991,2,4,False,False,1,0
TXN_300262,2024-03-14T20:46:00Z,934.99,NEFT,957,3506,3,9,False,False,0,0
TXN_302229,2024-06-19T11:17:00Z,4897.78,NEFT,3530,3241,6,9,False,False,1,0
TXN_302085,2024-10-28T21:26:00Z,520.51,RTGS,718,2948,7,8,False,False,0,0
TXN_300721,2024-07-13T14:22:00Z,3832.88,RTGS,3522,319,7,9,False,False,1,0
TXN_301405,2024-12-17T13:20:00Z,5774.96,UPI,2722,2056,2,7,False,False,0,0
TXN_301266,2024-10-31T22:03:00Z,10637.1,IMPS,1341,446,3,9,False,False,1,0
TXN_301336,2024-04-10T20:30:00Z,3263.22,IMPS,3273,853,4,1,False,False,0,0
TXN_301071,2024-02-21T13:22:00Z,284.73,RTGS,3525,3343,1,5,True,False,1,0
TXN_301674,2024-10-16T11:34:00Z,7771.43,IMPS,2550,1173,7,9,False,False,1,0
TXN_301959,2024-06-15T06:43:00Z,3948.42,IMPS,3596,920,7,9,False,False,0,0
TXN_300824,2024-04-23T22:40:00Z,3316.17,UPI,1045,1049,4,9,False,False,0,0
TXN_300738,2024-06-28T18:03:00Z,52325.15,NEFT,300,1042,5,1,False,False,1,0
TXN_301605,2024-01-28T14:11:00Z,2275.87,NEFT,1077,3444,1,1,False,False,1,0
TXN_300059,2024-10-01T16:09:00Z,482.31,RTGS,1635,2443,7,5,False,False,0,0
TXN_301202,2024-11-08T12:02:00Z,64344.02,IMPS,704,2373,2,7,False,False,0,0
TXN_300160,2024-04-20T13:02:00Z,1834.85,NEFT,2437,2771,7,8,False,False,1,0
TXN_301606,2024-07-23T11:58:00Z,2701.51,NEFT,1822,498,3,9,False,False,0,0
TXN_300617,2024-09-03T06:17:00Z,2256.86,UPI,922,2378,2,8,False,False,0,0
TXN_302175,2024-08-07T22:44:00Z,18016.8,IMPS,3266,2485,3,6,False,False,0,0
TXN_302197,2024-10-31T16:34:00Z,2651.15,RTGS,98,389,4,9,False,False,1,0
TXN_301840,2024-07-12T16:32:00Z,13440.34,IMPS,1676,1030,1,3,False,False,1,0
TXN_302668,2024-06-09T09:31:00Z,5088.22,RTGS,2723,2378,0,2,False,False,0,0
TXN_300019,2024-06-03T06:38:00Z,608.1,RTGS,1586,3317,2,9,False,False,1,0
TXN_300021,2024-12-24T11:42:00Z,24001.2,IMPS,569,1076,7,2,False,False,1,0
TXN_302518,2024-01-02T09:43:00Z,2071.98,NEFT,1021,1054,0,3,False,False,1,0
TXN_301392,2024-10-27T19:56:00Z,26392.17,IMPS,543,305,2,8,False,False,0,0
TXN_302494,2024-09-17T15:37:00Z,23081.07,UPI,1115,2020,4,6,False,False,1,0
TXN_302370,2024-10-02T18:15:00Z,14097.08,IMPS,2643,1116,2,8,False,False,0,0
TXN_301075,2024-01-10T20:36:00Z,4008.44,NEFT,2113,1567,7,3,False,False,0,0
TXN_301361,2024-02-08T18:48:00Z,78993.02,RTGS,3016,1345,7,8,False,True,0,0
TXN_302763,2024-07-27T08:42:00Z,1280.25,RTGS,449,1274,21,2,False,False,1,1
TXN_300550,2024-01-28T19:42:00Z,7998.95,UPI,1458,2554,1,5,True,False,0,0
TXN_302751,2024-06-03T18:23:00Z,2216.86,IMPS,403,3188,29,4,False,False,0,1
TXN_302042,2024-01-03T17:59:00Z,52414.39,IMPS,2030,2172,7,7,False,False,0,0
TXN_302731,2024-01-31T18:37:00Z,583.51,UPI,2916,241,5,25,False,False,1,1
TXN_302366,2024-02-05T17:54:00Z,421.08,RTGS,63,505,4,5,False,False,0,0
TXN_302451,2024-10-20T08:08:00Z,5332.94,UPI,1632,2905,7,4,False,False,1,0
TXN_300200,2024-11-08T06:46:00Z,5588.21,NEFT,1285,65,0,5,False,False,0,0
TXN_300634,2024-11-06T08:14:00Z,12489.31,UPI,1357,1260,4,7,False,False,1,0
TXN_302504,2024-02-03T19:07:00Z,1103.67,UPI,1734,2000,2,4,False,False,0,0
TXN_300024,2024-04-29T15:16:00Z,2752.28,IMPS,2531,2447,4,9,False,False,0,0
TXN_301630,2024-10-17T16:34:00Z,22771.11,UPI,377,1344,5,5,False,False,0,0
TXN_300446,2024-07-08T17:55:00Z,47367.17,RTGS,1823,1451,2,4,False,False,1,0
TXN_301796,2024-04-12T07:12:00Z,3226.76,RTGS,1524,531,1,7,False,False,0,0
TXN_302568,2024-09-20T08:25:00Z,2842.91,RTGS,2812,1904,5,9,False,False,0,0
TXN_302156,2024-04-02T16:37:00Z,9592.79,NEFT,1836,3030,3,5,False,False,0,0
TXN_302069,2024-01-20T14:20:00Z,8039.23,RTGS,1439,688,7,9,True,False,1,0
TXN_300211,2024-08-20T16:25:00Z,2131.8,RTGS,2325,1649,3,4,False,False,0,0
TXN_300107,2024-08-19T15:29:00Z,8056.02,NEFT,1266,2298,6,6,False,False,0,0
TXN_300478,2024-08-07T16:52:00Z,6674.79,UPI,1908,2805,2,6,False,False,1,0
TXN_301236,2024-12-20T12:20:00Z,5321.4,RTGS,3614,3625,7,5,False,False,1,0
TXN_302276,2024-11-11T19:43:00Z,2490.53,IMPS,448,2760,1,1,False,True,1,0
TXN_301728,2024-07-09T18:01:00Z,1214.71,IMPS,2997,189,7,4,False,True,0,0
TXN_301216,2024-10-04T08:08:00Z,43831.38,UPI,2299,2527,0,5,False,True,1,0
TXN_300212,2024-10-12T14:00:00Z,2089.35,RTGS,2311,2053,0,5,False,False,1,0
TXN_300920,2024-04-22T20:24:00Z,12730.32,IMPS,2726,904,3,1,False,False,0,0
TXN_301311,2024-12-07T18:58:00Z,7005.12,RTGS,2974,2378,3,3,False,False,0,0
TXN_302479,2024-01-12T12:49:00Z,1793.63,NEFT,3152,3109,2,6,False,False,0,0
TXN_302373,2024-11-07T11:16:00Z,9205.48,IMPS,3535,1452,3,9,False,False,1,0
TXN_302691,2024-08-07T22:40:00Z,2734.95,RTGS,3400,2792,0,1,False,False,0,0
TXN_301254,2024-07-29T14:05:00Z,20286.89,RTGS,1207,3310,7,5,False,False,1,0
TXN_302188,2024-11-14T19:20:00Z,2430.97,RTGS,2646,281,2,3,False,False,0,0
TXN_300526,2024-06-29T13:38:00Z,5569.78,UPI,1591,3062,0,5,False,False,0,0
TXN_300787,2024-12-24T13:40:00Z,20757.69,IMPS,2643,1150,7,6,False,False,0,0
TXN_300624,2024-10-19T10:30:00Z,4040.98,IMPS,1124,2219,0,6,False,False,0,0
TXN_300757,2024-06-24T22:08:00Z,646.26,IMPS,1235,3509,4,2,False,False,0,0
TXN_300204,2024-10-09T14:00:00Z,8677.6,UPI,3138,872,7,8,False,False,0,0
TXN_302548,2024-04-02T12:51:00Z,26554.31,RTGS,2614,179,1,3,False,False,1,0
TXN_300209,2024-09-09T14:50:00Z,6321.98,RTGS,1296,1299,6,8,False,False,1,0
TXN_300395,2024-08-13T14:18:00Z,958.53,RTGS,1381,2021,3,4,False,False,1,0
TXN_301969,2024-08-28T12:42:00Z,4389.8,IMPS,2594,435,4,9,False,False,1,0
TXN_302019,2024-07-05T12:32:00Z,17045.95,RTGS,1978,1477,4,7,False,False,1,0
TXN_302209,2024-06-21T08:55:00Z,5360.35,IMPS,2982,2665,4,9,False,False,1,0
TXN_301083,2024-03-16T17:48:00Z,3612.69,UPI,267,3021,2,2,False,False,0,0
TXN_302274,2024-10-12T09:36:00Z,44020.24,RTGS,1203,640,4,9,False,False,1,0
TXN_302579,2024-11-10T19:31:00Z,920.88,NEFT,1303,1770,0,6,False,False,1,0
TXN_300349,2024-05-26T20:03:00Z,7006.45,UPI,3084,2330,6,9,False,False,1,0
TXN_301201,2024-01-19T20:47:00Z,11967.65,NEFT,58,886,1,1,False,False,1,0
TXN_301712,2024-02-29T15:34:00Z,2667.3,UPI,279,3060,7,6,False,False,0,0
TXN_301894,2024-08-01T19:11:00Z,14273.43,NEFT,2128,1441,6,5,False,False,0,0
TXN_300930,2024-01-24T17:38:00Z,3119.23,NEFT,3046,1440,2,3,False,False,0,0
TXN_301977,2024-06-08T12:51:00Z,2844.45,IMPS,1395,2823,7,5,False,False,1,0
TXN_302684,2024-12-27T11:40:00Z,2793.84,RTGS,2644,2566,6,1,False,False,0,0
TXN_300637,2024-08-24T21:59:00Z,1007.9,UPI,1498,456,6,2,False,False,1,0
TXN_301574,2024-10-06T19:50:00Z,4620.27,RTGS,2162,1434,7,2,False,False,0,0
TXN_302721,2024-05-16T12:38:00Z,6392.21,UPI,2136,654,6,56,False,False,1,1
TXN_300836,2024-01-16T14:18:00Z,3494.62,RTGS,2541,2498,6,3,False,False,1,0
TXN_301804,2024-01-27T10:54:00Z,821.99,IMPS,558,3487,6,6,True,False,1,0
TXN_300522,2024-07-18T22:43:00Z,3898.74,NEFT,1743,3323,6,1,False,False,1,0
TXN_302540,2024-10-29T06:50:00Z,58950.74,NEFT,3624,1634,2,1,False,False,0,0
TXN_302022,2024-03-21T22:46:00Z,28208.85,UPI,1272,3459,0,2,False,False,1,0
TXN_300355,2024-07-09T08:08:00Z,2700.54,IMPS,1081,2290,5,4,False,False,0,0
TXN_300323,2024-04-24T09:38:00Z,1361.96,RTGS,3171,2090,7,7,False,False,0,0
TXN_302511,2024-11-09T17:03:00Z,4965.78,IMPS,784,1194,6,9,False,False,1,0
TXN_302399,2024-08-07T10:00:00Z,116709.07,NEFT,3218,2333,1,8,True,False,0,0
TXN_301119,2024-01-27T13:26:00Z,1320.82,RTGS,1400,2998,3,4,False,False,0,0
TXN_300195,2024-08-03T11:40:00Z,1296.08,IMPS,272,1255,4,4,False,False,0,0
TXN_301303,2024-11-08T15:07:00Z,677.98,RTGS,833,2957,3,7,True,False,1,0
TXN_302281,2024-05-28T16:05:00Z,3837.28,UPI,3273,1491,1,4,False,False,0,0
TXN_302296,2024-08-15T21:24:00Z,2722.45,UPI,3512,816,4,3,False,True,1,0
TXN_302725,2024-12-23T12:16:00Z,742.03,NEFT,1936,2141,7,28,False,False,0,1
TXN_301430,2024-07-24T18:01:00Z,9476.68,NEFT,214,2692,2,6,False,False,0,0
TXN_300377,2024-03-18T06:23:00Z,44384.97,RTGS,3073,135,0,9,False,False,0,0
TXN_302102,2024-08-20T07:42:00Z,1186.11,IMPS,547,2104,5,6,False,False,0,0
TXN_301647,2024-07-31T16:11:00Z,1890.79,RTGS,622,158,3,7,False,False,1,0
TXN_302007,2024-06-16T07:02:00Z,3991.31,IMPS,1701,2453,0,2,False,False,1,0
TXN_302118,2024-06-03T18:27:00Z,25573.41,NEFT,2810,1047,6,4,False,False,1,0
TXN_301175,2024-01-22T09:43:00Z,7047.74,UPI,1737,3192,1,1,False,False,1,0
TXN_300457,2024-11-17T06:26:00Z,4832.03,IMPS,3363,2225,3,5,False,False,0,0
TXN_300094,2024-02-25T14:09:00Z,4368.48,RTGS,1555,1461,6,5,False,False,1,0
TXN_301820,2024-07-01T11:16:00Z,14130.0,UPI,1589,602,3,3,False,False,0,0
TXN_302390,2024-01-02T07:06:00Z,6832.41,UPI,1761,3343,2,7,False,False,0,0
TXN_301124,2024-03-24T10:55:00Z,6643.04,UPI,1431,344,5,7,False,False,1,0
TXN_301186,2024-04-23T19:09:00Z,3398.04,NEFT,1860,2143,2,5,False,False,1,0
TXN_302305,2024-06-18T12:10:00Z,1815.17,IMPS,2761,664,7,6,False,False,0,0
TXN_301101,2024-10-24T13:52:00Z,2301.82,UPI,2204,3425,4,7,False,False,0,0
TXN_300688,2024-09-11T11:35:00Z,2037.68,IMPS,2903,1515,7,5,False,False,1,0
TXN_300798,2024-11-01T19:51:00Z,5624.0,RTGS,742,2130,7,4,False,False,1,0
TXN_301854,2024-02-06T13:33:00Z,5792.83,UPI,2571,928,1,7,False,False,0,0
TXN_301663,2024-04-23T19:21:00Z,4165.94,RTGS,865,224,2,4,False,False,1,0
TXN_301864,2024-08-18T19:09:00Z,4808.23,UPI,3182,310,4,4,False,False,0,0
TXN_300159,2024-10-12T09:25:00Z,4128.75,UPI,1342,3421,4,8,False,False,1,0
TXN_302187,2024-04-26T18:58:00Z,2049.92,IMPS,1128,1735,2,4,False,False,0,0
TXN_302554,2024-07-02T13:54:00Z,2478.82,NEFT,1473,245,6,5,True,False,0,0
TXN_302372,2024-09-17T20:31:00Z,2930.74,NEFT,2616,1814,7,9,False,False,1,0
TXN_302126,2024-05-22T08:31:00Z,3101.85,UPI,1502,1796,4,4,False,False,1,0
TXN_302779,2024-08-30T20:22:00Z,19492.78,NEFT,1354,917,5,50,False,False,1,1
TXN_301754,2024-02-20T20:45:00Z,3494.26,UPI,1179,1490,0,6,False,False,0,0
TXN_300518,2024-09-07T22:05:00Z,27359.65,UPI,2473,2455,0,3,False,False,0,0
TXN_300469,2024-02-25T14:28:00Z,3898.04,UPI,1216,513,7,8,False,False,1,0
TXN_300982,2024-06-21T21:55:00Z,2789.88,UPI,1093,2846,0,5,False,False,1,0
TXN_300656,2024-02-25T20:56:00Z,166.47,NEFT,341,1275,1,4,False,False,0,0
TXN_301714,2024-09-28T11:41:00Z,9882.76,UPI,3261,1597,5,2,False,False,0,0
TXN_300591,2024-12-11T15:12:00Z,2394.96,UPI,1110,3419,2,8,False,False,0,0
TXN_302365,2024-07-03T10:34:00Z,7168.65,UPI,2161,345,6,4,False,False,0,0
TXN_302262,2024-07-19T16:26:00Z,1328.12,NEFT,3005,64,1,5,False,False,1,0
TXN_300665,2024-05-27T20:34:00Z,4223.85,RTGS,76,2199,1,7,False,True,1,0
TXN_300574,2024-07-10T12:20:00Z,2706.28,RTGS,932,628,6,9,False,False,0,0
TXN_301011,2024-07-08T11:13:00Z,1351.8,UPI,2157,2348,2,8,False,False,1,0
TXN_302667,2024-01-18T07:02:00Z,710.03,UPI,1045,2696,3,4,False,False,0,0
TXN_302488,2024-06-23T15:51:00Z,14221.13,RTGS,2441,653,4,9,False,False,1,0
TXN_301241,2024-02-12T11:27:00Z,2169.02,IMPS,1105,961,3,1,False,False,0,0
TXN_301066,2024-05-05T08:28:00Z,5579.27,NEFT,3527,3330,6,5,False,False,1,0
TXN_301009,2024-08-28T09:49:00Z,29634.68,RTGS,718,2010,6,9,False,False,1,0
TXN_302157,2024-11-01T06:56:00Z,536.55,NEFT,978,794,0,7,False,False,1,0
TXN_302474,2024-07-12T17:30:00Z,3918.29,NEFT,283,2724,7,9,False,False,0,0
TXN_301871,2024-10-27T21:20:00Z,804.49,NEFT,1817,1928,4,6,False,False,1,0
TXN_300691,2024-06-02T22:25:00Z,403.6,NEFT,2604,2053,3,1,False,False,1,0
TXN_300575,2024-08-08T11:06:00Z,4454.62,IMPS,983,2646,7,2,False,False,0,0
TXN_302104,2024-11-17T17:47:00Z,10036.85,IMPS,2982,3178,2,1,False,False,0,0
TXN_300975,2024-12-29T16:08:00Z,3993.68,RTGS,3201,1320,4,8,False,False,0,0
TXN_302527,2024-12-16T12:29:00Z,6460.32,IMPS,1432,2494,6,7,False,True,1,0
TXN_301860,2024-08-28T11:38:00Z,2127.35,IMPS,3264,669,2,2,False,False,0,0
TXN_301348,2024-02-14T07:19:00Z,4942.46,RTGS,1152,1968,3,9,False,False,1,0
TXN_300348,2024-07-23T12:43:00Z,14244.92,UPI,363,1716,6,5,False,False,1,0
TXN_301536,2024-05-07T13:27:00Z,4214.31,RTGS,2373,2360,3,7,False,False,0,0
TXN_301261,2024-01-16T11:51:00Z,1675.79,IMPS,108,1824,5,3,False,False,1,0
TXN_302477,2024-04-05T06:55:00Z,15826.69,NEFT,2282,3429,7,4,False,False,0,0
TXN_300499,2024-08-29T17:54:00Z,1578.73,UPI,2893,2955,2,9,False,False,0,0
TXN_301423,2024-05-13T08:06:00Z,24603.01,RTGS,3481,2117,3,4,False,False,1,0
TXN_301596,2024-01-28T20:24:00Z,1666.13,NEFT,451,1830,4,4,False,False,1,0
TXN_301321,2024-05-19T14:22:00Z,4507.89,NEFT,3128,2865,7,7,False,False,0,0
TXN_302011,2024-04-01T11:55:00Z,27521.7,IMPS,1521,628,7,3,False,False,0,0
TXN_301620,2024-07-20T15:28:00Z,2869.55,RTGS,257,2219,5,9,False,False,1,0
TXN_300503,2024-06-10T08:01:00Z,1775.5,IMPS,644,869,2,1,False,True,0,0
TXN_300155,2024-10-30T10:44:00Z,16610.63,IMPS,2327,3026,0,1,False,False,1,0
TXN_300942,2024-08-09T15:35:00Z,13475.15,NEFT,3536,3291,7,8,False,False,0,0
TXN_302425,2024-05-01T20:15:00Z,8093.36,IMPS,1839,2501,2,7,False,False,1,0
TXN_302333,2024-10-09T21:58:00Z,3733.82,RTGS,526,3198,7,6,True,False,0,0
TXN_301283,2024-02-01T07:26:00Z,2852.38,IMPS,2951,3606,4,4,False,False,1,0
TXN_302726,2024-12-12T17:09:00Z,15864.63,IMPS,1,339,2,3,True,False,1,1
TXN_301608,2024-12-13T09:56:00Z,13298.73,IMPS,1612,3463,2,3,False,False,1,0
TXN_301360,2024-06-26T16:44:00Z,1494.5,UPI,484,1627,6,3,False,False,1,0
TXN_301393,2024-06-25T11:33:00Z,5131.04,NEFT,1540,3376,7,2,False,False,0,0
TXN_300639,2024-09-30T20:47:00Z,10016.04,NEFT,754,649,7,9,False,False,1,0
TXN_300402,2024-07-27T15:34:00Z,4454.5,RTGS,1786,348,4,8,False,False,1,0
TXN_300153,2024-03-22T13:41:00Z,3949.06,NEFT,467,3085,3,9,False,True,0,0
TXN_300037,2024-11-08T16:39:00Z,9150.97,IMPS,2504,1404,3,5,False,True,1,0
TXN_301335,2024-10-10T06:22:00Z,3889.45,IMPS,168,3037,5,7,False,False,0,0
TXN_302066,2024-01-17T19:38:00Z,19933.43,NEFT,3026,2874,4,5,False,False,0,0
TXN_301052,2024-07-16T15:58:00Z,532.55,IMPS,3213,1974,5,9,False,False,0,0
TXN_301904,2024-09-05T12:34:00Z,1896.84,IMPS,84,2695,6,8,False,False,1,0
TXN_302541,2024-04-18T15:08:00Z,9030.66,RTGS,729,2281,1,3,False,False,1,0
TXN_300392,2024-06-11T20:02:00Z,1034.49,RTGS,750,2936,0,1,False,False,1,0
TXN_301318,2024-08-30T19:33:00Z,10499.6,IMPS,844,1702,4,1,True,True,0,0
TXN_302086,2024-05-07T09:57:00Z,6423.44,UPI,555,1609,3,9,False,False,1,0
TXN_301644,2024-10-30T12:48:00Z,2379.2,IMPS,1105,2392,5,6,False,False,0,0
TXN_300849,2024-04-28T10:28:00Z,3609.59,IMPS,3464,1226,1,5,False,False,0,0
TXN_300004,2024-01-05T12:52:00Z,1499.21,RTGS,2395,2832,7,9,False,False,0,0
TXN_300554,2024-05-28T11:26:00Z,9002.65,UPI,2253,1360,7,5,False,False,0,0
TXN_302406,2024-12-03T21:06:00Z,5523.84,RTGS,494,2515,7,5,False,False,0,0
TXN_302087,2024-08-21T16:23:00Z,869.95,IMPS,1042,214,6,1,False,False,1,0
TXN_302132,2024-02-07T12:31:00Z,3667.71,IMPS,1007,2950,6,8,False,False,0,0
TXN_301554,2024-03-12T07:54:00Z,46837.43,IMPS,3293,3610,7,4,False,False,0,0
TXN_302141,2024-05-27T22:35:00Z,9011.54,NEFT,2760,996,0,3,False,False,0,0
TXN_300065,2024-11-17T09:51:00Z,1452.26,UPI,1783,2237,1,4,False,False,0,0
TXN_300342,2024-11-18T21:25:00Z,1786.22,UPI,1290,2292,4,1,False,False,0,0
TXN_301716,2024-01-01T12:18:00Z,11519.11,NEFT,2072,2372,5,3,False,False,1,0
TXN_302076,2024-09-30T12:03:00Z,12691.43,UPI,3208,224,1,5,False,False,0,0
TXN_300994,2024-04-12T10:33:00Z,2337.99,IMPS,705,2497,0,9,False,False,1,0
TXN_301958,2024-09-29T12:35:00Z,2293.66,NEFT,983,1826,1,3,False,False,1,0
TXN_302363,2024-06-07T11:32:00Z,2365.02,IMPS,3471,1489,5,3,False,False,1,0
TXN_302637,2024-12-13T16:48:00Z,951.88,RTGS,2038,2919,7,5,False,False,1,0
TXN_300991,2024-04-10T21:47:00Z,19331.57,RTGS,906,2419,3,2,False,False,0,0
TXN_300196,2024-02-03T15:47:00Z,8288.39,IMPS,2333,1582,6,4,False,False,0,0
TXN_300014,2024-10-31T10:49:00Z,5742.71,IMPS,2268,2521,7,5,False,False,0,0
TXN_300440,2024-08-11T20:39:00Z,3835.08,IMPS,528,1893,0,9,False,False,1,0
TXN_302674,2024-09-19T09:53:00Z,8896.06,RTGS,427,990,4,3,False,False,1,0
TXN_301287,2024-10-21T14:35:00Z,33638.65,RTGS,1760,1008,2,8,False,False,0,0
TXN_300121,2024-05-06T19:08:00Z,3875.19,NEFT,2261,1670,3,3,False,False,1,0
TXN_301163,2024-03-18T12:02:00Z,2931.22,RTGS,310,806,2,7,False,False,1,0
TXN_301759,2024-07-07T13:50:00Z,1483.44,UPI,826,1812,3,8,False,False,0,0
TXN_300422,2024-06-13T12:24:00Z,1604.63,RTGS,3432,3173,0,5,False,False,1,0
TXN_301345,2024-02-04T09:00:00Z,17793.01,RTGS,579,1200,5,6,False,False,0,0
TXN_300217,2024-11-20T12:02:00Z,232.52,RTGS,1731,323,4,9,False,False,1,0
TXN_300951,2024-09-15T07:01:00Z,5375.53,RTGS,3604,2804,4,7,False,False,1,0
TXN_302387,2024-05-01T22:48:00Z,5925.61,RTGS,3618,1478,6,3,False,False,0,0
TXN_301846,2024-05-10T13:42:00Z,1040.78,NEFT,1387,1119,7,6,False,False,1,0
TXN_302032,2024-11-09T09:26:00Z,2504.11,UPI,2342,2914,5,3,False,False,0,0
TXN_300399,2024-05-24T09:47:00Z,22142.12,RTGS,3111,1575,6,3,False,False,1,0
TXN_300294,2024-02-17T15:26:00Z,8663.67,IMPS,2355,742,5,7,False,False,0,0
TXN_300976,2024-07-24T15:52:00Z,9380.93,IMPS,2592,1769,7,5,False,False,0,0
TXN_300240,2024-06-09T14:56:00Z,6746.72,RTGS,2003,2071,3,5,False,False,1,0
TXN_301978,2024-12-01T22:53:00Z,3421.76,NEFT,1524,2660,3,7,False,False,0,0
TXN_301960,2024-09-21T12:13:00Z,685.13,UPI,193,2573,0,8,False,False,0,0
TXN_300774,2024-05-13T20:17:00Z,7492.37,UPI,3227,2993,6,4,False,False,0,0
TXN_302749,2024-07-02T04:48:00Z,34193.94,RTGS,296,442,6,9,False,False,0,1
TXN_300831,2024-04-22T15:15:00Z,7714.42,RTGS,2895,2798,1,4,False,False,0,0
TXN_302543,2024-05-05T11:58:00Z,23111.04,IMPS,3385,2542,7,3,False,False,0,0
TXN_301223,2024-01-27T06:32:00Z,5242.64,NEFT,533,1674,3,2,False,False,0,0
TXN_300626,2024-10-30T19:02:00Z,4040.52,UPI,1275,905,6,9,False,False,1,0
TXN_300769,2024-02-08T08:31:00Z,9717.73,IMPS,1652,797,5,9,False,False,0,0
TXN_302536,2024-03-04T07:01:00Z,12617.3,RTGS,3348,2865,6,2,False,False,1,0
TXN_300272,2024-02-04T06:10:00Z,17793.63,RTGS,1086,2493,5,4,False,False,0,0
TXN_301713,2024-12-02T08:50:00Z,1190.83,UPI,287,2367,2,5,False,False,0,0
TXN_302263,2024-03-17T17:35:00Z,3298.39,RTGS,961,3011,5,6,False,False,1,0
TXN_301999,2024-05-07T20:35:00Z,4621.36,NEFT,2206,2759,3,3,True,False,0,0
TXN_300309,2024-10-21T12:57:00Z,26362.51,RTGS,1091,2687,1,8,False,False,0,0
TXN_300298,2024-10-11T18:38:00Z,47587.73,RTGS,3333,226,5,6,False,False,1,0
TXN_301624,2024-03-11T13:09:00Z,7846.46,RTGS,1612,2578,2,4,False,True,0,0
TXN_300040,2024-01-12T12:17:00Z,2934.68,NEFT,3262,2867,0,4,True,False,1,0
TXN_302084,2024-07-22T15:33:00Z,21503.29,RTGS,2836,293,3,4,False,False,0,0
TXN_301949,2024-09-04T21:36:00Z,10375.75,NEFT,1458,1135,1,4,False,False,0,0
TXN_301320,2024-07-04T21:56:00Z,2879.4,NEFT,2852,1838,1,6,False,False,1,0
TXN_300890,2024-10-05T08:42:00Z,3154.3,UPI,2444,1288,1,4,False,False,0,0
TXN_301749,2024-06-04T16:10:00Z,5483.49,NEFT,1790,3540,1,5,False,True,1,0
TXN_301646,2024-07-11T11:18:00Z,3139.27,RTGS,732,1096,0,1,False,False,0,0
TXN_300541,2024-08-22T21:38:00Z,2805.71,IMPS,273,1293,6,6,False,False,1,0
TXN_301677,2024-03-20T16:31:00Z,2948.2,NEFT,864,2914,1,4,True,False,1,0
TXN_301638,2024-01-29T22:15:00Z,1662.07,UPI,68,1777,4,2,False,False,0,0
TXN_301194,2024-10-04T19:16:00Z,1738.21,UPI,2526,1145,7,7,False,False,0,0
TXN_301262,2024-02-15T21:15:00Z,2803.83,UPI,130,976,5,6,False,False,1,0
TXN_301259,2024-03-12T18:56:00Z,206662.73,IMPS,2847,2258,4,2,False,False,0,0
TXN_300032,2024-02-14T16:39:00Z,1487.8,UPI,619,2063,7,9,False,False,0,0
TXN_300010,2024-10-01T18:22:00Z,4247.23,IMPS,3110,1329,4,5,False,False,1,0
TXN_301478,2024-08-10T22:18:00Z,7525.46,NEFT,1185,2673,5,1,False,False,1,0
TXN_301190,2024-12-17T18:33:00Z,14735.22,NEFT,1388,199,7,6,False,False,1,0
TXN_301298,2024-01-13T18:12:00Z,2147.64,RTGS,1715,3646,3,8,False,False,0,0
TXN_300915,2024-12-30T07:41:00Z,843.51,IMPS,1517,3559,7,6,False,False,0,0
TXN_300306,2024-12-14T06:08:00Z,39788.39,IMPS,3594,503,6,5,False,False,0,0
TXN_301503,2024-12-26T17:38:00Z,2400.32,UPI,2789,1467,1,5,False,False,0,0
TXN_300974,2024-12-11T21:54:00Z,6139.68,IMPS,2411,1571,5,1,False,False,0,0
TXN_301427,2024-07-12T10:08:00Z,1479.57,UPI,493,418,6,8,False,False,1,0
TXN_300165,2024-09-18T06:05:00Z,971.16,UPI,354,3248,7,5,False,False,0,0
TXN_300164,2024-12-13T16:35:00Z,26183.62,RTGS,453,393,4,8,False,False,0,0
TXN_300229,2024-02-15T20:02:00Z,8529.73,UPI,3143,3457,5,9,False,False,1,0
TXN_301028,2024-08-19T21:54:00Z,1970.17,NEFT,2403,774,5,1,False,False,0,0
TXN_302448,2024-11-25T06:28:00Z,2667.0,IMPS,3291,1235,3,6,False,False,0,0
TXN_301428,2024-01-06T13:31:00Z,51894.08,RTGS,888,2567,7,9,False,True,1,0
TXN_300026,2024-02-07T20:10:00Z,5618.37,IMPS,249,1304,5,8,False,False,0,0
TXN_300096,2024-02-18T17:17:00Z,8116.99,UPI,2211,1484,7,8,False,True,1,0
TXN_301414,2024-02-11T18:56:00Z,1536.57,UPI,2316,1260,0,9,False,False,0,0
TXN_300437,2024-07-08T14:34:00Z,530.93,RTGS,1166,1662,5,3,False,False,1,0
TXN_300471,2024-03-22T16:24:00Z,1601.06,UPI,2026,552,6,7,True,False,0,0
TXN_301097,2024-01-24T08:31:00Z,4623.33,NEFT,2245,760,6,3,False,False,0,0
TXN_301192,2024-12-14T08:19:00Z,757.11,IMPS,1275,234,4,4,False,False,1,0
TXN_300326,2024-09-06T12:12:00Z,4431.9,NEFT,1359,2597,5,2,False,False,0,0
TXN_300197,2024-08-02T20:16:00Z,954.33,NEFT,618,1822,1,3,False,False,1,0
TXN_302574,2024-12-07T09:11:00Z,8954.15,UPI,2677,1714,7,8,False,True,0,0
TXN_300082,2024-12-27T18:29:00Z,1750.36,IMPS,2062,739,5,9,False,False,1,0
TXN_302682,2024-04-28T09:00:00Z,7895.29,NEFT,2072,2555,1,9,False,False,0,0
TXN_302303,2024-03-28T09:28:00Z,24018.74,UPI,3613,2711,4,8,False,False,0,0
TXN_301850,2024-03-18T09:07:00Z,1870.58,IMPS,421,2582,0,2,False,False,0,0
TXN_302251,2024-07-03T19:59:00Z,2720.42,IMPS,2440,1079,3,5,False,False,0,0
TXN_301331,2024-02-07T16:04:00Z,6370.83,UPI,2645,404,4,2,False,False,1,0
TXN_301497,2024-04-13T18:18:00Z,13586.16,UPI,2544,1686,5,9,False,False,1,0
TXN_301340,2024-03-22T14:39:00Z,10659.93,RTGS,3547,1609,2,5,False,False,1,0
TXN_300937,2024-12-23T19:09:00Z,7495.6,IMPS,1157,791,1,3,True,False,1,0
TXN_302046,2024-11-19T16:42:00Z,6059.82,IMPS,2750,217,1,4,False,True,1,0
TXN_301666,2024-11-29T14:26:00Z,21211.73,IMPS,1501,2515,4,4,False,False,1,0
TXN_302625,2024-02-18T16:45:00Z,1422.66,UPI,1964,3384,6,4,False,False,1,0
TXN_301017,2024-05-31T19:50:00Z,19600.68,NEFT,1142,2960,5,8,False,False,1,0
TXN_300242,2024-04-04T18:01:00Z,1104.22,NEFT,2783,1214,4,8,False,False,0,0
TXN_300704,2024-10-30T17:18:00Z,34532.32,UPI,2840,3376,5,7,False,False,1,0
TXN_301481,2024-06-28T13:46:00Z,11225.52,UPI,1308,808,7,9,False,False,1,0
TXN_300313,2024-08-10T14:30:00Z,1478.69,RTGS,3462,2923,0,3,False,False,0,0
TXN_301020,2024-02-12T07:55:00Z,4626.45,IMPS,1263,1736,1,1,False,False,1,0
TXN_300006,2024-04-29T10:12:00Z,14040.34,IMPS,3258,3045,3,5,False,False,1,0
TXN_302260,2024-07-01T09:47:00Z,1010.91,UPI,1068,2083,3,7,False,True,0,0
TXN_300686,2024-08-19T19:58:00Z,3554.99,NEFT,3579,1290,1,5,False,False,0,0
TXN_300215,2024-08-27T10:30:00Z,1069.48,NEFT,885,1455,3,6,False,False,1,0
TXN_300874,2024-08-01T10:33:00Z,3587.71,IMPS,243,1897,5,3,False,False,0,0
TXN_302630,2024-11-14T15:06:00Z,8880.46,IMPS,2216,2719,4,5,False,False,0,0
TXN_300834,2024-02-16T09:10:00Z,17016.13,IMPS,2595,2950,1,2,False,True,1,0
TXN_301027,2024-08-26T22:26:00Z,2361.85,RTGS,708,2569,5,9,False,False,1,0
TXN_301021,2024-06-24T18:32:00Z,4066.17,RTGS,2310,401,7,5,False,False,1,0
TXN_301250,2024-04-26T13:07:00Z,1673.71,IMPS,2464,1063,4,5,False,False,1,0
TXN_300186,2024-10-02T21:09:00Z,3922.26,IMPS,504,2388,4,7,False,False,0,0
TXN_300846,2024-01-21T20:58:00Z,3169.28,IMPS,326,710,4,3,False,False,1,0
TXN_302776,2024-06-12T13:40:00Z,6456.37,NEFT,801,1258,24,7,True,False,1,1
TXN_302065,2024-06-20T10:30:00Z,1783.16,IMPS,2022,1409,4,7,False,True,0,0
TXN_300249,2024-02-04T21:13:00Z,21751.2,NEFT,269,884,5,7,False,False,1,0
TXN_300652,2024-06-16T21:45:00Z,6124.78,UPI,376,3620,4,7,False,True,1,0
TXN_301725,2024-04-03T10:38:00Z,20519.8,IMPS,2374,1484,1,8,False,False,0,0
TXN_300134,2024-02-01T22:46:00Z,1115.6,NEFT,3304,2325,7,3,False,False,1,0
TXN_301073,2024-10-17T07:03:00Z,1219.3,IMPS,1357,1480,4,8,False,False,0,0
TXN_300756,2024-05-18T11:57:00Z,1309.73,NEFT,518,495,3,1,False,False,0,0
TXN_302480,2024-05-16T22:43:00Z,1542.33,UPI,3435,1576,7,1,False,False,0,0
TXN_302037,2024-08-20T08:05:00Z,690.3,IMPS,1812,918,4,2,False,False,1,0
TXN_301125,2024-06-10T19:51:00Z,3649.27,NEFT,936,2030,4,5,False,False,1,0
TXN_302385,2024-10-24T06:56:00Z,21006.26,NEFT,3240,1553,5,3,False,False,1,0
TXN_302596,2024-01-06T09:20:00Z,1070.62,NEFT,1118,1151,3,9,False,False,0,0
TXN_301022,2024-05-09T09:38:00Z,9937.86,RTGS,1613,932,0,3,False,False,1,0
TXN_300145,2024-08-12T22:08:00Z,7969.68,RTGS,1289,2998,5,7,False,False,0,0
TXN_302635,2024-07-16T07:38:00Z,10751.87,UPI,2282,746,1,2,False,False,0,0
TXN_302020,2024-07-24T16:29:00Z,693.06,NEFT,3144,2657,0,2,False,False,0,0
TXN_301441,2024-03-06T18:58:00Z,21807.72,UPI,2617,785,0,8,False,False,0,0
TXN_302537,2024-04-24T13:02:00Z,1919.09,IMPS,3533,741,5,6,False,False,0,0
TXN_301797,2024-08-08T21:44:00Z,6449.49,IMPS,1855,131,6,3,False,False,0,0
TXN_301133,2024-04-19T12:22:00Z,4630.98,UPI,3461,453,7,7,False,True,0,0
TXN_301003,2024-04-08T21:10:00Z,2338.94,RTGS,1720,1266,1,5,False,False,1,0
TXN_300806,2024-02-16T12:13:00Z,5209.41,RTGS,3489,1357,1,6,False,False,1,0
TXN_302774,2024-04-11T09:32:00Z,3404.77,UPI,1626,1700,2,59,False,True,0,1
TXN_301155,2024-03-28T18:28:00Z,11366.06,NEFT,2608,1910,2,8,False,False,0,0
TXN_301240,2024-11-03T16:20:00Z,6974.44,NEFT,408,2344,1,9,False,False,1,0
TXN_302110,2024-09-15T22:13:00Z,37504.89,UPI,446,2901,1,6,False,False,1,0
TXN_302176,2024-03-31T22:40:00Z,1282.2,NEFT,3474,3083,5,3,False,False,0,0
TXN_302551,2024-02-25T11:12:00Z,5613.34,NEFT,3523,1926,4,1,False,False,0,0
TXN_301877,2024-07-12T15:25:00Z,1499.41,UPI,3523,775,5,6,False,False,0,0
TXN_302045,2024-06-20T14:16:00Z,13265.21,IMPS,3345,2138,0,4,False,False,1,0
TXN_302075,2024-08-18T19:09:00Z,5631.59,NEFT,3326,1894,3,9,False,False,1,0
TXN_301843,2024-03-24T11:37:00Z,1541.41,RTGS,898,3551,1,1,False,False,0,0
TXN_300035,2024-01-07T18:51:00Z,1293.58,IMPS,2072,1758,5,2,False,False,0,0
TXN_302041,2024-04-30T09:13:00Z,1710.25,UPI,3146,1927,2,8,False,True,1,0
TXN_300260,2024-11-24T17:59:00Z,110996.12,RTGS,1198,1343,7,5,False,True,1,0
TXN_302235,2024-04-08T22:13:00Z,1629.04,RTGS,898,2798,4,8,False,False,0,0
TXN_300058,2024-08-18T07:29:00Z,4237.88,IMPS,2219,1621,5,6,False,True,0,0
TXN_302174,2024-12-13T07:08:00Z,11794.33,UPI,3338,2476,4,7,False,False,0,0
TXN_302599,2024-07-09T16:39:00Z,212.79,IMPS,1575,344,4,3,False,False,1,0
TXN_300192,2024-06-11T22:36:00Z,4969.65,RTGS,3079,319,3,4,False,False,0,0
TXN_301061,2024-10-08T15:46:00Z,575.69,NEFT,200,2056,5,2,False,False,1,0
TXN_301366,2024-06-04T21:24:00Z,2935.51,RTGS,1396,940,3,5,False,False,1,0
TXN_301546,2024-10-02T06:06:00Z,788.58,UPI,89,2712,6,5,False,False,1,0
TXN_300555,2024-04-29T19:09:00Z,738.58,NEFT,2719,2650,7,8,False,False,1,0
TXN_302055,2024-05-25T15:50:00Z,3808.63,NEFT,275,1046,1,4,False,False,0,0
TXN_301948,2024-03-09T10:35:00Z,17885.28,RTGS,3386,2843,6,8,True,False,0,0
TXN_300067,2024-05-31T17:53:00Z,12703.2,IMPS,3127,1373,4,8,False,False,0,0
TXN_301118,2024-02-15T21:48:00Z,367.85,NEFT,2400,66,1,5,False,False,1,0
TXN_301841,2024-12-16T09:21:00Z,12126.95,RTGS,1634,2952,0,2,False,False,0,0
TXN_300534,2024-07-03T22:21:00Z,5544.74,IMPS,3581,886,0,4,False,False,0,0
TXN_302238,2024-01-05T13:35:00Z,32347.28,NEFT,1503,1888,4,4,False,False,1,0
TXN_300091,2024-11-06T10:25:00Z,5963.86,UPI,3170,102,2,7,False,False,1,0
TXN_300615,2024-03-01T11:06:00Z,3279.1,RTGS,1327,3117,1,7,False,False,0,0
TXN_302345,2024-05-03T19:35:00Z,5207.44,UPI,2319,3389,6,4,True,False,1,0
TXN_301165,2024-08-26T20:49:00Z,4008.16,RTGS,2623,184,4,1,False,True,0,0
TXN_302642,2024-10-16T13:40:00Z,4390.06,RTGS,756,1977,0,1,False,False,0,0
TXN_300453,2024-10-29T06:54:00Z,4054.07,RTGS,3299,1999,4,3,False,False,1,0
TXN_301936,2024-02-06T11:12:00Z,4001.62,NEFT,1917,2745,5,1,False,False,0,0
TXN_302767,2024-02-09T14:47:00Z,3956.62,NEFT,2066,3493,1,42,False,False,1,1
TXN_302603,2024-10-24T06:37:00Z,2258.77,UPI,2435,3108,3,7,False,False,1,0
TXN_300151,2024-04-25T17:21:00Z,1181.07,RTGS,3104,511,4,6,True,False,1,0
TXN_301029,2024-01-14T21:20:00Z,15601.03,IMPS,1282,251,2,5,False,False,0,0
TXN_301337,2024-04-06T09:30:00Z,2027.51,UPI,2517,1165,1,6,False,False,0,0
TXN_300540,2024-11-12T15:39:00Z,84809.45,RTGS,1792,389,2,7,False,False,1,0
TXN_302044,2024-05-15T07:29:00Z,3275.26,IMPS,238,3595,1,2,False,True,1,0
TXN_301433,2024-07-27T07:33:00Z,36187.04,UPI,2550,1682,6,9,False,True,1,0
TXN_301355,2024-11-04T20:46:00Z,5036.68,IMPS,2698,2766,0,9,False,False,1,0
TXN_300450,2024-06-20T21:53:00Z,10768.16,IMPS,2324,2294,6,2,False,False,0,0
TXN_302539,2024-09-08T06:02:00Z,5214.92,RTGS,2258,3046,5,2,True,False,1,0
TXN_301221,2024-09-14T12:24:00Z,25120.72,UPI,240,714,6,7,False,False,0,0
TXN_300993,2024-04-15T18:59:00Z,6636.69,RTGS,1901,3560,5,2,False,True,0,0
TXN_300687,2024-07-13T14:35:00Z,4820.88,RTGS,804,3269,1,4,False,False,1,0
TXN_300202,2024-12-30T10:07:00Z,10853.78,IMPS,707,2354,0,4,False,False,0,0
TXN_300595,2024-10-31T15:59:00Z,16495.34,RTGS,1143,1067,5,3,False,False,1,0
TXN_301907,2024-11-09T10:13:00Z,2863.69,RTGS,1903,894,4,8,False,False,1,0
TXN_301453,2024-09-01T06:43:00Z,5504.73,NEFT,477,2852,6,3,False,False,0,0
TXN_302215,2024-05-28T17:57:00Z,15187.63,UPI,806,1118,1,7,False,False,1,0
TXN_300909,2024-07-20T18:05:00Z,590.98,IMPS,651,3588,7,1,False,False,1,0
TXN_300872,2024-12-25T10:59:00Z,6467.87,RTGS,1662,1667,3,1,False,False,1,0
TXN_300623,2024-10-15T12:33:00Z,1597.98,UPI,2884,733,3,7,False,False,1,0
TXN_300470,2024-02-20T06:17:00Z,5707.51,IMPS,630,1718,0,9,False,False,0,0
TXN_301280,2024-10-26T08:41:00Z,12698.54,RTGS,498,1069,4,6,False,False,1,0
TXN_300243,2024-12-10T10:57:00Z,4909.41,NEFT,1342,1027,1,9,False,False,1,0
TXN_302195,2024-10-19T19:38:00Z,7948.16,NEFT,1428,2354,4,3,False,True,1,0
TXN_302524,2024-06-04T22:44:00Z,2615.41,NEFT,3286,1211,2,8,False,False,1,0
TXN_301740,2024-06-21T16:56:00Z,3171.58,RTGS,441,3272,5,5,False,False,0,0
TXN_302593,2024-08-24T15:05:00Z,55444.32,RTGS,793,291,6,6,False,False,1,0
TXN_302614,2024-10-03T21:14:00Z,3857.23,IMPS,2461,902,3,7,False,False,1,0
TXN_302224,2024-07-09T22:32:00Z,716.16,UPI,303,3545,3,8,False,False,0,0
TXN_301012,2024-03-31T20:19:00Z,2590.6,IMPS,321,3616,2,3,False,False,1,0
TXN_302261,2024-11-15T08:28:00Z,3362.86,RTGS,2416,1824,4,9,False,False,0,0
TXN_301415,2024-10-17T07:15:00Z,2581.05,UPI,2268,1666,2,5,False,False,1,0
TXN_302316,2024-11-12T06:19:00Z,3147.34,IMPS,449,794,0,1,False,False,0,0
TXN_300393,2024-06-25T20:44:00Z,8277.75,RTGS,973,1918,7,3,False,False,0,0
TXN_300351,2024-09-23T09:42:00Z,11062.35,IMPS,2026,2402,2,6,False,False,1,0
TXN_300893,2024-12-22T18:19:00Z,5860.26,RTGS,3579,1980,4,6,False,False,0,0
TXN_301162,2024-06-01T16:58:00Z,10501.14,NEFT,721,965,1,7,False,True,0,0
TXN_300116,2024-04-08T09:46:00Z,37458.6,NEFT,2521,3070,7,5,True,False,0,0
TXN_300345,2024-08-18T17:29:00Z,24399.18,NEFT,2550,794,0,3,False,False,1,0
TXN_300295,2024-08-29T07:27:00Z,12557.78,RTGS,1872,49,2,4,False,False,1,0
TXN_301499,2024-04-12T21:43:00Z,1501.72,IMPS,2203,2651,3,5,False,False,0,0
TXN_301178,2024-11-25T07:15:00Z,4362.59,RTGS,3242,589,5,2,False,False,0,0
TXN_300291,2024-09-23T21:27:00Z,3120.87,IMPS,2637,2677,7,3,False,True,1,0
TXN_302389,2024-07-30T06:01:00Z,1764.07,UPI,1766,2254,4,5,False,False,1,0
TXN_300693,2024-02-21T20:19:00Z,1147.34,UPI,1835,1437,5,8,False,True,0,0
TXN_300766,2024-10-08T19:40:00Z,31070.72,IMPS,741,2252,1,4,False,False,0,0
TXN_301861,2024-01-31T13:41:00Z,1198.82,UPI,1909,642,4,1,False,False,1,0
TXN_300381,2024-04-18T12:11:00Z,2944.92,RTGS,3154,2488,2,7,False,False,1,0
TXN_301743,2024-09-10T12:53:00Z,1451.6,RTGS,3233,790,1,5,False,False,1,0
TXN_300670,2024-12-14T22:24:00Z,1854.33,NEFT,2153,3326,0,4,False,False,1,0
TXN_300745,2024-04-15T18:46:00Z,1057.92,IMPS,3317,3599,3,6,False,False,1,0
TXN_301672,2024-03-15T21:59:00Z,1087.87,RTGS,289,1093,2,4,True,False,1,0
TXN_301768,2024-09-24T15:50:00Z,3086.38,UPI,3282,2846,4,5,False,False,0,0
TXN_300310,2024-12-16T07:58:00Z,1397.66,NEFT,1702,2223,5,6,False,False,0,0
TXN_300999,2024-12-19T07:46:00Z,8761.13,RTGS,1580,619,4,1,False,False,1,0
TXN_302077,2024-12-06T14:57:00Z,888.41,IMPS,1559,1136,7,5,False,False,1,0
TXN_302429,2024-11-22T10:24:00Z,4186.37,IMPS,3456,2199,0,4,False,False,0,0
TXN_301157,2024-06-05T20:34:00Z,5814.85,IMPS,3602,2234,5,3,False,False,1,0
TXN_302220,2024-03-14T18:13:00Z,45299.98,RTGS,1661,3316,2,9,True,False,0,0
TXN_301858,2024-08-26T08:24:00Z,11626.9,NEFT,1821,362,2,3,False,False,0,0
TXN_301044,2024-02-13T06:51:00Z,1383.15,UPI,283,756,7,8,False,False,0,0
TXN_300129,2024-02-03T19:52:00Z,8713.43,RTGS,2734,2353,5,6,False,False,1,0
TXN_301951,2024-10-29T06:43:00Z,4751.05,UPI,2161,3477,6,6,False,False,0,0
TXN_301466,2024-10-12T14:56:00Z,4886.46,UPI,3528,2201,7,9,False,False,0,0
TXN_300871,2024-10-19T13:02:00Z,4454.85,NEFT,180,2497,0,5,False,False,1,0
TXN_301394,2024-09-23T10:15:00Z,1335.9,IMPS,1993,1860,4,8,False,False,1,0
TXN_301709,2024-11-30T20:32:00Z,1116.79,IMPS,1295,2730,1,8,False,False,1,0
TXN_300956,2024-09-23T12:33:00Z,11216.26,IMPS,2309,3091,4,8,False,False,1,0
TXN_300097,2024-10-26T07:27:00Z,2839.41,NEFT,2765,1525,1,9,False,False,0,0
TXN_301770,2024-07-03T10:21:00Z,2348.96,UPI,214,2466,3,6,False,False,1,0
TXN_301060,2024-08-09T22:04:00Z,3140.72,IMPS,2055,383,2,5,False,True,0,0
TXN_301645,2024-08-21T14:03:00Z,2632.4,IMPS,2682,1248,5,5,False,False,0,0
TXN_301057,2024-06-03T21:17:00Z,5892.15,IMPS,1867,1980,2,7,False,False,1,0
TXN_302502,2024-04-26T10:37:00Z,882.61,NEFT,1459,3042,3,1,False,False,1,0
TXN_301688,2024-10-15T11:07:00Z,4587.5,RTGS,986,192,3,9,False,False,0,0
TXN_300904,2024-03-09T15:34:00Z,20137.7,UPI,3012,1258,2,4,False,False,0,0
TXN_302690,2024-05-20T20:49:00Z,4152.95,IMPS,2469,3443,2,8,False,True,1,0
TXN_302697,2024-03-20T18:51:00Z,4156.22,IMPS,1967,2719,1,3,False,False,1,0
TXN_302755,2024-11-07T11:30:00Z,3808.83,UPI,1351,1862,6,25,False,False,1,1
TXN_300444,2024-08-09T18:59:00Z,7035.69,NEFT,3197,679,3,4,False,False,0,0
TXN_302380,2024-11-29T07:22:00Z,4258.24,RTGS,691,827,5,2,False,False,1,0
TXN_300715,2024-07-09T15:22:00Z,1042.76,IMPS,2717,3126,1,3,False,False,1,0
TXN_302717,2024-06-04T15:14:00Z,1260.46,RTGS,2478,566,29,4,False,False,0,1
TXN_300545,2024-07-06T06:26:00Z,9161.27,IMPS,1203,325,5,1,False,False,1,0
TXN_301842,2024-08-02T12:33:00Z,12822.54,RTGS,1174,1662,7,5,False,False,1,0
TXN_302298,2024-09-26T09:22:00Z,4917.12,RTGS,3632,3243,2,7,False,False,1,0
TXN_300600,2024-06-27T16:44:00Z,18243.72,NEFT,1258,2266,5,4,False,False,1,0
TXN_302694,2024-03-22T22:26:00Z,10893.99,IMPS,3305,1285,4,3,False,False,1,0
TXN_300640,2024-02-23T08:02:00Z,825.99,RTGS,2932,961,6,5,False,False,1,0
TXN_300429,2024-05-04T18:29:00Z,8826.78,IMPS,2172,3261,3,1,True,False,0,0
TXN_302529,2024-04-23T09:04:00Z,3499.79,NEFT,1982,2986,4,8,False,False,1,0
TXN_301214,2024-01-15T08:05:00Z,20871.59,IMPS,851,3626,4,9,False,False,0,0
TXN_301824,2024-09-26T13:52:00Z,10391.15,UPI,1259,2438,0,4,False,False,1,0
TXN_302572,2024-03-16T09:41:00Z,1135.79,RTGS,3431,1029,6,5,True,False,0,0
TXN_301916,2024-04-03T11:55:00Z,4312.79,RTGS,3409,2423,2,3,False,False,0,0
TXN_302186,2024-10-24T09:34:00Z,8660.63,RTGS,2850,2801,4,1,False,False,0,0
TXN_302111,2024-05-13T10:35:00Z,1969.46,IMPS,2552,1704,3,2,True,False,1,0
TXN_300033,2024-06-25T07:44:00Z,599.68,NEFT,2778,900,1,6,False,False,1,0
TXN_302437,2024-07-20T22:20:00Z,2257.62,IMPS,1272,2487,0,7,False,True,0,0
TXN_302374,2024-01-18T15:09:00Z,3450.8,UPI,1388,3132,7,1,False,False,0,0
TXN_301747,2024-02-01T08:40:00Z,2128.84,RTGS,1733,3062,1,4,True,False,1,0
TXN_300515,2024-11-14T09:41:00Z,1664.45,IMPS,3326,1631,3,9,False,False,0,0
TXN_300630,2024-10-02T11:29:00Z,2572.7,RTGS,2722,2214,5,8,False,True,0,0
TXN_301140,2024-10-05T09:03:00Z,6440.67,IMPS,3534,1292,4,4,False,False,1,0
TXN_302699,2024-04-26T22:15:00Z,13445.03,RTGS,845,3461,3,5,False,False,0,0
TXN_302459,2024-05-28T21:16:00Z,11530.87,UPI,1877,1075,0,6,False,False,1,0
TXN_300786,2024-01-28T07:24:00Z,18083.35,RTGS,2788,2430,4,6,False,True,1,0
TXN_301981,2024-01-24T06:17:00Z,14865.18,UPI,3498,2961,6,4,False,False,0,0
TXN_300289,2024-03-30T18:00:00Z,868.5,IMPS,645,141,2,8,False,False,0,0
TXN_300546,2024-12-10T15:01:00Z,1967.06,RTGS,1191,2819,0,2,False,False,0,0
TXN_300788,2024-09-27T08:04:00Z,481.95,IMPS,593,3521,0,7,False,False,0,0
TXN_301913,2024-08-05T21:28:00Z,1335.37,RTGS,2108,3455,2,1,False,False,1,0
TXN_301439,2024-07-23T17:48:00Z,20004.25,IMPS,2821,3621,3,4,False,False,1,0
TXN_302628,2024-06-04T18:24:00Z,13334.95,NEFT,1602,979,4,1,False,False,1,0
TXN_300582,2024-05-02T16:21:00Z,1163.5,NEFT,817,1941,5,3,False,False,0,0
TXN_301910,2024-05-25T10:37:00Z,23622.45,IMPS,3438,1079,6,3,False,False,1,0
TXN_301956,2024-10-21T07:15:00Z,7637.7,NEFT,3643,2267,0,6,False,False,0,0
TXN_300167,2024-06-05T06:41:00Z,1613.72,NEFT,2429,2647,2,6,False,False,1,0
TXN_302064,2024-08-27T12:35:00Z,19056.5,NEFT,934,427,2,5,False,False,0,0
TXN_300088,2024-03-16T12:01:00Z,21914.14,RTGS,3150,165,3,4,False,False,0,0
TXN_301792,2024-11-27T15:42:00Z,1724.51,IMPS,1312,3147,3,6,False,False,1,0
TXN_302495,2024-10-13T18:12:00Z,3727.85,NEFT,718,782,2,4,False,False,0,0
TXN_300109,2024-04-16T15:44:00Z,17031.05,RTGS,1872,114,5,7,True,False,0,0
TXN_302712,2024-08-31T10:00:00Z,9799.54,UPI,499,907,4,3,False,False,1,0
TXN_301974,2024-01-21T08:57:00Z,25865.99,UPI,1171,2113,7,5,False,False,0,0
TXN_300608,2024-11-13T10:43:00Z,661.67,RTGS,2855,3617,0,7,False,False,0,0
TXN_300286,2024-11-29T20:47:00Z,348.54,IMPS,842,1118,7,2,True,False,0,0
TXN_301210,2024-06-04T09:38:00Z,17505.37,UPI,1613,977,3,4,False,False,1,0
TXN_301211,2024-09-26T13:24:00Z,3478.9,UPI,1821,2859,4,6,False,True,0,0
TXN_301054,2024-02-04T08:41:00Z,4406.83,NEFT,2836,62,1,1,False,False,0,0
TXN_301494,2024-08-22T06:02:00Z,3268.35,RTGS,3019,2987,6,5,False,False,0,0
TXN_300594,2024-11-01T09:10:00Z,16228.12,RTGS,784,150,4,8,False,False,1,0
TXN_301302,2024-03-27T22:59:00Z,6138.37,NEFT,273,3439,1,1,False,False,0,0
TXN_300468,2024-08-30T09:02:00Z,1965.87,UPI,2692,3160,1,9,False,False,0,0
TXN_302623,2024-04-24T17:31:00Z,693.54,NEFT,2860,119,4,3,False,False,0,0
TXN_301180,2024-08-10T12:23:00Z,4217.25,RTGS,2380,3159,7,1,False,False,1,0
TXN_300428,2024-05-30T22:42:00Z,10483.09,NEFT,2504,1259,2,6,False,True,0,0
TXN_300161,2024-04-07T06:25:00Z,2416.1,UPI,3348,397,3,3,False,False,0,0
TXN_302557,2024-08-29T17:26:00Z,3270.62,UPI,2876,2188,5,8,False,False,1,0
TXN_301912,2024-11-13T14:50:00Z,12866.56,IMPS,2243,690,7,5,False,False,0,0
TXN_301036,2024-10-11T13:42:00Z,6835.38,NEFT,2675,1637,7,2,False,False,0,0
TXN_301706,2024-05-06T12:04:00Z,748.86,IMPS,1055,3599,7,5,False,False,0,0
TXN_301670,2024-03-26T09:28:00Z,10688.08,NEFT,3602,2811,6,5,False,False,1,0
TXN_301048,2024-02-24T17:10:00Z,591.83,UPI,2696,781,7,5,False,False,1,0
TXN_301239,2024-03-29T13:04:00Z,15761.92,UPI,1572,2397,4,9,False,False,1,0
TXN_300778,2024-11-10T20:49:00Z,5974.17,UPI,2240,1491,6,1,False,True,0,0
TXN_302770,2024-07-14T08:59:00Z,947.49,UPI,2595,3366,0,28,False,True,1,1
TXN_302664,2024-12-17T21:27:00Z,8032.54,IMPS,1028,3406,0,8,False,False,0,0
TXN_300684,2024-12-05T15:29:00Z,7811.46,RTGS,786,3381,4,7,False,False,0,0
TXN_301735,2024-11-16T06:13:00Z,4729.46,UPI,411,1429,6,3,False,False,0,0
TXN_300659,2024-04-05T12:50:00Z,30997.71,RTGS,3643,3451,0,4,False,False,0,0
TXN_301693,2024-07-10T22:49:00Z,9780.69,UPI,3175,678,5,9,False,False,1,0
TXN_302602,2024-03-03T16:38:00Z,7373.55,IMPS,1357,1383,6,5,False,False,0,0
TXN_300321,2024-09-18T06:26:00Z,3590.73,NEFT,1545,415,2,1,False,False,1,0
TXN_302329,2024-08-07T17:14:00Z,669.82,RTGS,930,2559,2,8,False,False,0,0
TXN_301094,2024-05-15T13:59:00Z,8584.53,UPI,2560,56,6,9,False,False,1,0
TXN_302255,2024-04-14T10:52:00Z,7547.85,NEFT,2742,2766,6,7,False,False,1,0
TXN_301299,2024-04-19T20:15:00Z,32469.21,UPI,2141,1014,3,2,False,False,1,0
TXN_301067,2024-05-31T15:22:00Z,8151.29,UPI,734,1551,4,2,False,True,0,0
TXN_300911,2024-08-27T06:10:00Z,1544.58,NEFT,2491,1711,7,1,False,False,1,0
TXN_302449,2024-02-04T13:22:00Z,10527.68,IMPS,1947,290,7,2,False,False,0,0
TXN_300576,2024-05-17T19:07:00Z,23164.56,UPI,412,2431,2,2,False,False,0,0
TXN_302546,2024-12-23T12:38:00Z,10865.55,NEFT,168,1287,5,6,False,False,0,0
TXN_300372,2024-10-24T09:14:00Z,14357.43,NEFT,2216,822,2,7,False,False,0,0
TXN_301753,2024-02-26T06:28:00Z,24557.29,UPI,588,2513,0,4,False,False,0,0
TXN_301006,2024-12-08T21:14:00Z,9557.59,IMPS,1246,3105,3,2,False,False,0,0
TXN_302475,2024-09-22T14:56:00Z,17961.9,NEFT,3310,1674,6,8,False,False,0,0
TXN_301199,2024-08-11T13:10:00Z,799.95,UPI,3207,611,4,8,False,False,1,0
TXN_300108,2024-02-09T16:58:00Z,9378.71,IMPS,2638,1029,2,3,False,False,0,0
TXN_301092,2024-02-09T07:17:00Z,78986.22,NEFT,1253,2260,6,5,False,False,1,0
TXN_300379,2024-02-28T14:46:00Z,2347.71,IMPS,3010,2763,4,2,False,False,0,0
TXN_302650,2024-03-13T22:47:00Z,11895.91,IMPS,1578,2003,0,4,False,False,1,0
TXN_301897,2024-05-09T14:25:00Z,22503.25,RTGS,143,201,5,8,False,False,1,0
TXN_300201,2024-05-28T19:30:00Z,1276.2,NEFT,1191,637,6,9,False,False,0,0
TXN_302361,2024-11-08T06:23:00Z,1791.7,NEFT,2033,1185,7,4,False,False,0,0
TXN_301802,2024-06-15T10:01:00Z,21693.49,NEFT,2436,1668,6,1,False,False,0,0
TXN_300927,2024-01-02T06:01:00Z,9243.77,NEFT,1610,377,0,6,False,False,0,0
TXN_302714,2024-11-14T18:22:00Z,29895.35,UPI,390,1254,3,2,False,False,1,0
TXN_300964,2024-02-25T07:01:00Z,3116.95,IMPS,2465,1626,2,2,False,False,0,0
TXN_301523,2024-11-25T17:28:00Z,10848.02,IMPS,578,2317,7,6,False,False,1,0
TXN_301772,2024-01-09T11:42:00Z,3713.22,RTGS,2587,2939,7,5,False,True,0,0
TXN_302204,2024-04-25T06:50:00Z,3746.42,RTGS,767,1612,0,1,False,False,0,0
TXN_300368,2024-11-07T21:10:00Z,2934.94,NEFT,1855,937,1,2,False,False,0,0
TXN_301381,2024-12-01T12:28:00Z,3067.72,RTGS,1340,920,4,3,False,False,0,0
TXN_302413,2024-01-27T21:59:00Z,1783.62,NEFT,1164,2695,2,3,False,True,0,0
TXN_302001,2024-05-30T07:38:00Z,43913.67,NEFT,2017,1492,2,7,False,False,0,0
TXN_300866,2024-01-31T11:31:00Z,71.82,IMPS,233,383,6,3,False,False,0,0
TXN_302129,2024-05-09T07:06:00Z,1903.39,IMPS,3644,2842,4,7,False,False,1,0
TXN_300880,2024-07-29T21:11:00Z,1610.53,UPI,2324,564,3,4,False,False,1,0
TXN_300775,2024-10-03T13:50:00Z,3402.7,NEFT,1771,1276,1,5,False,False,1,0
TXN_301005,2024-12-17T16:31:00Z,2680.11,IMPS,1561,2801,4,3,False,False,1,0
TXN_300072,2024-07-24T11:27:00Z,1219.9,NEFT,2170,498,3,6,False,False,1,0
TXN_302017,2024-03-22T15:59:00Z,2300.3,UPI,2067,2887,4,4,False,False,1,0
TXN_302648,2024-12-20T19:12:00Z,6174.55,UPI,2527,978,3,3,False,False,0,0
TXN_301000,2024-06-14T16:13:00Z,3287.8,UPI,1345,2024,1,4,False,False,0,0
TXN_301511,2024-09-22T22:52:00Z,14664.42,RTGS,2499,2264,5,2,False,False,1,0
TXN_300892,2024-03-21T09:57:00Z,8384.16,UPI,2499,2174,5,2,False,False,0,0
TXN_302705,2024-08-05T20:20:00Z,2076.86,IMPS,283,1808,2,5,False,False,1,0
TXN_301719,2024-11-05T19:47:00Z,192.76,RTGS,2525,595,5,5,False,False,1,0
TXN_300488,2024-08-22T18:13:00Z,2715.36,NEFT,2522,427,3,1,False,False,1,0
TXN_300162,2024-08-08T22:54:00Z,4404.53,UPI,1050,2812,3,7,False,False,0,0
TXN_300015,2024-01-15T06:47:00Z,412.08,RTGS,2467,198,2,6,False,False,1,0
TXN_300989,2024-07-31T13:05:00Z,5194.75,UPI,3391,3107,4,3,False,False,1,0
TXN_301470,2024-11-29T10:26:00Z,4451.73,RTGS,1321,170,7,3,False,False,0,0
TXN_300604,2024-03-29T16:15:00Z,13109.07,NEFT,1806,2877,0,6,False,False,0,0
TXN_300888,2024-01-04T12:28:00Z,4465.99,RTGS,2598,1046,0,6,False,False,0,0
TXN_302295,2024-10-11T13:51:00Z,15496.89,RTGS,2189,1629,5,4,False,False,0,0
TXN_300398,2024-09-08T13:26:00Z,634.77,RTGS,3127,2491,2,4,False,False,1,0
TXN_300223,2024-10-05T15:12:00Z,1240.5,UPI,464,3067,7,7,False,False,1,0
TXN_302505,2024-05-21T10:39:00Z,7154.43,RTGS,431,529,7,3,False,True,1,0
TXN_300740,2024-03-12T16:14:00Z,11107.61,NEFT,175,1047,3,5,False,False,1,0
TXN_301730,2024-12-02T10:36:00Z,4235.04,IMPS,2332,267,5,1,False,False,0,0
TXN_300572,2024-01-04T11:13:00Z,3789.91,NEFT,1848,870,2,3,False,False,1,0
TXN_302409,2024-07-12T18:29:00Z,20095.52,RTGS,3646,2620,7,8,False,True,0,0
TXN_301813,2024-07-10T21:31:00Z,7817.67,IMPS,1338,350,2,9,False,False,0,0
TXN_302230,2024-04-19T15:07:00Z,1457.48,IMPS,3648,3135,0,3,False,False,1,0
TXN_300962,2024-11-04T08:04:00Z,4673.95,IMPS,1033,3407,7,2,False,False,1,0
TXN_301484,2024-11-06T15:51:00Z,33008.61,RTGS,3576,1420,5,5,False,False,1,0
TXN_300068,2024-10-04T08:22:00Z,5269.3,NEFT,279,1966,6,9,False,True,1,0
TXN_300149,2024-10-18T08:54:00Z,9230.74,NEFT,3060,694,1,1,False,False,1,0
TXN_300364,2024-07-27T12:32:00Z,714.91,NEFT,1407,758,5,6,False,False,1,0
TXN_301771,2024-06-21T06:09:00Z,10595.14,RTGS,1803,1825,4,1,False,True,0,0
TXN_302291,2024-08-08T19:10:00Z,358.7,UPI,1132,3067,2,4,False,False,0,0
TXN_302562,2024-10-20T17:19:00Z,2063.38,RTGS,227,643,4,6,False,False,0,0
TXN_300843,2024-06-23T21:10:00Z,3081.15,UPI,2263,358,7,1,False,True,0,0
TXN_301264,2024-05-02T16:27:00Z,19818.55,IMPS,766,1921,3,5,False,False,1,0
TXN_300840,2024-01-29T09:38:00Z,2721.94,NEFT,338,1081,2,9,False,False,0,0
TXN_301692,2024-08-18T11:23:00Z,24026.03,NEFT,2381,3318,5,3,False,True,1,0
TXN_301457,2024-01-26T10:02:00Z,1851.63,IMPS,41,1134,4,5,False,False,0,0
TXN_301342,2024-09-07T16:05:00Z,112433.17,NEFT,802,2268,6,6,False,False,1,0
TXN_301539,2024-05-03T06:15:00Z,2501.76,RTGS,1895,890,3,6,False,False,1,0
TXN_300614,2024-06-11T13:24:00Z,3171.98,RTGS,84,3491,7,7,False,False,0,0
TXN_300150,2024-01-15T10:49:00Z,5442.67,UPI,2131,797,2,2,False,True,1,0
TXN_302135,2024-03-30T06:49:00Z,16864.14,UPI,1431,2336,4,2,False,True,0,0
TXN_302768,2024-03-07T04:31:00Z,98945.43,UPI,1665,1231,7,8,False,False,0,1
TXN_300529,2024-12-24T16:08:00Z,88721.25,RTGS,435,1128,0,3,False,False,0,0
TXN_300363,2024-12-04T17:51:00Z,3124.56,IMPS,2269,2270,3,9,False,False,0,0
TXN_300426,2024-10-05T14:37:00Z,2899.94,UPI,2626,1400,4,8,False,True,0,0
TXN_300511,2024-06-06T06:13:00Z,6295.72,UPI,531,2447,0,5,True,False,0,0
TXN_300005,2024-08-13T16:35:00Z,5788.73,UPI,3439,162,3,4,False,False,1,0
TXN_300237,2024-05-16T09:13:00Z,7867.55,UPI,2033,1501,4,4,False,False,1,0
TXN_302327,2024-01-19T12:49:00Z,14347.18,UPI,1575,936,6,6,False,False,1,0
TXN_301827,2024-09-10T21:46:00Z,3415.73,NEFT,998,974,2,1,False,False,1,0
TXN_302331,2024-08-21T10:57:00Z,27813.05,UPI,940,3265,2,3,False,False,0,0
TXN_302410,2024-08-07T07:52:00Z,13489.79,RTGS,3412,2570,1,6,False,False,0,0
TXN_300300,2024-08-27T14:08:00Z,1474.9,NEFT,1832,1565,5,4,False,False,1,0
TXN_302660,2024-03-07T10:07:00Z,6293.2,NEFT,225,1170,0,7,False,False,0,0
TXN_302375,2024-05-23T11:00:00Z,3782.75,NEFT,475,2610,2,5,False,False,1,0
TXN_300644,2024-12-02T18:48:00Z,10997.21,IMPS,1804,792,4,6,False,False,1,0
TXN_302196,2024-10-13T18:35:00Z,48632.95,UPI,294,1396,4,6,False,False,1,0
TXN_300303,2024-08-29T12:21:00Z,3248.6,RTGS,3291,3238,5,5,False,False,0,0
TXN_302550,2024-01-03T18:48:00Z,5517.9,UPI,345,1235,1,4,False,False,1,0
TXN_302688,2024-01-23T13:21:00Z,5785.74,NEFT,2964,2247,2,3,False,True,0,0
TXN_300316,2024-12-24T18:34:00Z,11402.0,RTGS,673,2518,2,4,False,False,1,0
TXN_300862,2024-03-15T21:29:00Z,1276.21,RTGS,2990,1011,1,6,True,False,0,0
TXN_301537,2024-08-13T12:01:00Z,8264.11,RTGS,46,2485,7,5,False,False,1,0
TXN_301177,2024-08-10T16:55:00Z,2339.55,NEFT,487,330,1,4,False,False,0,0
TXN_302322,2024-07-17T17:04:00Z,5589.63,NEFT,2010,1427,4,8,False,False,1,0
TXN_302096,2024-04-26T06:12:00Z,6257.09,NEFT,805,3365,5,4,False,False,1,0
TXN_301900,2024-10-22T07:37:00Z,2519.61,NEFT,2456,836,7,6,True,False,1,0
TXN_300963,2024-02-22T10:55:00Z,5036.28,NEFT,1264,2601,6,6,False,False,1,0
TXN_301411,2024-07-29T19:16:00Z,1796.56,RTGS,3097,1582,1,2,False,False,0,0
TXN_300036,2024-09-25T16:24:00Z,1254.11,IMPS,118,2124,3,3,False,False,0,0
TXN_301207,2024-01-02T15:22:00Z,1358.84,UPI,2444,1797,7,7,False,False,0,0
TXN_302666,2024-12-02T10:42:00Z,1867.51,NEFT,341,2297,2,1,False,True,0,0
TXN_302781,2024-07-07T08:04:00Z,29665.36,NEFT,1987,2920,7,34,False,False,1,1
TXN_300490,2024-08-30T11:01:00Z,4467.33,IMPS,1152,926,1,9,False,False,1,0
TXN_302506,2024-06-04T22:45:00Z,25956.24,NEFT,3471,727,5,5,False,False,1,0
TXN_302517,2024-03-22T13:26:00Z,3199.3,UPI,2885,1115,3,4,False,False,1,0
TXN_300818,2024-03-25T19:15:00Z,4950.15,UPI,3193,1064,1,2,False,False,0,0
TXN_301678,2024-01-27T08:11:00Z,630.63,UPI,446,1266,6,9,False,False,1,0
TXN_301873,2024-10-09T21:27:00Z,6978.12,NEFT,3592,1621,6,2,False,False,0,0
TXN_300746,2024-01-09T15:42:00Z,14353.25,NEFT,1715,1389,1,2,False,False,0,0
TXN_301288,2024-04-01T13:15:00Z,6231.54,IMPS,3075,43,1,4,False,False,0,0
TXN_300837,2024-02-11T14:57:00Z,8972.92,IMPS,2058,934,6,3,False,False,1,0
TXN_302432,2024-07-02T16:00:00Z,6886.2,RTGS,224,3163,7,6,False,False,0,0
TXN_300636,2024-08-11T20:47:00Z,21366.03,RTGS,1377,541,1,6,False,True,1,0
TXN_301189,2024-05-13T14:52:00Z,34348.0,NEFT,1366,3175,7,8,False,False,1,0
TXN_302436,2024-08-28T21:48:00Z,2693.08,UPI,3482,3133,2,1,False,False,0,0
TXN_301659,2024-04-03T17:18:00Z,512.07,IMPS,2263,2233,4,6,False,False,1,0
TXN_301995,2024-12-30T11:48:00Z,479.35,NEFT,1022,2178,1,9,False,True,1,0
TXN_300955,2024-05-08T20:36:00Z,6730.8,NEFT,2596,1868,0,1,False,False,0,0
TXN_300819,2024-05-01T08:41:00Z,2179.36,NEFT,2163,2275,6,9,False,False,0,0
TXN_302315,2024-12-07T17:42:00Z,4575.53,NEFT,1710,1233,4,5,False,False,0,0
TXN_301628,2024-12-15T10:18:00Z,3335.52,UPI,2435,738,2,3,False,False,1,0
TXN_300680,2024-07-02T16:10:00Z,2584.33,NEFT,3210,2570,1,9,False,False,1,0
TXN_301925,2024-10-04T14:47:00Z,26674.65,RTGS,3005,2832,1,1,False,False,0,0
TXN_302727,2024-09-18T10:51:00Z,796.23,IMPS,1515,2028,1,59,False,False,0,1
TXN_300616,2024-04-27T15:58:00Z,2324.01,RTGS,3129,2815,1,4,False,False,1,0
TXN_300855,2024-02-07T21:21:00Z,2882.66,NEFT,602,880,1,1,False,False,0,0
TXN_301198,2024-06-08T22:29:00Z,2140.0,NEFT,813,255,3,4,False,False,1,0
TXN_300258,2024-04-30T10:43:00Z,5022.26,NEFT,3233,3063,7,2,False,False,0,0
TXN_300941,2024-04-25T12:19:00Z,872.59,RTGS,1791,2599,4,1,False,False,1,0
TXN_301985,2024-02-17T16:57:00Z,1335.59,UPI,862,648,3,9,False,False,1,0
TXN_300517,2024-03-29T06:06:00Z,4458.85,RTGS,974,1862,2,5,False,False,1,0
TXN_300279,2024-04-10T09:26:00Z,4311.99,RTGS,116,3231,5,4,False,False,1,0
TXN_300703,2024-04-15T22:10:00Z,4461.09,RTGS,2175,544,1,3,False,False,1,0
TXN_302513,2024-04-06T12:37:00Z,758.32,NEFT,3339,98,6,8,False,False,1,0
TXN_302653,2024-11-10T18:35:00Z,984.09,UPI,2052,1590,1,7,False,False,0,0
TXN_301649,2024-02-08T14:16:00Z,8532.93,NEFT,1592,3162,3,5,False,False,0,0
TXN_302440,2024-06-08T06:18:00Z,3055.51,NEFT,1789,2003,0,1,False,True,0,0
TXN_301622,2024-11-08T13:45:00Z,12136.69,UPI,803,3322,6,3,False,False,1,0
TXN_301510,2024-06-06T08:01:00Z,839.58,NEFT,1812,44,7,7,False,True,0,0
TXN_301717,2024-10-11T16:50:00Z,77086.77,UPI,3602,1023,2,4,False,False,1,0
TXN_302314,2024-03-29T08:24:00Z,2078.47,UPI,1140,930,2,5,True,False,1,0
TXN_300666,2024-05-14T12:56:00Z,11568.43,RTGS,251,2897,3,2,False,False,1,0
TXN_302487,2024-07-13T22:47:00Z,2183.86,RTGS,3092,1173,0,5,False,False,1,0
TXN_300221,2024-12-08T19:51:00Z,1158.53,IMPS,2128,717,5,9,False,False,0,0
TXN_300388,2024-01-01T17:44:00Z,12095.2,UPI,1767,3212,6,2,False,True,0,0
TXN_301359,2024-10-07T19:56:00Z,30040.62,UPI,2125,795,6,6,False,False,1,0
TXN_301087,2024-10-07T06:01:00Z,4640.34,UPI,209,419,1,7,False,False,0,0
TXN_301150,2024-10-05T22:56:00Z,4675.99,NEFT,3633,3459,6,3,True,False,0,0
TXN_300439,2024-06-26T13:39:00Z,27487.96,IMPS,2763,2276,2,2,False,False,0,0
TXN_300436,2024-03-17T16:06:00Z,8124.44,RTGS,1769,1090,2,1,False,True,0,0
TXN_301895,2024-08-31T07:56:00Z,1725.33,UPI,1437,1921,4,1,False,False,0,0
TXN_300009,2024-04-14T21:00:00Z,5187.02,RTGS,41,2875,7,9,False,False,0,0
TXN_300406,2024-10-21T17:46:00Z,6794.25,IMPS,2135,1268,3,1,False,True,0,0
TXN_302208,2024-07-23T16:09:00Z,20056.74,UPI,611,2812,4,5,False,False,1,0
TXN_301445,2024-07-24T22:01:00Z,2534.28,UPI,1312,2079,6,2,True,True,1,0
TXN_301169,2024-09-19T07:53:00Z,3264.06,NEFT,3058,177,3,2,False,False,0,0
TXN_301369,2024-07-18T11:30:00Z,4038.45,NEFT,2529,914,6,7,False,False,0,0
TXN_301905,2024-05-13T12:39:00Z,673.63,NEFT,3260,3263,3,5,False,False,0,0
TXN_300459,2024-02-16T20:50:00Z,13487.16,IMPS,251,2413,3,6,False,False,1,0
TXN_300884,2024-09-12T15:27:00Z,5618.28,UPI,3058,125,4,6,False,False,0,0
TXN_300232,2024-08-19T11:53:00Z,12019.39,IMPS,667,2650,0,3,False,False,0,0
TXN_301738,2024-01-02T22:15:00Z,9776.47,NEFT,964,3645,3,3,False,False,1,0
TXN_301123,2024-02-13T21:49:00Z,2367.53,UPI,2960,1601,5,3,False,False,0,0
TXN_300418,2024-05-06T15:43:00Z,10163.61,IMPS,3631,1969,7,3,False,False,1,0
TXN_300380,2024-03-17T22:29:00Z,1955.12,IMPS,3051,2158,3,7,False,False,1,0
TXN_301229,2024-03-14T08:28:00Z,1116.11,UPI,3316,2173,7,4,False,False,1,0
TXN_301559,2024-07-24T20:52:00Z,2457.99,RTGS,669,1527,4,8,False,False,1,0
TXN_302182,2024-06-29T20:41:00Z,1735.69,IMPS,864,2150,2,1,False,False,1,0
TXN_300696,2024-07-08T19:09:00Z,6785.69,RTGS,2222,1188,1,8,False,False,1,0
TXN_302423,2024-04-02T07:02:00Z,30930.07,IMPS,842,617,1,7,False,False,0,0
TXN_300718,2024-12-21T18:15:00Z,1493.04,IMPS,785,1017,5,4,False,False,1,0
TXN_300697,2024-01-15T13:52:00Z,4810.21,NEFT,3509,253,4,9,False,True,0,0
TXN_302490,2024-07-20T12:36:00Z,1825.47,NEFT,966,1841,1,8,False,False,1,0
TXN_300397,2024-07-13T07:59:00Z,7828.92,UPI,1924,485,7,5,False,False,1,0
TXN_300859,2024-07-23T21:53:00Z,29984.56,IMPS,2322,876,1,1,False,False,0,0
TXN_302334,2024-04-22T11:13:00Z,110538.02,NEFT,3278,2661,6,7,False,False,1,0
TXN_300735,2024-12-03T20:29:00Z,7441.73,RTGS,172,3443,3,2,True,False,0,0
TXN_300744,2024-09-27T22:11:00Z,9443.79,RTGS,1353,2920,3,7,False,True,0,0
TXN_301516,2024-10-15T18:07:00Z,17908.6,UPI,2154,2605,0,6,False,True,1,0
TXN_302724,2024-06-08T06:21:00Z,25562.08,UPI,647,2072,35,1,False,False,1,1
TXN_300055,2024-04-14T08:10:00Z,4891.62,UPI,2529,885,0,2,False,False,1,0
TXN_300292,2024-02-20T11:11:00Z,3596.12,UPI,3399,1620,4,6,False,False,0,0
TXN_302353,2024-08-12T16:46:00Z,4709.43,UPI,564,1340,4,7,False,False,0,0
TXN_300299,2024-03-12T19:11:00Z,16167.78,UPI,115,1622,5,4,False,False,1,0
TXN_301685,2024-07-11T09:10:00Z,5023.37,UPI,218,3579,5,7,False,False,1,0
TXN_302701,2024-09-19T17:53:00Z,2920.72,UPI,2624,785,1,4,True,False,0,0
TXN_301197,2024-11-25T20:55:00Z,4640.87,UPI,420,2924,2,8,False,False,0,0
TXN_301249,2024-04-24T22:21:00Z,17009.25,NEFT,2700,3478,7,3,False,False,1,0
TXN_301798,2024-10-03T20:39:00Z,125266.74,UPI,3054,78,6,5,False,True,0,0
TXN_300073,2024-11-07T06:36:00Z,1025.32,NEFT,566,3286,3,7,False,False,1,0
TXN_300244,2024-08-02T09:56:00Z,1925.32,RTGS,928,1834,3,9,False,False,1,0
TXN_301248,2024-06-18T21:50:00Z,4547.69,UPI,431,2778,1,4,False,False,1,0
TXN_301857,2024-07-30T12:38:00Z,1003.04,RTGS,2292,1567,0,9,False,False,1,0
TXN_300579,2024-09-28T19:25:00Z,1810.49,NEFT,2789,1695,4,4,False,False,0,0
TXN_301310,2024-02-23T20:33:00Z,810.33,IMPS,1338,930,3,2,False,False,1,0
TXN_301160,2024-07-17T10:54:00Z,3071.11,RTGS,326,628,3,7,False,False,0,0
TXN_302412,2024-10-26T15:23:00Z,315.06,RTGS,1729,571,3,6,False,False,0,0
TXN_302669,2024-01-20T18:38:00Z,4038.44,RTGS,1398,3443,4,4,False,False,1,0
TXN_302501,2024-09-04T10:20:00Z,3776.78,UPI,402,3177,4,3,False,False,1,0
TXN_301750,2024-08-01T20:27:00Z,6143.05,NEFT,323,496,7,6,False,False,0,0
TXN_300699,2024-10-01T07:10:00Z,3304.32,RTGS,2749,738,3,1,False,False,0,0
TXN_302181,2024-07-14T12:51:00Z,411.19,RTGS,3228,959,4,4,False,False,1,0
TXN_300750,2024-10-05T14:43:00Z,2601.08,NEFT,862,2129,1,8,False,False,1,0
TXN_301402,2024-04-15T21:29:00Z,1573.0,RTGS,458,2051,3,3,False,False,0,0
TXN_302071,2024-08-01T17:14:00Z,6099.42,NEFT,3301,2493,1,6,True,False,0,0
TXN_300664,2024-10-09T17:32:00Z,27021.38,NEFT,1049,336,1,7,False,False,0,0
TXN_302384,2024-01-20T09:53:00Z,6806.86,NEFT,2054,220,1,4,False,False,0,0
TXN_300367,2024-07-21T12:49:00Z,285815.96,UPI,3253,682,7,4,False,False,0,0
TXN_301144,2024-07-22T11:06:00Z,4154.29,NEFT,3596,562,2,5,False,False,0,0
TXN_301480,2024-08-20T14:38:00Z,4485.5,NEFT,2941,1193,5,7,False,False,1,0
TXN_300500,2024-07-05T07:47:00Z,3494.6,UPI,1219,381,3,5,False,False,1,0
TXN_302418,2024-05-11T21:36:00Z,15550.39,IMPS,364,908,4,2,False,False,1,0
TXN_300504,2024-10-06T20:40:00Z,726.76,RTGS,1586,1704,0,3,False,True,0,0
TXN_301758,2024-05-27T07:18:00Z,4484.69,UPI,288,665,5,7,False,False,1,0
TXN_301538,2024-12-08T18:25:00Z,1963.56,NEFT,1243,320,5,3,False,False,0,0
TXN_301284,2024-12-22T13:11:00Z,22195.84,NEFT,3581,223,0,9,False,False,1,0
TXN_300794,2024-01-26T06:00:00Z,2953.37,NEFT,816,1136,2,7,False,False,0,0
TXN_301004,2024-09-11T13:30:00Z,7191.33,NEFT,2911,3009,1,4,False,False,1,0
TXN_301024,2024-03-15T16:27:00Z,1803.87,IMPS,1595,3250,4,6,False,False,0,0
TXN_302073,2024-04-02T07:01:00Z,1789.12,UPI,420,2758,2,4,True,False,1,0
TXN_301718,2024-12-17T16:30:00Z,17257.86,IMPS,3020,2212,6,2,False,False,1,0
TXN_300845,2024-04-25T14:06:00Z,4185.09,UPI,1766,388,6,7,False,False,0,0
TXN_300588,2024-11-05T16:48:00Z,5363.62,RTGS,148,2840,2,7,False,False,0,0
TXN_302381,2024-11-25T10:38:00Z,27562.4,IMPS,515,2334,0,8,False,False,0,0
TXN_300973,2024-05-19T09:15:00Z,926.75,IMPS,1282,2655,0,4,False,False,0,0
TXN_301472,2024-06-24T12:38:00Z,4412.61,NEFT,957,1478,5,9,False,False,1,0
TXN_300807,2024-05-06T19:13:00Z,1255.04,UPI,531,3571,0,8,False,False,0,0
TXN_301852,2024-06-13T12:22:00Z,2973.12,UPI,2784,1911,3,4,False,True,1,0
TXN_300421,2024-11-24T08:39:00Z,7006.99,UPI,1349,1750,6,3,False,True,0,0
TXN_302775,2024-12-11T09:30:00Z,1200.53,IMPS,2497,3009,7,42,False,False,1,1
TXN_302710,2024-01-27T17:35:00Z,3892.04,IMPS,3330,917,3,6,False,True,0,0
TXN_300491,2024-10-31T15:41:00Z,2211.07,UPI,190,3395,3,4,False,False,1,0
TXN_300729,2024-10-22T09:29:00Z,1138.28,IMPS,1548,2817,3,6,False,False,1,0
TXN_301810,2024-03-20T12:44:00Z,3832.13,UPI,3456,2098,3,8,False,False,1,0
TXN_302765,2024-04-08T14:28:00Z,1390.22,RTGS,2893,2243,18,6,False,False,0,1
TXN_302299,2024-07-16T12:19:00Z,4445.84,NEFT,1231,1228,5,8,False,False,1,0
TXN_301741,2024-04-21T07:17:00Z,8421.35,NEFT,2198,1063,5,8,False,False,0,0
TXN_300315,2024-12-30T07:32:00Z,1804.56,UPI,150,1687,6,9,False,False,0,0
TXN_302190,2024-01-07T21:25:00Z,2307.37,IMPS,3501,2278,2,8,False,False,1,0
TXN_301525,2024-01-27T16:21:00Z,3784.85,IMPS,1570,2786,2,4,False,False,1,0
TXN_301437,2024-10-30T13:24:00Z,27129.45,RTGS,2146,3491,1,2,False,True,0,0
TXN_300400,2024-05-03T21:02:00Z,22309.73,NEFT,869,142,0,5,False,False,0,0
TXN_301244,2024-08-28T10:14:00Z,330.41,NEFT,37,1160,0,7,False,True,1,0
TXN_301063,2024-12-08T21:39:00Z,146.8,RTGS,3564,1792,5,1,False,False,0,0
TXN_301803,2024-01-27T06:21:00Z,1362.5,UPI,2634,428,2,9,True,False,0,0
TXN_301833,2024-09-03T22:38:00Z,4442.17,RTGS,386,290,0,7,True,False,0,0
TXN_300125,2024-10-26T12:04:00Z,551.27,IMPS,1957,2802,4,9,False,False,0,0
TXN_301744,2024-09-21T16:12:00Z,1746.41,UPI,2667,1730,6,5,False,False,1,0
TXN_300506,2024-02-01T14:58:00Z,2909.25,IMPS,619,3473,7,6,False,False,1,0
TXN_301138,2024-11-21T09:39:00Z,14030.67,IMPS,2595,322,7,3,False,False,1,0
TXN_300832,2024-01-31T21:44:00Z,14833.74,UPI,2762,2090,2,2,False,False,1,0
TXN_301096,2024-03-31T17:42:00Z,2640.5,UPI,2167,1696,5,9,False,True,0,0
TXN_300996,2024-12-03T09:54:00Z,2501.65,IMPS,177,63,5,1,False,True,1,0
TXN_300166,2024-12-20T17:03:00Z,4355.26,NEFT,2049,792,4,2,False,False,1,0
TXN_301154,2024-01-22T21:54:00Z,13022.96,NEFT,3211,2648,0,7,False,False,0,0
TXN_300489,2024-05-25T15:31:00Z,3940.57,IMPS,2989,2582,5,3,False,False,1,0
TXN_301585,2024-11-03T21:33:00Z,2889.28,RTGS,1950,1923,2,9,False,False,1,0
TXN_301212,2024-10-08T10:40:00Z,1054.11,UPI,907,1945,6,7,False,False,0,0
TXN_300891,2024-08-01T06:06:00Z,10434.93,NEFT,2667,3341,0,7,False,False,0,0
TXN_301121,2024-08-20T15:12:00Z,4397.4,NEFT,2049,1928,7,5,False,False,1,0
TXN_302293,2024-11-24T16:01:00Z,3258.52,NEFT,1736,1704,7,8,False,False,0,0
TXN_302747,2024-05-10T04:26:00Z,41638.23,UPI,1511,1314,4,1,False,False,1,1
TXN_302004,2024-03-12T06:34:00Z,12002.8,UPI,1580,2710,1,5,False,False,1,0
TXN_302328,2024-05-02T21:53:00Z,3067.17,NEFT,3580,457,4,6,False,False,1,0
TXN_300827,2024-11-07T20:26:00Z,2506.67,RTGS,735,270,0,5,False,False,0,0
TXN_300580,2024-11-08T17:44:00Z,1841.39,RTGS,479,2598,0,5,False,False,1,0
TXN_301375,2024-11-01T22:08:00Z,11686.8,IMPS,2977,2023,4,8,False,False,1,0
TXN_301598,2024-03-05T20:58:00Z,43128.11,RTGS,1526,595,5,3,False,False,1,0
TXN_300101,2024-03-31T07:49:00Z,8337.35,RTGS,1147,779,3,6,False,True,1,0
TXN_302138,2024-09-20T20:14:00Z,3883.6,RTGS,2280,3409,1,4,False,False,0,0
TXN_300465,2024-04-09T22:21:00Z,7672.46,UPI,442,2177,5,2,False,False,0,0
TXN_301389,2024-12-16T17:31:00Z,4806.46,IMPS,219,3647,5,8,False,False,1,0
TXN_302105,2024-01-28T09:15:00Z,9386.72,RTGS,2545,106,4,1,False,False,1,0
TXN_300647,2024-02-07T13:03:00Z,2482.09,IMPS,403,587,7,9,False,False,0,0
TXN_302323,2024-08-25T15:27:00Z,9650.85,IMPS,72,2309,6,3,False,False,0,0
TXN_300046,2024-07-02T09:29:00Z,31460.58,IMPS,329,3143,2,8,False,False,1,0
TXN_301122,2024-06-23T19:21:00Z,16844.65,IMPS,2191,2500,6,5,False,False,0,0
TXN_302277,2024-09-10T06:29:00Z,40576.75,IMPS,618,1453,2,7,False,False,1,0
TXN_300268,2024-05-27T09:33:00Z,5329.83,UPI,2748,659,4,2,False,False,0,0
TXN_300531,2024-10-21T20:34:00Z,14890.69,NEFT,964,2072,6,1,False,False,1,0
TXN_300022,2024-06-18T14:13:00Z,6204.8,RTGS,915,2707,1,7,False,False,0,0
TXN_301837,2024-04-18T16:58:00Z,260.56,IMPS,1274,834,3,8,False,False,1,0
TXN_301045,2024-09-10T18:03:00Z,924.19,UPI,1735,1092,1,6,False,False,0,0
TXN_302117,2024-10-19T10:03:00Z,8485.17,IMPS,2285,276,1,8,False,False,1,0
TXN_301793,2024-01-11T12:28:00Z,771.09,UPI,1403,201,7,7,False,False,1,0
TXN_300619,2024-06-02T06:13:00Z,6462.96,NEFT,2470,3223,3,7,False,False,0,0
TXN_301529,2024-02-25T15:18:00Z,8742.65,RTGS,352,2257,1,6,False,False,0,0
TXN_300714,2024-09-01T16:55:00Z,1310.06,IMPS,688,2187,5,5,False,False,1,0
TXN_302112,2024-05-25T07:30:00Z,4159.49,NEFT,1781,2624,5,8,False,False,1,0
TXN_302010,2024-02-26T09:02:00Z,390.89,IMPS,84,2935,6,9,False,False,1,0
TXN_302526,2024-01-25T11:31:00Z,12769.57,RTGS,2217,419,5,4,False,True,1,0
TXN_300047,2024-08-08T08:02:00Z,7687.71,RTGS,2655,2994,4,6,True,False,1,0
TXN_302164,2024-01-20T15:00:00Z,14197.73,RTGS,870,714,6,5,False,False,1,0
TXN_301640,2024-08-14T20:55:00Z,2379.57,UPI,1561,416,2,6,False,False,0,0
TXN_302124,2024-05-30T07:59:00Z,22277.76,RTGS,745,1174,5,1,False,False,1,0
TXN_300972,2024-12-24T14:50:00Z,9959.34,UPI,2147,1105,2,5,False,False,0,0
TXN_300415,2024-06-18T16:31:00Z,1654.68,NEFT,3078,1358,0,2,False,False,1,0
TXN_302267,2024-05-02T10:55:00Z,7226.97,UPI,2951,2014,4,8,False,False,0,0
TXN_302211,2024-10-28T10:57:00Z,1713.12,NEFT,1817,1697,7,8,False,False,1,0
TXN_300337,2024-01-11T13:11:00Z,6138.94,UPI,2564,2331,4,1,False,True,0,0
TXN_302297,2024-09-13T10:13:00Z,70729.29,UPI,1314,1559,5,9,False,False,1,0
TXN_302744,2024-07-06T20:18:00Z,7719.29,UPI,3234,792,3,56,False,False,1,1
TXN_302347,2024-01-13T19:10:00Z,1859.83,RTGS,2601,1937,0,6,False,False,0,0
TXN_300467,2024-06-30T21:58:00Z,3915.12,UPI,2362,406,3,1,False,False,1,0
TXN_301436,2024-02-01T22:59:00Z,5436.45,IMPS,1229,2846,7,6,False,False,1,0
TXN_300027,2024-01-02T19:15:00Z,14030.13,UPI,2266,1624,4,7,False,False,1,0
TXN_300610,2024-09-17T20:43:00Z,47675.18,IMPS,1347,1433,2,4,False,False,0,0
TXN_302718,2024-12-28T07:07:00Z,36284.84,RTGS,3,2034,0,7,True,False,0,1
TXN_301113,2024-04-09T15:52:00Z,8142.62,IMPS,3518,2681,7,2,True,False,1,0
TXN_301468,2024-11-12T07:10:00Z,13319.07,NEFT,1726,1386,2,9,False,False,1,0
TXN_302758,2024-06-01T10:56:00Z,30317.18,NEFT,4,2904,0,9,True,False,0,1
TXN_302441,2024-01-16T21:58:00Z,27136.13,RTGS,2002,1881,0,6,False,True,0,0
TXN_302106,2024-09-29T06:17:00Z,3999.95,IMPS,600,382,1,8,False,False,1,0
TXN_300224,2024-10-27T11:00:00Z,327.32,IMPS,1363,331,3,1,False,True,1,0
TXN_300632,2024-05-17T22:15:00Z,4262.44,NEFT,1736,3483,3,2,False,True,0,0
TXN_300935,2024-11-06T13:50:00Z,303.08,RTGS,1814,2244,3,9,False,False,1,0
TXN_302324,2024-03-07T08:50:00Z,35097.1,NEFT,677,420,2,8,False,False,1,0
TXN_302247,2024-04-18T22:59:00Z,9637.46,RTGS,2818,340,3,8,False,True,0,0
TXN_301589,2024-02-01T14:26:00Z,2617.4,NEFT,965,2913,3,8,False,False,0,0
TXN_302663,2024-07-05T13:38:00Z,4167.25,IMPS,1184,2817,1,3,False,False,0,0
TXN_302240,2024-05-21T15:53:00Z,3446.85,IMPS,2073,2064,1,5,True,True,0,0
TXN_300548,2024-06-08T18:27:00Z,11620.29,RTGS,2576,2658,7,7,False,False,0,0
TXN_300452,2024-02-11T08:57:00Z,11471.66,RTGS,2264,3085,7,9,False,False,0,0
TXN_300802,2024-03-03T16:18:00Z,3790.05,NEFT,735,975,4,5,False,False,1,0
TXN_302470,2024-07-21T14:16:00Z,15455.09,UPI,2839,2610,7,7,False,False,1,0
TXN_301431,2024-01-10T06:52:00Z,1730.42,UPI,1951,2602,4,4,False,False,0,0
TXN_300535,2024-01-02T10:35:00Z,2050.73,RTGS,2750,3134,4,9,False,False,0,0
TXN_301545,2024-04-09T15:43:00Z,4306.42,UPI,3245,2184,6,6,False,False,0,0
TXN_301531,2024-10-14T12:41:00Z,20876.37,UPI,2845,2243,1,1,False,True,1,0
TXN_302619,2024-12-23T09:58:00Z,1777.24,NEFT,737,2705,3,5,False,False,1,0
TXN_300156,2024-06-06T09:00:00Z,7796.29,RTGS,2844,63,4,3,False,False,1,0
TXN_300080,2024-11-13T12:18:00Z,23673.55,NEFT,3393,2959,3,8,False,False,1,0
TXN_302287,2024-08-05T20:04:00Z,688.28,IMPS,1074,2205,2,8,False,False,1,0
TXN_300293,2024-08-22T07:41:00Z,2124.58,IMPS,2085,3109,1,7,False,False,1,0
TXN_301727,2024-04-14T15:38:00Z,1607.04,UPI,2213,1162,0,2,True,False,1,0
TXN_300154,2024-10-11T14:53:00Z,2139.16,NEFT,2865,1518,5,5,False,False,0,0
TXN_300281,2024-06-03T14:12:00Z,12308.13,IMPS,2288,3414,5,2,False,False,0,0
TXN_301292,2024-08-18T15:54:00Z,10790.61,UPI,3151,3467,3,2,False,False,1,0
TXN_300870,2024-04-13T11:06:00Z,1237.12,UPI,2814,3563,2,7,False,False,0,0
TXN_300722,2024-04-22T08:33:00Z,5912.55,IMPS,856,2145,1,3,False,False,0,0
TXN_302471,2024-05-02T10:25:00Z,921.77,NEFT,1153,1148,7,5,False,False,0,0
TXN_300297,2024-11-03T22:03:00Z,1133.14,IMPS,879,997,5,9,False,False,1,0
TXN_301251,2024-06-15T13:31:00Z,1645.78,NEFT,2603,2693,5,9,False,False,1,0
TXN_300692,2024-03-12T17:31:00Z,1807.98,RTGS,2529,391,1,4,False,False,1,0
TXN_300839,2024-09-22T16:59:00Z,944.61,RTGS,3098,2883,0,4,False,False,1,0
TXN_300966,2024-03-22T15:02:00Z,2094.12,NEFT,2784,1690,7,8,False,False,1,0
TXN_301534,2024-11-27T09:27:00Z,1903.41,RTGS,489,3305,2,5,False,False,0,0
TXN_302237,2024-08-04T17:04:00Z,9863.02,IMPS,2601,3330,4,2,False,False,0,0
TXN_300115,2024-11-28T10:21:00Z,20560.48,NEFT,3614,2621,3,9,False,False,1,0
TXN_301485,2024-01-20T14:45:00Z,15236.71,IMPS,1420,1535,2,4,False,True,0,0
TXN_300583,2024-06-02T15:20:00Z,4197.3,IMPS,2272,3048,7,6,False,False,0,0
TXN_302029,2024-12-21T21:20:00Z,2628.05,NEFT,3453,3314,0,5,True,False,1,0
TXN_300978,2024-03-19T21:38:00Z,415.76,UPI,502,3489,2,4,False,True,0,0
TXN_300253,2024-09-19T18:06:00Z,1390.81,IMPS,1354,1917,1,5,False,False,0,0
TXN_301865,2024-12-11T08:50:00Z,3497.85,NEFT,1769,1817,7,8,False,False,0,0
TXN_300095,2024-05-05T21:19:00Z,484.69,IMPS,3633,2554,1,4,False,False,1,0
TXN_302061,2024-02-07T08:52:00Z,4888.78,NEFT,2042,2427,3,9,False,True,1,0
TXN_302443,2024-08-31T21:57:00Z,14066.37,UPI,946,824,3,1,False,False,0,0
TXN_302222,2024-06-19T17:20:00Z,1756.12,IMPS,1605,89,1,5,False,False,0,0
TXN_302612,2024-11-05T19:34:00Z,3819.09,IMPS,1668,3338,2,7,False,False,1,0
TXN_302702,2024-11-04T22:29:00Z,8043.62,IMPS,174,572,7,7,False,False,1,0
TXN_302319,2024-06-04T18:07:00Z,39586.04,IMPS,722,1053,4,4,False,True,0,0
TXN_300390,2024-02-10T07:39:00Z,1675.54,UPI,2703,516,0,3,False,True,0,0
TXN_302090,2024-02-16T12:29:00Z,13096.2,RTGS,1930,1235,6,6,True,False,0,0
TXN_300524,2024-10-09T06:10:00Z,66399.56,NEFT,3595,1814,2,5,False,False,1,0
TXN_300020,2024-04-05T19:54:00Z,21400.15,RTGS,2447,531,5,3,False,False,1,0
TXN_300530,2024-08-08T09:22:00Z,4054.45,NEFT,2721,1344,3,6,False,False,0,0
TXN_300873,2024-03-03T17:15:00Z,3443.86,UPI,2676,1414,2,4,False,True,1,0
TXN_302439,2024-01-13T16:21:00Z,5629.41,IMPS,1380,499,0,1,False,False,0,0
TXN_300317,2024-08-23T10:15:00Z,18395.96,NEFT,1944,185,6,9,False,False,1,0
TXN_302586,2024-06-19T13:44:00Z,2244.05,IMPS,2505,398,1,5,False,False,0,0
TXN_300332,2024-04-29T15:23:00Z,542.64,UPI,3263,1551,0,3,False,False,0,0
TXN_300044,2024-04-27T06:17:00Z,9598.49,RTGS,3606,1048,4,2,False,False,1,0
TXN_301507,2024-03-18T18:26:00Z,8559.7,RTGS,478,1719,0,2,False,False,0,0
TXN_301830,2024-04-30T13:58:00Z,2902.49,UPI,3449,493,2,5,False,False,1,0
TXN_301553,2024-07-14T14:35:00Z,11396.71,RTGS,3088,841,0,5,False,False,1,0
TXN_302136,2024-02-19T10:44:00Z,11632.17,RTGS,3452,1986,3,5,False,False,1,0
TXN_302058,2024-08-23T20:04:00Z,796.15,UPI,2709,3518,2,8,False,False,1,0
TXN_300483,2024-04-17T18:39:00Z,793.41,IMPS,1762,1119,2,8,False,False,1,0
TXN_301440,2024-11-21T17:59:00Z,4303.88,NEFT,3311,1535,6,5,False,False,1,0
TXN_301788,2024-06-10T07:50:00Z,3851.82,IMPS,382,803,1,9,False,False,0,0
TXN_301591,2024-07-30T09:07:00Z,6766.28,RTGS,2153,824,3,8,False,False,0,0
TXN_301535,2024-05-22T10:47:00Z,3011.72,IMPS,1517,363,5,7,True,False,1,0
TXN_301667,2024-06-20T19:33:00Z,4625.07,IMPS,3062,1792,5,6,False,True,1,0
TXN_302246,2024-09-01T06:30:00Z,2852.21,UPI,1203,1268,6,1,False,False,1,0
TXN_300053,2024-09-06T21:51:00Z,32722.22,NEFT,1141,3212,0,4,False,True,0,0
TXN_300850,2024-07-17T18:19:00Z,2458.74,UPI,2314,3065,3,2,False,True,0,0
TXN_300943,2024-12-21T08:41:00Z,21771.71,UPI,2082,3350,5,3,False,False,1,0
TXN_301351,2024-10-20T16:41:00Z,3445.81,NEFT,2708,3542,0,3,False,False,1,0
TXN_300061,2024-05-27T12:27:00Z,5159.8,RTGS,2615,1681,6,1,True,False,1,0
TXN_300907,2024-09-10T12:50:00Z,1426.37,RTGS,3588,2585,5,9,False,False,0,0
TXN_300793,2024-03-11T10:23:00Z,4598.92,IMPS,723,2402,5,2,False,False,1,0
TXN_302107,2024-01-17T08:46:00Z,111410.3,NEFT,2841,2540,5,4,False,False,1,0
TXN_300776,2024-04-13T20:16:00Z,1283.83,IMPS,226,106,5,6,False,False,1,0
TXN_301874,2024-04-15T12:11:00Z,14777.36,NEFT,2496,2158,1,8,False,False,1,0
TXN_300586,2024-12-29T18:25:00Z,4087.62,NEFT,2520,385,4,4,False,False,0,0
TXN_302335,2024-01-26T10:16:00Z,15624.49,RTGS,3263,555,1,5,False,True,1,0
TXN_302566,2024-10-14T09:37:00Z,3210.06,RTGS,2263,308,5,2,False,False,0,0
TXN_301269,2024-04-05T12:28:00Z,21346.74,IMPS,704,1576,2,4,False,False,0,0
TXN_302040,2024-04-04T15:35:00Z,12581.83,IMPS,1851,2635,7,1,False,False,0,0
TXN_300751,2024-12-25T07:32:00Z,49963.76,NEFT,1311,2438,6,7,False,False,1,0
TXN_302538,2024-04-16T13:55:00Z,7043.57,UPI,588,966,5,9,False,False,1,0
TXN_300694,2024-08-05T21:58:00Z,1394.66,RTGS,524,2387,1,1,False,False,0,0
TXN_302788,2024-05-13T18:57:00Z,2320.91,UPI,1767,2771,3,39,True,False,0,1
TXN_302693,2024-03-26T09:41:00Z,14365.43,UPI,2365,571,0,9,False,False,1,0
TXN_301686,2024-11-17T20:00:00Z,7232.67,RTGS,2440,705,7,4,False,False,1,0
TXN_302122,2024-12-03T12:15:00Z,1953.94,NEFT,1910,2482,2,4,False,False,1,0
TXN_301053,2024-06-09T07:25:00Z,743.88,UPI,2792,3320,7,8,False,False,0,0
TXN_300981,2024-01-06T08:08:00Z,3951.73,RTGS,2293,1183,0,1,False,False,1,0
TXN_302386,2024-07-05T16:26:00Z,3512.34,NEFT,3638,460,7,9,False,True,1,0
TXN_300800,2024-06-01T08:21:00Z,34761.8,NEFT,2262,219,2,6,False,False,0,0
TXN_301838,2024-07-29T21:11:00Z,90651.17,IMPS,3533,777,1,4,False,False,1,0
TXN_300158,2024-01-29T17:58:00Z,2861.63,IMPS,1785,1017,6,7,False,False,1,0
TXN_301982,2024-12-02T13:06:00Z,7337.05,NEFT,3560,3593,3,1,False,True,0,0
TXN_302601,2024-09-22T08:23:00Z,3108.3,UPI,3315,433,6,7,False,False,1,0
TXN_302798,2024-02-12T20:09:00Z,1530.28,UPI,569,2260,4,25,False,False,1,1
TXN_301961,2024-11-04T19:26:00Z,2205.53,UPI,3440,1377,7,1,False,False,1,0
TXN_300711,2024-09-21T16:23:00Z,1766.55,NEFT,2217,3102,5,8,False,True,1,0
TXN_300233,2024-12-04T17:39:00Z,216.84,IMPS,2436,79,4,1,False,False,1,0
TXN_301832,2024-03-17T20:17:00Z,12470.12,RTGS,3172,2264,5,9,False,False,0,0
TXN_301660,2024-05-19T16:50:00Z,16375.09,NEFT,491,1937,6,6,False,False,1,0
TXN_300147,2024-03-12T12:32:00Z,2188.46,NEFT,1766,3381,5,6,False,False,1,0
TXN_300338,2024-09-23T10:12:00Z,2600.98,NEFT,2010,3147,5,2,False,False,1,0
TXN_301687,2024-08-07T08:24:00Z,10837.09,NEFT,1734,1804,4,4,False,False,0,0
TXN_302665,2024-11-30T18:29:00Z,496.02,UPI,3082,1815,3,3,False,False,0,0
TXN_302657,2024-10-14T07:02:00Z,501.75,UPI,1259,3326,4,2,False,False,0,0
TXN_302364,2024-02-19T09:17:00Z,7266.43,IMPS,453,2062,0,9,False,False,1,0
TXN_300278,2024-02-26T06:51:00Z,3269.96,RTGS,2699,1961,5,2,False,False,0,0
TXN_302338,2024-07-14T15:24:00Z,18907.26,NEFT,247,3446,2,1,False,False,1,0
TXN_302750,2024-11-03T16:36:00Z,2686.08,RTGS,344,2651,33,6,False,True,0,1
TXN_302679,2024-04-06T11:45:00Z,6201.84,IMPS,3178,2511,1,7,False,False,1,0
TXN_302465,2024-08-18T08:59:00Z,10223.85,UPI,250,2058,3,3,False,False,1,0
TXN_301853,2024-11-10T13:34:00Z,2510.43,IMPS,969,1705,1,7,False,False,1,0
TXN_301972,2024-09-03T19:37:00Z,13507.34,IMPS,411,1180,1,6,False,False,1,0
TXN_302591,2024-03-19T14:03:00Z,578.11,IMPS,3067,849,6,7,False,False,1,0
TXN_300074,2024-09-28T06:48:00Z,4598.85,UPI,730,2656,5,6,False,False,0,0
TXN_301095,2024-10-15T11:06:00Z,10348.83,UPI,1846,2126,1,6,False,True,1,0
TXN_302589,2024-01-22T21:05:00Z,15599.81,IMPS,2638,2791,2,9,False,False,1,0
TXN_302662,2024-10-06T10:10:00Z,3013.42,IMPS,2140,2289,6,6,False,False,1,0
TXN_302404,2024-06-13T10:12:00Z,2660.97,RTGS,3366,946,3,1,False,False,0,0
TXN_301668,2024-09-18T14:44:00Z,1050.33,UPI,3410,392,4,3,False,False,1,0
TXN_300131,2024-09-12T07:25:00Z,3371.04,RTGS,3314,2859,1,5,True,False,1,0
TXN_301141,2024-01-29T21:04:00Z,2231.0,NEFT,3035,2491,3,2,False,True,0,0
TXN_301222,2024-02-09T06:15:00Z,802.21,NEFT,1979,3053,2,4,False,False,1,0
TXN_302525,2024-05-21T20:52:00Z,11537.06,RTGS,3018,3275,3,5,False,False,1,0
TXN_300425,2024-11-23T12:31:00Z,42704.52,NEFT,2456,419,0,2,False,False,0,0
TXN_302478,2024-12-23T17:34:00Z,10426.26,RTGS,2408,2490,7,5,False,False,0,0
TXN_302242,2024-11-20T08:23:00Z,980.54,IMPS,518,2114,6,9,False,False,0,0
TXN_301941,2024-09-03T15:09:00Z,20919.4,UPI,1189,1931,3,6,False,False,1,0
TXN_302368,2024-10-03T06:51:00Z,6217.4,NEFT,914,1210,0,8,True,False,1,0
TXN_302661,2024-04-27T12:10:00Z,13675.57,RTGS,1297,1172,2,9,False,False,0,0
TXN_302154,2024-08-09T07:32:00Z,1599.18,RTGS,879,1607,1,6,False,False,0,0
TXN_301231,2024-01-21T15:22:00Z,6691.04,NEFT,2481,1811,0,9,False,False,1,0
TXN_300650,2024-05-22T07:58:00Z,20296.38,UPI,1121,195,0,9,False,False,1,0
TXN_301786,2024-02-05T10:24:00Z,4196.38,NEFT,1367,1215,0,9,False,False,0,0
TXN_302793,2024-04-08T13:12:00Z,2306.12,RTGS,2,2430,5,5,True,False,1,1
TXN_302178,2024-08-26T16:25:00Z,4050.96,IMPS,2416,738,2,5,False,False,0,0
TXN_301926,2024-05-29T06:33:00Z,5514.13,RTGS,242,1507,7,9,False,False,0,0
TXN_301690,2024-01-02T20:05:00Z,981.26,IMPS,2040,452,3,2,False,False,1,0
TXN_300675,2024-03-10T07:52:00Z,2359.31,RTGS,508,2036,4,1,False,False,0,0
TXN_301327,2024-02-11T12:13:00Z,17150.04,UPI,2425,3562,6,7,False,False,1,0
TXN_300496,2024-11-02T16:30:00Z,3087.69,RTGS,278,3289,5,9,False,False,1,0
TXN_302396,2024-05-15T19:52:00Z,1676.45,RTGS,2844,582,1,1,False,False,1,0
TXN_302158,2024-08-31T06:28:00Z,1033.84,RTGS,1590,2970,6,4,True,False,0,0
TXN_302283,2024-04-24T18:51:00Z,2096.26,IMPS,1317,460,3,7,False,False,1,0
TXN_300184,2024-07-23T07:41:00Z,625.49,IMPS,2643,1915,0,3,False,False,0,0
TXN_301726,2024-12-14T10:18:00Z,9624.97,NEFT,2936,3027,2,2,True,False,0,0
TXN_302447,2024-11-25T15:44:00Z,2830.34,RTGS,1958,2862,5,2,False,False,1,0
TXN_300781,2024-12-20T18:51:00Z,4007.06,UPI,2424,1752,7,1,False,False,0,0
TXN_302232,2024-01-08T11:25:00Z,3976.37,NEFT,76,1390,5,9,False,False,1,0
TXN_301099,2024-12-22T21:17:00Z,2704.96,IMPS,2748,2954,5,5,False,False,0,0
TXN_300913,2024-08-17T19:30:00Z,2162.23,IMPS,1416,2971,1,6,False,False,1,0
TXN_302036,2024-11-10T08:49:00Z,6517.98,RTGS,2474,2173,5,6,False,False,0,0
TXN_301093,2024-02-10T09:11:00Z,10529.98,RTGS,1486,3163,5,7,False,False,1,0
TXN_300566,2024-02-03T21:27:00Z,4962.06,RTGS,2869,45,3,1,False,True,1,0
TXN_301467,2024-07-19T13:37:00Z,3662.73,UPI,1993,2051,5,3,False,False,0,0
TXN_301380,2024-12-24T15:54:00Z,12892.67,NEFT,328,762,5,7,False,False,1,0
TXN_300905,2024-03-10T15:05:00Z,11360.89,NEFT,3336,1809,7,6,False,False,0,0
TXN_301416,2024-07-18T15:10:00Z,1355.0,NEFT,1811,319,2,1,False,False,0,0
TXN_302792,2024-07-08T07:03:00Z,3229.67,UPI,753,3060,2,58,False,False,0,1
TXN_301032,2024-02-23T11:38:00Z,3910.32,NEFT,1374,2749,6,2,True,False,0,0
TXN_302256,2024-01-14T14:28:00Z,5174.31,UPI,2819,3641,1,2,False,False,1,0
TXN_301856,2024-01-19T15:12:00Z,5585.49,UPI,3284,3642,7,3,False,False,1,0
TXN_302304,2024-07-06T21:14:00Z,6825.17,UPI,2439,874,4,9,False,False,1,0
TXN_300953,2024-08-29T22:43:00Z,422.44,UPI,1697,1066,0,3,False,False,1,0
TXN_300622,2024-09-21T20:16:00Z,9877.14,RTGS,1041,1157,5,8,False,False,1,0
TXN_302027,2024-12-28T17:19:00Z,3428.5,UPI,744,2958,3,6,False,True,0,0
TXN_301070,2024-03-01T16:33:00Z,16377.8,RTGS,2022,2613,5,5,False,False,0,0
TXN_302745,2024-11-23T19:21:00Z,1642.07,UPI,3299,2695,4,58,False,False,0,1
TXN_300815,2024-10-27T12:41:00Z,96189.01,NEFT,2066,86,2,9,False,False,1,0
TXN_302773,2024-07-10T21:36:00Z,10691.31,RTGS,3555,1097,4,22,False,False,0,1
TXN_302785,2024-02-22T11:35:00Z,6221.83,IMPS,2839,2350,0,32,False,False,1,1
TXN_300432,2024-10-02T15:31:00Z,776.02,UPI,3466,1672,6,3,False,True,0,0
TXN_300727,2024-06-17T17:17:00Z,1090.64,UPI,2258,191,3,9,False,False,1,0
TXN_300112,2024-12-28T08:14:00Z,4388.92,UPI,2199,434,2,6,False,False,0,0
TXN_302704,2024-09-21T18:52:00Z,322.73,RTGS,38,3308,6,8,False,False,1,0
TXN_300194,2024-01-12T13:00:00Z,2876.81,NEFT,3009,1472,4,8,False,False,1,0
TXN_301226,2024-05-14T15:21:00Z,2823.17,NEFT,3102,3404,4,3,False,False,0,0
TXN_300098,2024-11-18T17:41:00Z,9407.42,RTGS,395,111,3,8,False,False,1,0
TXN_300887,2024-03-19T15:55:00Z,735.53,NEFT,2692,2561,4,7,False,False,1,0
TXN_301076,2024-09-02T22:57:00Z,1723.48,IMPS,3128,479,3,3,False,False,1,0
TXN_300070,2024-07-07T17:43:00Z,790.26,UPI,1308,2891,1,9,False,False,0,0
TXN_300447,2024-02-29T06:53:00Z,2102.6,UPI,70,774,1,7,False,False,1,0
TXN_302571,2024-08-12T13:41:00Z,2696.01,IMPS,3068,3415,2,8,False,False,1,0
TXN_300748,2024-01-26T15:08:00Z,1415.84,RTGS,3120,1016,3,6,False,False,0,0
TXN_300525,2024-11-30T12:52:00Z,4646.7,UPI,2784,3477,4,1,False,False,0,0
TXN_302114,2024-01-22T08:23:00Z,9125.38,UPI,442,674,3,1,False,False,0,0
TXN_301456,2024-04-21T15:48:00Z,1589.49,IMPS,2615,682,7,6,False,False,1,0
TXN_301406,2024-05-28T18:37:00Z,1953.63,RTGS,2997,2586,3,3,True,False,0,0
TXN_301906,2024-11-27T16:44:00Z,11606.54,RTGS,1425,1060,4,1,False,False,1,0
TXN_300585,2024-10-10T21:26:00Z,13054.66,IMPS,1492,305,6,6,False,False,0,0
TXN_302472,2024-05-16T15:16:00Z,4498.76,UPI,412,2818,5,1,False,False,1,0
TXN_302575,2024-06-26T06:23:00Z,1903.6,RTGS,2484,3274,4,4,False,True,0,0
TXN_300898,2024-05-17T11:28:00Z,5069.46,UPI,1900,1142,4,3,False,False,1,0
TXN_302170,2024-05-20T07:04:00Z,73961.89,NEFT,446,1586,6,6,False,False,0,0
TXN_302202,2024-06-24T21:13:00Z,1892.11,IMPS,354,2364,4,6,False,False,1,0
TXN_301928,2024-05-28T18:17:00Z,1646.28,UPI,288,1670,3,2,False,False,0,0
TXN_301479,2024-10-14T16:15:00Z,3919.02,UPI,381,193,7,1,False,True,1,0
TXN_301205,2024-02-05T15:01:00Z,3898.51,IMPS,655,864,5,1,False,False,0,0
TXN_302193,2024-09-11T16:36:00Z,7683.23,NEFT,904,2472,0,6,True,False,0,0
TXN_301944,2024-03-31T17:19:00Z,20534.59,IMPS,507,3282,2,7,False,False,0,0
TXN_301475,2024-08-28T15:13:00Z,5368.57,UPI,2977,2122,2,9,False,False,1,0
TXN_300899,2024-03-07T06:30:00Z,2055.63,NEFT,1489,1535,2,6,False,False,1,0
TXN_302647,2024-03-15T08:43:00Z,1159.62,IMPS,2688,731,2,7,False,False,1,0
TXN_301367,2024-05-09T19:23:00Z,29619.6,RTGS,818,874,6,3,False,False,0,0
TXN_300958,2024-01-30T11:12:00Z,48881.99,UPI,2498,1373,2,2,False,False,0,0
TXN_302715,2024-04-02T16:19:00Z,7020.77,IMPS,1078,898,6,9,False,False,1,0
TXN_301219,2024-10-26T15:33:00Z,9939.77,RTGS,2207,2815,5,9,False,False,0,0
TXN_302476,2024-12-12T14:54:00Z,473.8,NEFT,1068,1308,5,4,False,False,1,0
TXN_301880,2024-09-08T08:07:00Z,1295.54,NEFT,3585,424,7,3,False,True,0,0
TXN_301599,2024-04-05T15:22:00Z,4305.26,UPI,1478,81,7,3,False,True,1,0
TXN_301920,2024-02-17T07:34:00Z,2413.44,IMPS,38,3573,4,8,False,False,0,0
TXN_302318,2024-04-17T17:04:00Z,877.15,IMPS,826,1944,1,1,False,False,1,0
TXN_300480,2024-04-24T19:06:00Z,3384.19,IMPS,3333,440,3,9,False,True,1,0
TXN_302646,2024-12-27T20:34:00Z,610.79,UPI,3031,806,0,1,False,False,1,0
TXN_301567,2024-03-01T10:04:00Z,13307.35,UPI,2704,1638,6,4,False,False,0,0
TXN_301809,2024-02-05T19:12:00Z,6105.59,IMPS,1937,2175,6,6,True,False,1,0
TXN_302092,2024-10-16T15:04:00Z,309.46,NEFT,2397,1646,7,3,False,False,0,0
TXN_300854,2024-04-21T08:46:00Z,4179.41,IMPS,2275,3243,2,7,False,False,0,0
TXN_301224,2024-11-24T18:22:00Z,4276.11,IMPS,2352,2785,4,6,False,True,0,0
TXN_301893,2024-12-06T14:51:00Z,4186.63,RTGS,2123,2991,3,7,False,False,1,0
TXN_302681,2024-02-22T12:40:00Z,28615.08,IMPS,68,2734,0,8,False,True,1,0
TXN_301463,2024-11-17T22:27:00Z,3113.42,RTGS,2282,106,5,8,False,False,0,0
TXN_302456,2024-12-16T11:53:00Z,1870.36,IMPS,1123,2549,2,5,False,False,0,0
TXN_301648,2024-01-03T17:54:00Z,11115.55,IMPS,1181,3063,4,2,False,False,0,0
TXN_301892,2024-02-20T20:28:00Z,2474.3,NEFT,645,2979,5,5,False,False,1,0
TXN_300916,2024-12-17T22:37:00Z,2187.6,RTGS,1920,2006,2,6,False,False,1,0
TXN_302030,2024-05-03T13:04:00Z,799.38,IMPS,746,3613,0,3,False,False,0,0
TXN_300172,2024-05-04T17:52:00Z,5823.16,UPI,791,3160,1,6,False,False,0,0
TXN_302675,2024-08-22T22:49:00Z,758.16,IMPS,916,1944,5,8,False,False,1,0
TXN_301183,2024-08-01T07:10:00Z,6956.4,UPI,3335,3383,7,1,True,False,1,0
TXN_301698,2024-01-05T12:32:00Z,2977.05,IMPS,2246,3030,4,4,False,False,0,0
TXN_301291,2024-09-08T17:53:00Z,15595.01,IMPS,1858,1195,1,6,False,False,1,0
TXN_300629,2024-09-18T20:15:00Z,1141.27,UPI,2235,115,1,3,False,False,1,0
TXN_300886,2024-08-18T14:28:00Z,16785.8,RTGS,2558,3613,0,4,False,False,1,0
TXN_302015,2024-02-29T17:48:00Z,395.85,RTGS,114,3611,0,7,False,True,1,0
TXN_300569,2024-06-27T07:48:00Z,2524.37,RTGS,2565,2125,7,3,False,False,0,0
TXN_302795,2024-01-28T15:25:00Z,6047.53,NEFT,2483,48,3,24,False,False,1,1
TXN_301918,2024-05-29T10:49:00Z,20056.63,RTGS,873,3336,7,1,False,False,0,0
TXN_300412,2024-06-24T19:34:00Z,5333.46,IMPS,1350,3074,0,9,False,False,0,0
TXN_301498,2024-02-18T07:10:00Z,1237.07,UPI,1198,3170,6,6,False,False,0,0
TXN_300791,2024-01-08T12:06:00Z,13192.03,NEFT,800,1741,5,3,False,True,0,0
TXN_301547,2024-02-03T09:10:00Z,16091.58,IMPS,3360,3577,1,6,False,False,1,0
TXN_301898,2024-01-14T22:48:00Z,9762.49,RTGS,656,2251,6,4,False,False,0,0
TXN_301569,2024-03-03T13:22:00Z,2459.72,UPI,570,2197,3,1,False,False,1,0
TXN_300458,2024-03-25T10:27:00Z,3666.73,IMPS,3551,824,5,8,False,True,1,0
TXN_301896,2024-01-03T14:47:00Z,8243.92,RTGS,809,2251,4,5,False,False,0,0
TXN_300823,2024-04-13T21:10:00Z,2677.85,RTGS,3227,1333,1,2,False,False,1,0
TXN_302438,2024-06-09T22:00:00Z,894.36,NEFT,2498,932,7,1,False,False,1,0
TXN_302097,2024-12-23T09:03:00Z,17622.8,UPI,1941,3017,2,7,False,False,1,0
TXN_300809,2024-10-07T10:17:00Z,2482.37,IMPS,662,2664,5,5,False,False,0,0
TXN_301352,2024-04-01T07:55:00Z,11209.06,IMPS,1044,1765,4,7,False,False,1,0
TXN_301997,2024-03-01T21:37:00Z,9842.04,IMPS,2056,1179,5,7,False,False,1,0
TXN_302521,2024-08-09T13:51:00Z,649.24,IMPS,1634,2196,0,5,False,False,1,0
TXN_300932,2024-02-09T20:38:00Z,3207.5,IMPS,2987,1640,4,4,True,False,1,0
TXN_301550,2024-09-25T16:26:00Z,1002.39,RTGS,781,1825,6,7,False,False,0,0
TXN_300265,2024-10-06T09:09:00Z,3043.16,IMPS,3073,2932,4,3,False,False,0,0
TXN_301636,2024-05-20T11:40:00Z,507.29,RTGS,1402,1352,6,2,False,False,1,0
TXN_302163,2024-07-22T13:46:00Z,732.62,IMPS,413,1377,2,9,False,False,0,0
TXN_301495,2024-07-27T18:29:00Z,10356.66,NEFT,381,1445,6,3,False,False,1,0
TXN_302294,2024-07-23T09:33:00Z,8319.09,RTGS,519,91,6,7,False,False,0,0
TXN_300301,2024-05-21T17:40:00Z,16259.4,RTGS,1209,1129,1,9,False,False,0,0
TXN_301931,2024-04-09T09:17:00Z,25505.43,NEFT,2033,510,3,4,False,False,1,0
TXN_301597,2024-05-25T07:04:00Z,4506.39,UPI,2152,2149,7,8,False,False,1,0
TXN_302644,2024-08-28T16:35:00Z,1184.02,NEFT,2220,1328,3,9,False,False,0,0
TXN_301458,2024-03-25T21:52:00Z,76577.89,IMPS,2542,2814,3,5,False,False,0,0
TXN_300225,2024-04-18T14:17:00Z,861.81,RTGS,357,3213,5,7,False,False,0,0
TXN_301104,2024-12-28T19:52:00Z,31119.42,RTGS,1628,919,6,7,False,False,1,0
TXN_302469,2024-09-24T13:31:00Z,5494.21,UPI,2191,92,6,4,False,False,1,0
TXN_300980,2024-07-05T07:02:00Z,3273.96,UPI,2332,1748,5,2,False,True,1,0
TXN_302248,2024-12-26T16:24:00Z,17651.81,RTGS,3508,312,2,1,False,False,0,0
TXN_301513,2024-11-16T07:06:00Z,2851.57,IMPS,2417,637,1,6,False,False,0,0
TXN_300970,2024-12-12T15:49:00Z,15637.49,UPI,684,1329,2,2,False,False,1,0
TXN_300314,2024-04-15T21:43:00Z,4742.61,NEFT,2020,1958,0,9,False,False,0,0
TXN_300567,2024-08-22T22:34:00Z,10619.88,UPI,157,205,2,7,False,False,1,0
TXN_302638,2024-08-15T15:46:00Z,1808.62,UPI,2810,2815,3,4,False,False,0,0
TXN_301603,2024-07-04T15:12:00Z,10398.91,RTGS,3425,766,5,5,False,False,1,0
TXN_301149,2024-07-09T15:13:00Z,1079.54,IMPS,2989,3237,1,6,False,False,1,0
TXN_300256,2024-01-20T06:24:00Z,69406.57,RTGS,1212,2364,4,7,False,False,0,0
TXN_300842,2024-03-14T13:44:00Z,7092.22,IMPS,210,2918,0,7,False,False,0,0
TXN_300709,2024-08-28T20:31:00Z,1974.49,UPI,398,1563,2,4,False,False,0,0
TXN_300466,2024-07-06T12:03:00Z,60388.96,IMPS,3195,582,1,3,False,False,0,0
TXN_302024,2024-06-12T07:09:00Z,609.57,UPI,250,3526,2,8,False,False,0,0
TXN_300544,2024-07-05T18:12:00Z,283.82,RTGS,3197,1903,7,4,False,True,1,0
TXN_302613,2024-02-04T22:45:00Z,1979.77,UPI,675,3052,5,5,False,False,1,0
TXN_301835,2024-08-20T20:25:00Z,6044.03,RTGS,3100,2678,1,1,False,False,0,0
TXN_300213,2024-02-02T12:03:00Z,12106.67,RTGS,1536,789,2,5,False,False,1,0
TXN_302000,2024-12-23T12:28:00Z,10937.19,RTGS,1722,1054,5,5,False,True,1,0
TXN_300789,2024-03-26T07:21:00Z,7690.6,NEFT,2709,2440,6,7,False,False,0,0
TXN_302140,2024-06-08T12:17:00Z,3545.98,IMPS,1888,869,0,5,False,False,1,0
TXN_302272,2024-05-28T10:40:00Z,21486.41,RTGS,3138,1699,3,6,False,True,1,0
TXN_302167,2024-03-14T18:50:00Z,10359.65,NEFT,1624,2348,6,7,False,False,0,0
TXN_301279,2024-07-19T20:47:00Z,677.11,RTGS,3008,2305,7,4,False,False,0,0
TXN_302742,2024-11-30T21:52:00Z,37205.41,IMPS,2605,2016,1,49,False,False,1,1
TXN_300374,2024-02-10T19:09:00Z,1575.69,NEFT,1632,2142,6,5,False,False,1,0
TXN_302584,2024-01-13T11:30:00Z,9805.92,RTGS,1924,2155,4,3,True,True,1,0
TXN_301353,2024-10-24T19:29:00Z,428.15,RTGS,312,1278,6,1,False,False,0,0
TXN_300519,2024-04-26T20:20:00Z,2147.01,IMPS,1782,1418,2,9,False,False,1,0
TXN_300146,2024-07-23T08:41:00Z,841.07,UPI,1074,1102,0,5,False,True,1,0
TXN_300328,2024-10-05T11:24:00Z,11638.52,RTGS,2570,3473,5,6,False,False,0,0
TXN_300734,2024-03-28T12:41:00Z,1402.01,RTGS,3071,915,2,2,False,False,0,0
TXN_301818,2024-08-24T10:26:00Z,4841.29,IMPS,3438,209,5,5,False,True,0,0
TXN_302639,2024-02-06T20:37:00Z,18802.7,IMPS,1315,247,5,3,False,False,1,0
TXN_301387,2024-12-30T19:01:00Z,5349.06,RTGS,3419,1700,1,2,False,False,1,0
TXN_302378,2024-11-24T12:58:00Z,13535.3,NEFT,3437,1563,3,5,False,False,0,0
TXN_302227,2024-10-13T07:53:00Z,3153.79,RTGS,3521,1113,5,1,False,False,1,0
TXN_302072,2024-11-02T19:16:00Z,8333.4,UPI,2497,2725,5,6,False,False,0,0
TXN_301887,2024-05-10T14:36:00Z,2259.97,IMPS,1529,448,0,4,False,False,0,0
TXN_300252,2024-03-28T17:47:00Z,1085.15,IMPS,1299,1124,4,5,False,False,1,0
TXN_302391,2024-09-27T09:26:00Z,7141.02,NEFT,1493,2312,6,2,False,False,1,0
TXN_301992,2024-05-07T10:25:00Z,2143.48,IMPS,684,2270,4,2,False,False,0,0
TXN_302796,2024-04-30T06:40:00Z,12415.36,NEFT,837,3095,6,58,False,False,1,1
TXN_302239,2024-08-12T07:26:00Z,12605.37,RTGS,2373,1704,7,4,False,False,0,0
TXN_301733,2024-06-18T06:06:00Z,5748.83,UPI,1068,277,3,1,False,False,0,0
TXN_301030,2024-02-23T20:31:00Z,2844.17,UPI,183,1601,2,8,True,False,0,0
TXN_300140,2024-08-18T17:37:00Z,2126.3,IMPS,3561,357,6,7,False,False,0,0
TXN_301655,2024-11-17T16:53:00Z,3175.55,RTGS,2194,2218,5,9,False,False,0,0
TXN_301776,2024-10-24T09:21:00Z,3590.75,NEFT,1811,129,0,8,False,False,1,0
TXN_300733,2024-03-12T15:18:00Z,2741.8,NEFT,1094,163,5,2,False,False,0,0
TXN_302330,2024-01-31T21:37:00Z,17873.7,RTGS,2920,2229,1,3,False,True,1,0
TXN_302450,2024-02-28T12:59:00Z,5463.27,UPI,1059,216,5,7,False,False,0,0
TXN_302632,2024-03-24T20:14:00Z,1114.7,IMPS,893,2278,4,3,False,False,0,0
TXN_301502,2024-06-24T06:42:00Z,1176.02,RTGS,288,1197,7,3,False,False,0,0
TXN_301062,2024-04-18T18:45:00Z,31320.16,NEFT,452,782,2,5,False,False,0,0
TXN_300288,2024-01-18T14:27:00Z,15254.68,NEFT,3122,1297,2,9,False,False,1,0
TXN_301872,2024-10-01T16:45:00Z,3345.87,RTGS,2799,3454,7,1,False,False,1,0
TXN_302519,2024-11-16T11:26:00Z,1827.48,RTGS,1951,3029,6,2,False,False,1,0
TXN_301013,2024-07-12T18:36:00Z,1086.0,UPI,891,2608,5,6,False,False,1,0
TXN_300701,2024-03-14T21:33:00Z,4839.88,RTGS,1692,1542,3,5,False,False,1,0
TXN_301505,2024-10-23T07:41:00Z,2651.48,NEFT,2759,318,4,8,False,False,0,0
TXN_302214,2024-02-06T10:13:00Z,4477.34,UPI,96,1464,0,3,False,False,1,0
TXN_302341,2024-10-23T17:42:00Z,6057.96,IMPS,726,1122,1,6,False,False,0,0
TXN_301748,2024-05-28T19:19:00Z,232.97,UPI,2810,2608,4,9,False,False,0,0
TXN_300784,2024-04-20T11:37:00Z,2465.62,UPI,3531,2737,4,7,False,False,1,0
TXN_301710,2024-03-29T15:36:00Z,3185.87,RTGS,2590,1553,1,3,False,False,0,0
TXN_302152,2024-10-06T14:40:00Z,13359.22,IMPS,2846,197,4,5,False,False,0,0
TXN_300282,2024-08-19T07:59:00Z,3514.59,UPI,2680,1943,7,4,False,False,0,0
TXN_300193,2024-11-04T10:29:00Z,2928.95,RTGS,2490,618,7,8,False,False,1,0
TXN_301364,2024-06-09T11:00:00Z,2909.38,RTGS,673,2039,3,7,False,True,1,0
TXN_301950,2024-12-04T11:34:00Z,5339.22,RTGS,460,110,0,5,False,True,1,0
TXN_301831,2024-11-01T08:26:00Z,5724.28,IMPS,2092,2563,2,4,False,False,0,0
TXN_300698,2024-11-14T10:18:00Z,15905.9,UPI,3454,2514,6,1,False,False,1,0
TXN_302358,2024-08-04T17:40:00Z,1231.57,IMPS,2137,1110,1,5,False,False,1,0
TXN_300075,2024-03-14T08:03:00Z,7086.9,UPI,687,1636,1,2,False,False,1,0
TXN_302168,2024-05-07T19:11:00Z,573.53,RTGS,1916,1924,3,6,False,False,0,0
TXN_302622,2024-07-09T08:03:00Z,2031.18,UPI,3310,255,2,9,False,False,0,0
TXN_300829,2024-07-25T06:25:00Z,1468.64,RTGS,2732,2175,4,1,False,True,0,0
TXN_300002,2024-01-05T11:06:00Z,25323.18,NEFT,1631,3461,6,4,False,False,0,0
TXN_301035,2024-04-11T06:49:00Z,11575.26,NEFT,71,709,6,9,False,False,1,0
TXN_301277,2024-08-08T11:33:00Z,20750.42,IMPS,2297,105,3,4,False,False,0,0
TXN_301867,2024-06-19T12:15:00Z,11096.67,NEFT,2191,2819,5,7,False,False,1,0
TXN_300396,2024-03-10T12:03:00Z,24775.71,UPI,2635,1270,1,9,False,False,1,0
TXN_302177,2024-12-29T14:08:00Z,7112.75,UPI,3615,3129,3,4,False,True,1,0
TXN_300130,2024-11-27T15:56:00Z,6920.56,IMPS,2253,1249,1,1,False,False,1,0
TXN_300264,2024-02-27T06:18:00Z,2457.74,UPI,830,624,2,8,False,False,0,0
TXN_300865,2024-05-28T10:14:00Z,17110.96,RTGS,329,1624,6,5,False,False,1,0
TXN_301295,2024-11-29T11:11:00Z,5625.2,NEFT,1655,461,3,2,False,False,0,0
TXN_302692,2024-02-11T18:25:00Z,6252.46,UPI,858,3530,7,9,False,False,1,0
TXN_300812,2024-08-02T11:35:00Z,297.4,RTGS,1800,2756,3,6,False,False,0,0
TXN_300438,2024-02-14T22:15:00Z,57989.82,IMPS,2094,1175,2,5,False,False,0,0
TXN_302302,2024-04-30T20:00:00Z,48777.18,RTGS,292,1579,7,4,False,False,0,0
TXN_301135,2024-12-02T09:10:00Z,1723.14,IMPS,3633,1942,5,5,False,False,0,0
TXN_302719,2024-08-07T12:47:00Z,3005.36,RTGS,2822,922,4,36,False,False,1,1
TXN_300590,2024-08-02T10:13:00Z,16084.67,RTGS,1447,3396,2,9,False,False,1,0
TXN_302382,2024-05-10T12:07:00Z,17913.02,RTGS,2689,1220,7,7,False,False,0,0
TXN_302512,2024-02-21T16:21:00Z,531.45,RTGS,2600,1022,6,6,False,False,0,0
TXN_301819,2024-05-02T06:10:00Z,7431.11,IMPS,1840,310,6,5,False,False,0,0
TXN_302621,2024-06-09T11:06:00Z,704.71,IMPS,683,2733,1,7,False,False,0,0
TXN_301256,2024-04-16T13:49:00Z,43345.15,NEFT,2490,425,3,1,False,False,1,0
TXN_301515,2024-10-20T14:51:00Z,3442.3,IMPS,771,1987,0,1,False,False,1,0
TXN_302400,2024-03-10T09:21:00Z,5471.33,NEFT,364,1509,3,1,False,False,0,0
TXN_302734,2024-10-03T06:14:00Z,7458.75,UPI,232,116,5,26,False,False,1,1
TXN_300527,2024-07-27T13:15:00Z,6193.62,NEFT,3169,2606,4,9,False,True,1,0
TXN_301808,2024-04-28T11:11:00Z,1205.99,IMPS,902,2042,0,1,False,False,0,0
TXN_300343,2024-02-04T14:59:00Z,14192.11,UPI,2234,3022,0,9,False,False,0,0
TXN_302508,2024-09-03T09:45:00Z,5232.87,IMPS,2649,1892,2,8,True,False,1,0
TXN_302523,2024-02-22T10:00:00Z,4551.95,NEFT,2133,1969,5,2,False,False,0,0
TXN_302419,2024-04-21T06:42:00Z,1825.79,UPI,202,683,3,5,False,False,1,0
TXN_301541,2024-12-13T18:59:00Z,1701.78,RTGS,2135,282,1,7,False,True,0,0
TXN_301617,2024-07-04T09:47:00Z,2040.93,RTGS,2158,129,1,8,True,False,0,0
TXN_301509,2024-08-12T10:19:00Z,2233.73,IMPS,3368,688,2,8,False,False,0,0
TXN_300105,2024-09-27T08:53:00Z,13601.23,NEFT,414,1213,5,7,False,False,0,0
TXN_300427,2024-01-11T14:21:00Z,1846.79,UPI,1836,1031,5,6,False,False,1,0
TXN_300589,2024-03-08T11:12:00Z,17101.7,IMPS,973,3018,4,3,True,False,0,0
TXN_302205,2024-06-09T10:50:00Z,18342.76,UPI,3485,3514,2,3,False,False,0,0
TXN_302552,2024-09-09T07:04:00Z,4959.5,NEFT,577,1362,3,2,False,False,0,0
TXN_300239,2024-05-15T10:52:00Z,2885.85,UPI,1360,938,5,5,False,False,0,0
TXN_301965,2024-05-18T06:20:00Z,2441.26,RTGS,2601,1008,3,7,False,True,1,0
TXN_302585,2024-10-17T10:49:00Z,43731.08,IMPS,432,3056,5,5,False,False,1,0
TXN_302089,2024-03-06T07:29:00Z,933.3,RTGS,1474,3640,0,2,False,False,0,0
TXN_301691,2024-04-13T10:31:00Z,4498.58,RTGS,2618,748,3,7,False,False,1,0
TXN_301602,2024-05-12T16:06:00Z,14072.3,NEFT,552,3363,0,4,False,True,1,0
TXN_302023,2024-06-20T06:23:00Z,2276.68,UPI,1150,1050,0,7,False,False,1,0
TXN_302496,2024-05-10T19:44:00Z,1407.79,NEFT,1120,965,1,8,False,False,0,0
TXN_302139,2024-01-31T08:34:00Z,30336.66,RTGS,1321,592,2,7,True,False,0,0
TXN_300290,2024-03-06T10:09:00Z,25334.01,IMPS,3227,552,4,4,False,False,0,0
TXN_302006,2024-10-20T16:30:00Z,18143.99,NEFT,1926,2693,4,7,False,False,0,0
TXN_301549,2024-11-12T22:50:00Z,8585.6,UPI,1304,2476,2,8,False,False,1,0
TXN_301225,2024-06-10T09:02:00Z,1357.3,IMPS,1861,342,2,5,False,False,1,0
TXN_301365,2024-01-16T13:36:00Z,5142.81,IMPS,847,3340,1,2,False,False,1,0
TXN_301530,2024-12-23T22:33:00Z,1097.75,NEFT,719,1280,7,8,False,False,1,0
TXN_301715,2024-12-17T09:16:00Z,2814.81,RTGS,3099,1374,5,2,False,False,0,0
TXN_300443,2024-10-04T20:04:00Z,7806.54,IMPS,1868,1412,2,2,False,False,0,0
TXN_302348,2024-02-22T17:16:00Z,18195.89,UPI,385,90,7,1,False,False,1,0
TXN_300737,2024-08-27T07:39:00Z,5682.53,RTGS,2175,2927,7,3,False,False,1,0
TXN_301866,2024-03-13T18:20:00Z,11882.79,IMPS,38,1380,5,4,False,False,1,0
TXN_301520,2024-08-30T21:00:00Z,4609.2,IMPS,3484,1934,0,6,False,False,0,0
TXN_302797,2024-12-26T06:55:00Z,1689.41,UPI,2663,2769,4,39,False,True,0,1
TXN_300678,2024-07-27T16:10:00Z,3589.73,IMPS,638,3427,2,5,False,False,1,0
TXN_300922,2024-07-25T08:55:00Z,12000.2,RTGS,1006,1327,6,3,False,False,1,0
TXN_301002,2024-07-21T12:54:00Z,6390.36,UPI,2146,2126,7,2,False,False,0,0
TXN_302544,2024-05-06T12:32:00Z,14816.57,IMPS,2581,674,3,2,False,False,0,0
TXN_300178,2024-09-13T07:36:00Z,2500.76,NEFT,1791,2718,0,6,False,False,1,0
TXN_300099,2024-02-25T07:59:00Z,17036.24,RTGS,1000,2951,0,2,False,False,0,0
TXN_301233,2024-08-26T13:49:00Z,2585.48,RTGS,1684,405,0,9,True,False,1,0
TXN_302377,2024-11-10T13:02:00Z,20999.89,NEFT,112,2303,0,4,False,False,0,0
TXN_301679,2024-05-11T19:16:00Z,10389.29,NEFT,2563,42,6,8,False,True,0,0
TXN_302446,2024-11-02T19:28:00Z,451.67,IMPS,2132,1028,7,3,False,True,0,0
TXN_300276,2024-05-26T10:22:00Z,10189.71,UPI,39,3248,5,4,False,False,0,0
TXN_302292,2024-08-02T06:11:00Z,1262.92,IMPS,1343,1272,7,1,False,False,1,0
TXN_300753,2024-04-21T06:54:00Z,791.34,NEFT,1025,116,6,2,False,False,1,0
TXN_302133,2024-10-23T21:24:00Z,4535.72,IMPS,522,547,2,7,False,False,0,0
TXN_301578,2024-07-30T07:05:00Z,8214.53,IMPS,2853,3557,7,2,False,False,1,0
TXN_301707,2024-11-21T06:18:00Z,21426.5,IMPS,926,3630,3,2,False,True,1,0
TXN_301800,2024-11-14T21:16:00Z,4182.57,IMPS,1097,3532,1,2,False,False,1,0
TXN_302236,2024-03-05T15:40:00Z,2382.14,NEFT,1436,2629,3,1,False,False,1,0
TXN_302590,2024-09-09T06:36:00Z,5094.09,RTGS,2650,3344,0,2,False,True,1,0
TXN_302491,2024-04-19T16:55:00Z,736.59,UPI,176,1204,5,7,False,False,0,0
TXN_301629,2024-12-16T08:14:00Z,4351.83,UPI,3501,2169,5,1,False,True,1,0
TXN_300513,2024-01-10T15:07:00Z,7682.43,IMPS,1218,2570,1,1,False,False,1,0
TXN_301604,2024-01-23T20:43:00Z,3236.45,RTGS,1237,2850,6,5,False,False,1,0
TXN_301401,2024-07-08T07:16:00Z,6129.31,IMPS,627,1684,6,2,False,False,1,0
TXN_302771,2024-04-30T07:53:00Z,3723.16,IMPS,2275,3188,2,39,False,True,0,1
TXN_301932,2024-06-11T22:10:00Z,46201.81,RTGS,2111,2223,4,6,False,False,0,0
TXN_301010,2024-02-02T21:55:00Z,9212.43,IMPS,314,2282,0,3,False,False,0,0
TXN_302060,2024-11-06T22:22:00Z,9307.37,RTGS,1319,2993,1,3,False,False,0,0
TXN_301167,2024-04-20T11:39:00Z,13450.17,RTGS,1152,1580,7,7,False,True,0,0
TXN_300284,2024-04-27T20:40:00Z,38400.78,RTGS,3006,1731,6,5,False,False,0,0
TXN_300089,2024-09-27T14:32:00Z,17239.89,IMPS,1435,1820,1,6,False,False,1,0
TXN_301988,2024-05-12T10:21:00Z,10818.48,UPI,522,214,0,2,False,False,1,0
TXN_300476,2024-02-05T22:14:00Z,775.24,UPI,1181,2306,0,9,False,False,1,0
TXN_300174,2024-04-01T08:45:00Z,4019.94,IMPS,672,213,7,9,False,False,0,0
TXN_301357,2024-09-21T07:20:00Z,58818.75,NEFT,591,2735,5,4,False,False,0,0
TXN_300755,2024-10-11T20:40:00Z,7922.2,IMPS,874,1763,4,6,False,False,0,0
TXN_302583,2024-05-11T17:21:00Z,4417.02,IMPS,1834,856,4,2,False,False,0,0
TXN_300881,2024-11-21T19:12:00Z,6030.2,NEFT,2952,3404,3,6,False,False,1,0
TXN_301305,2024-05-25T14:32:00Z,899.72,NEFT,1995,3375,3,4,False,False,0,0
TXN_301940,2024-05-04T22:54:00Z,2457.3,UPI,1735,1540,2,6,False,False,1,0
TXN_302457,2024-07-20T10:25:00Z,1736.27,IMPS,3400,2640,0,3,False,False,1,0
TXN_301294,2024-03-17T09:09:00Z,16941.6,RTGS,1208,2601,0,5,False,False,1,0
TXN_301419,2024-01-24T19:09:00Z,4209.0,RTGS,2007,1763,1,2,True,False,0,0
TXN_302194,2024-08-29T15:10:00Z,1528.22,NEFT,1837,328,1,6,False,False,1,0
TXN_301126,2024-05-26T12:10:00Z,232.05,NEFT,2040,726,2,8,False,False,1,0
TXN_302039,2024-10-24T12:46:00Z,7393.42,UPI,1108,1181,2,7,False,True,1,0
TXN_302144,2024-10-31T17:48:00Z,971.61,UPI,478,2043,7,9,True,False,1,0
TXN_300679,2024-09-30T17:53:00Z,1739.83,UPI,3568,2192,6,6,False,False,1,0
TXN_302339,2024-03-13T10:22:00Z,38929.81,RTGS,226,3009,2,8,False,False,0,0
TXN_302231,2024-02-09T15:45:00Z,2890.8,NEFT,1872,2268,3,5,False,False,0,0
TXN_301176,2024-09-21T13:40:00Z,2617.2,UPI,1746,330,2,1,False,False,1,0
TXN_301208,2024-09-05T12:11:00Z,4803.63,IMPS,1090,1705,5,1,False,False,0,0
TXN_302016,2024-09-10T16:25:00Z,8705.56,NEFT,1177,3139,5,3,False,False,0,0
TXN_300926,2024-04-21T13:56:00Z,60493.02,IMPS,1432,3377,6,7,False,False,1,0
TXN_302309,2024-01-05T22:45:00Z,7129.78,IMPS,1111,943,6,7,False,False,1,0
TXN_301514,2024-03-01T19:26:00Z,8169.97,NEFT,3353,2668,2,5,False,False,0,0
TXN_301377,2024-02-28T17:41:00Z,1559.33,NEFT,478,1202,7,9,True,False,0,0
TXN_301542,2024-11-19T13:49:00Z,10929.61,NEFT,1968,1485,1,3,False,False,1,0
TXN_301148,2024-05-02T09:16:00Z,30955.51,IMPS,501,2518,7,2,False,False,1,0
TXN_301131,2024-01-03T13:00:00Z,11401.55,IMPS,2829,1421,6,5,False,False,1,0
TXN_302035,2024-06-29T10:07:00Z,7810.77,NEFT,2843,3543,1,1,False,True,0,0
TXN_300259,2024-07-27T17:28:00Z,4606.21,UPI,1619,3410,0,1,False,False,1,0
TXN_301501,2024-04-20T06:34:00Z,1846.82,IMPS,52,2292,2,7,False,False,0,0
TXN_300416,2024-05-25T22:51:00Z,4327.0,RTGS,779,1236,2,9,False,False,0,0
TXN_300205,2024-05-09T20:10:00Z,2240.37,NEFT,2604,2142,1,5,False,True,1,0
TXN_301227,2024-11-05T11:52:00Z,123080.31,UPI,251,2084,0,3,False,False,0,0
TXN_301639,2024-07-12T15:28:00Z,2354.31,IMPS,2312,366,2,3,False,False,1,0
TXN_300853,2024-01-14T17:26:00Z,12158.76,NEFT,2035,3224,1,6,False,False,1,0
TXN_301909,2024-07-20T19:19:00Z,16794.64,IMPS,911,942,0,8,False,False,1,0
TXN_301077,2024-01-02T18:06:00Z,6950.98,UPI,1621,3474,7,7,True,False,0,0
TXN_300950,2024-12-12T07:35:00Z,26233.79,UPI,1702,2594,3,1,False,False,1,0
TXN_302160,2024-05-19T13:43:00Z,3566.92,UPI,1750,3475,4,1,False,True,1,0
TXN_301781,2024-05-24T22:28:00Z,4553.37,UPI,560,1159,3,6,False,False,1,0
TXN_300523,2024-04-13T09:37:00Z,7865.39,RTGS,48,370,6,7,False,False,0,0
TXN_300967,2024-05-29T15:09:00Z,1126.48,RTGS,3532,2457,1,5,False,False,0,0
TXN_301708,2024-03-31T14:51:00Z,915.83,UPI,1734,668,0,3,False,False,0,0
TXN_300601,2024-06-14T06:15:00Z,12646.3,UPI,1362,2153,2,7,False,False,0,0
TXN_302677,2024-11-28T08:54:00Z,5228.66,NEFT,2462,2868,3,1,False,False,1,0
TXN_301103,2024-10-19T06:12:00Z,9626.32,NEFT,2537,1209,0,2,False,True,1,0
TXN_300562,2024-03-09T10:56:00Z,478.0,UPI,656,2035,6,1,False,False,0,0
TXN_301976,2024-11-24T16:44:00Z,2278.61,IMPS,2596,3077,1,2,False,False,0,0
TXN_302228,2024-02-04T07:33:00Z,3979.09,NEFT,2409,1800,4,6,False,False,0,0
TXN_300876,2024-08-14T15:29:00Z,2671.38,UPI,1914,3314,2,1,False,False,0,0
TXN_302234,2024-04-18T08:48:00Z,20347.68,IMPS,2985,1718,4,3,False,False,0,0
TXN_301998,2024-12-20T14:42:00Z,4702.19,UPI,2172,3448,4,2,False,False,0,0
TXN_302578,2024-05-09T18:36:00Z,5427.9,NEFT,578,2496,0,8,False,False,1,0
TXN_300359,2024-03-30T18:08:00Z,1514.87,NEFT,3226,2630,5,6,False,False,0,0
TXN_300917,2024-04-23T20:08:00Z,251.86,UPI,2795,790,0,4,False,False,0,0
TXN_300864,2024-03-23T14:46:00Z,3292.33,IMPS,463,1772,2,8,False,False,1,0
TXN_301689,2024-12-09T07:20:00Z,5979.31,NEFT,221,3466,3,8,False,False,1,0
TXN_302598,2024-04-06T10:21:00Z,8929.29,IMPS,157,80,1,3,False,False,0,0
TXN_301756,2024-02-14T06:02:00Z,2477.74,NEFT,1556,3580,3,9,False,False,1,0
TXN_300119,2024-07-31T21:28:00Z,13923.53,IMPS,3452,631,3,2,False,False,0,0
TXN_300168,2024-07-26T07:45:00Z,1043.94,UPI,642,1117,6,6,False,False,0,0
TXN_301571,2024-03-15T20:24:00Z,2802.53,IMPS,3007,293,1,7,False,False,0,0
TXN_300182,2024-02-04T20:35:00Z,6758.66,RTGS,1636,2332,2,3,False,False,1,0
TXN_301314,2024-01-10T15:50:00Z,31369.36,RTGS,1874,2963,3,1,False,False,0,0
TXN_300325,2024-12-02T06:38:00Z,391.98,RTGS,1735,2954,3,4,False,False,0,0
TXN_300344,2024-07-15T13:02:00Z,1302.78,RTGS,1371,2980,0,3,False,True,0,0
TXN_302346,2024-03-14T14:49:00Z,194.93,NEFT,1089,3497,2,1,False,True,1,0
TXN_300340,2024-08-05T07:21:00Z,35964.36,RTGS,716,708,2,5,False,False,0,0
TXN_301410,2024-11-08T10:08:00Z,2988.58,UPI,2500,1996,3,2,False,False,0,0
TXN_300304,2024-07-05T21:06:00Z,4669.63,RTGS,2246,1620,3,7,False,False,1,0
TXN_302428,2024-07-22T11:35:00Z,1734.36,NEFT,1651,2290,0,3,False,False,1,0
TXN_300674,2024-01-25T15:10:00Z,14219.57,NEFT,1761,3349,2,1,False,False,1,0
TXN_302171,2024-10-09T20:20:00Z,5962.67,IMPS,317,1631,4,6,False,False,1,0
TXN_301745,2024-12-15T21:40:00Z,3850.09,IMPS,861,2359,5,7,False,False,1,0
TXN_300803,2024-05-16T09:57:00Z,9469.31,UPI,800,626,3,2,False,False,0,0
TXN_300251,2024-01-02T22:10:00Z,9461.44,RTGS,243,3011,5,4,False,False,1,0
TXN_300613,2024-12-21T18:53:00Z,14215.22,NEFT,1714,2368,5,2,False,True,1,0
TXN_300424,2024-01-14T12:47:00Z,3549.04,RTGS,3099,304,0,7,False,False,0,0
TXN_300423,2024-11-03T09:25:00Z,2839.04,IMPS,439,3169,1,7,False,False,0,0
TXN_301238,2024-10-06T19:18:00Z,5126.48,RTGS,2491,2567,6,6,False,False,0,0
TXN_301008,2024-09-08T07:05:00Z,17976.06,UPI,587,1309,0,2,False,False,0,0
TXN_300203,2024-08-23T13:18:00Z,29154.11,UPI,2445,2868,2,3,False,False,0,0
TXN_300475,2024-05-01T12:42:00Z,2469.73,IMPS,1694,2474,4,4,False,True,0,0
TXN_301665,2024-08-28T09:19:00Z,3380.33,NEFT,1570,526,3,1,False,False,0,0
TXN_301134,2024-10-15T06:35:00Z,13612.19,IMPS,3526,1823,6,1,False,False,1,0
TXN_300633,2024-04-19T18:29:00Z,7835.18,NEFT,2408,922,1,8,False,False,0,0
TXN_300959,2024-02-22T13:08:00Z,22440.85,UPI,2396,1645,3,1,False,False,1,0
TXN_300248,2024-04-21T16:14:00Z,7044.13,IMPS,1804,1979,1,6,False,True,0,0
TXN_302678,2024-10-05T11:30:00Z,1686.55,IMPS,3338,298,0,2,False,False,1,0
TXN_301555,2024-10-12T12:15:00Z,3792.92,NEFT,1241,2415,4,7,False,False,0,0
TXN_301034,2024-09-28T14:17:00Z,36378.32,IMPS,766,2682,6,6,False,False,0,0
TXN_301297,2024-11-16T15:31:00Z,7148.02,NEFT,2888,742,0,5,False,False,1,0
TXN_301610,2024-11-21T18:17:00Z,2411.97,UPI,2463,2813,1,1,False,False,0,0
TXN_302658,2024-03-08T09:06:00Z,12840.89,RTGS,2078,2701,7,8,False,False,1,0
TXN_300928,2024-05-02T08:09:00Z,1273.78,NEFT,2838,1447,7,9,False,False,0,0
TXN_301488,2024-01-29T21:51:00Z,2021.25,NEFT,354,193,2,4,False,False,1,0
TXN_302369,2024-08-14T10:29:00Z,810.72,IMPS,3182,1209,4,9,False,False,0,0
TXN_300408,2024-10-14T12:04:00Z,7948.48,RTGS,1223,3149,7,4,False,False,0,0
TXN_300030,2024-01-12T20:25:00Z,9468.76,IMPS,2822,119,5,8,False,False,0,0
TXN_300404,2024-04-30T11:37:00Z,4923.83,UPI,3588,3397,5,9,False,True,0,0
TXN_300339,2024-10-12T15:09:00Z,4578.32,UPI,2899,2018,7,3,False,False,0,0
TXN_302778,2024-02-19T04:37:00Z,51400.03,IMPS,2687,2828,4,7,False,False,0,1
TXN_302676,2024-01-15T07:43:00Z,832.55,RTGS,1944,3528,2,3,False,False,0,0
TXN_300581,2024-02-10T11:08:00Z,5238.03,IMPS,2538,3232,0,7,False,False,0,0
TXN_301582,2024-02-12T09:08:00Z,28842.32,RTGS,585,3579,5,9,False,False,1,0
TXN_300643,2024-08-31T20:29:00Z,1290.63,IMPS,1034,1416,3,7,False,False,0,0
TXN_301255,2024-09-19T15:25:00Z,3612.51,RTGS,275,3439,5,1,False,True,1,0
TXN_301964,2024-10-18T20:15:00Z,2708.8,NEFT,1282,873,3,8,True,False,0,0
TXN_301050,2024-10-12T07:01:00Z,6839.38,UPI,2958,1433,2,8,False,False,0,0
TXN_300977,2024-02-10T10:36:00Z,11885.41,UPI,1525,1571,0,9,False,False,1,0
TXN_300358,2024-09-23T22:59:00Z,5406.3,UPI,1283,817,3,1,False,False,0,0
TXN_301581,2024-02-08T21:21:00Z,2697.9,NEFT,1929,2818,1,6,False,False,1,0
TXN_300307,2024-07-30T14:34:00Z,16386.8,RTGS,1751,2538,3,4,False,False,1,0
TXN_302600,2024-10-16T16:07:00Z,2832.86,NEFT,2390,1065,3,8,False,False,0,0
TXN_300954,2024-03-20T20:31:00Z,4325.52,RTGS,1999,2677,1,7,False,False,1,0
TXN_302556,2024-11-28T06:33:00Z,7350.85,IMPS,272,2208,3,4,False,False,1,0
TXN_301172,2024-09-25T18:59:00Z,4362.46,RTGS,3319,341,5,8,False,False,0,0
TXN_300661,2024-02-26T15:41:00Z,2626.23,IMPS,164,1384,6,7,False,False,0,0
TXN_301257,2024-08-17T12:56:00Z,2258.55,UPI,2620,782,1,8,False,False,0,0
TXN_301980,2024-11-06T21:43:00Z,1885.09,IMPS,2900,3101,5,1,False,False,1,0
TXN_300901,2024-05-09T16:57:00Z,1525.49,UPI,3083,2246,5,2,False,False,1,0
TXN_301783,2024-04-26T21:15:00Z,4509.79,IMPS,3440,1871,2,7,False,False,1,0
TXN_301425,2024-01-29T18:19:00Z,9238.62,IMPS,2999,2132,4,7,False,False,1,0
TXN_301018,2024-04-12T13:48:00Z,1969.28,IMPS,2663,825,3,5,False,False,0,0
TXN_302313,2024-07-06T15:24:00Z,7443.47,RTGS,751,2382,0,2,False,False,0,0
TXN_301579,2024-06-21T22:29:00Z,7241.17,UPI,3506,3546,2,2,False,False,0,0
TXN_301252,2024-07-09T12:24:00Z,3040.18,UPI,3223,2133,4,6,False,False,0,0
TXN_300477,2024-07-01T19:21:00Z,783.7,RTGS,1623,2436,4,5,False,False,0,0
TXN_300063,2024-01-21T19:51:00Z,14279.28,NEFT,282,2636,3,7,False,False,1,0
TXN_301782,2024-11-17T12:56:00Z,42936.96,IMPS,1588,1414,0,7,False,False,1,0
TXN_301218,2024-08-11T08:06:00Z,8166.09,IMPS,2355,1472,6,7,False,False,1,0
TXN_302082,2024-12-29T13:15:00Z,3761.23,IMPS,257,727,2,6,False,False,1,0
TXN_300724,2024-11-13T10:10:00Z,1368.66,RTGS,2409,2088,1,8,False,True,1,0
TXN_301778,2024-12-18T11:11:00Z,388.73,RTGS,692,2894,7,2,False,False,1,0
TXN_302249,2024-06-15T15:39:00Z,5296.68,NEFT,1697,1164,3,9,False,False,1,0
TXN_301349,2024-07-15T20:23:00Z,755.56,IMPS,2937,1345,7,4,False,False,1,0
TXN_301007,2024-02-21T21:46:00Z,9756.31,NEFT,2205,3126,1,8,True,False,0,0
TXN_301332,2024-08-19T11:25:00Z,4441.82,NEFT,2979,471,6,1,True,False,0,0
TXN_300157,2024-02-17T15:35:00Z,6515.99,UPI,537,3047,3,3,False,False,1,0
TXN_301079,2024-07-25T07:42:00Z,2832.13,RTGS,276,1280,1,3,False,False,0,0
TXN_300441,2024-10-19T07:06:00Z,35029.18,NEFT,1173,579,2,5,False,False,0,0
TXN_300782,2024-04-08T10:21:00Z,2220.04,IMPS,1301,1457,1,9,False,False,1,0
TXN_301046,2024-10-08T06:41:00Z,30283.09,RTGS,3229,450,5,1,False,False,0,0
TXN_302392,2024-08-19T18:11:00Z,8644.39,NEFT,3627,1596,7,9,False,True,1,0
TXN_302489,2024-06-18T18:13:00Z,2636.98,NEFT,805,986,2,6,False,False,0,0
TXN_302264,2024-12-08T17:56:00Z,2631.65,RTGS,2134,1031,3,8,False,False,0,0
TXN_302336,2024-09-02T15:38:00Z,25263.73,NEFT,3495,1187,1,1,False,False,0,0
TXN_302791,2024-10-30T09:06:00Z,2191.08,UPI,1356,365,3,33,False,False,0,1
TXN_301971,2024-06-14T10:11:00Z,7244.23,IMPS,742,3475,3,5,False,False,1,0
TXN_301572,2024-09-11T14:19:00Z,6569.81,RTGS,3315,2268,7,5,False,False,0,0
TXN_301487,2024-08-02T16:31:00Z,18940.1,IMPS,2289,3259,3,2,False,True,0,0
TXN_300598,2024-12-23T11:15:00Z,1523.99,IMPS,2851,2629,0,9,False,False,1,0
TXN_301196,2024-03-22T16:45:00Z,6268.68,RTGS,1842,1574,1,5,False,True,0,0
TXN_302444,2024-09-08T20:02:00Z,1498.48,NEFT,1106,3434,7,7,False,False,1,0
TXN_302031,2024-04-25T20:09:00Z,7913.45,UPI,1405,709,3,7,False,False,0,0
TXN_302408,2024-09-06T13:43:00Z,674.11,IMPS,2925,3297,0,1,False,False,1,0
TXN_301908,2024-05-16T17:33:00Z,22089.41,NEFT,3085,1010,3,8,True,False,1,0
TXN_300625,2024-02-13T07:11:00Z,663.99,NEFT,2785,327,3,1,False,False,1,0
TXN_301100,2024-02-03T13:44:00Z,7925.88,IMPS,3639,638,3,4,False,False,0,0
TXN_301641,2024-12-11T16:00:00Z,242.9,RTGS,81,3578,5,1,False,False,1,0
TXN_301072,2024-10-17T22:39:00Z,170061.95,RTGS,2432,215,2,4,False,True,1,0
TXN_301432,2024-04-04T08:12:00Z,3018.19,UPI,1032,2573,4,3,False,False,1,0
TXN_300929,2024-06-29T13:56:00Z,9710.84,NEFT,2726,262,4,5,False,False,1,0
TXN_301954,2024-08-03T12:56:00Z,2102.53,RTGS,2545,3541,2,8,False,False,0,0
TXN_301424,2024-12-03T12:23:00Z,686.4,NEFT,3237,2664,5,5,False,False,0,0
TXN_301848,2024-10-31T08:33:00Z,6909.12,NEFT,427,361,5,2,False,False,0,0
TXN_300433,2024-07-21T06:45:00Z,3711.7,RTGS,1739,1133,4,2,False,False,1,0
TXN_300984,2024-06-12T12:15:00Z,6033.11,RTGS,3254,2650,7,7,False,False,0,0
TXN_302756,2024-10-25T10:45:00Z,1932.26,IMPS,0,3429,2,4,True,False,0,1
TXN_301924,2024-10-27T17:43:00Z,22437.82,RTGS,734,3348,7,8,False,False,0,0
TXN_301805,2024-10-20T21:40:00Z,3783.41,NEFT,1212,2236,4,8,False,False,0,0
TXN_300547,2024-02-19T11:14:00Z,2996.66,RTGS,1211,3287,3,3,False,False,1,0
TXN_300852,2024-02-14T06:26:00Z,1720.77,NEFT,3280,1558,5,4,False,False,0,0
TXN_302468,2024-03-17T16:44:00Z,12140.71,IMPS,1290,244,6,8,False,False,0,0
TXN_302746,2024-01-09T14:45:00Z,2002.92,IMPS,1439,997,6,34,False,False,1,1
TXN_301289,2024-05-31T06:40:00Z,5710.97,RTGS,868,2140,1,4,False,False,1,0
TXN_300250,2024-11-11T22:55:00Z,3513.01,NEFT,1697,3387,7,1,False,False,0,0
TXN_301230,2024-12-29T13:59:00Z,7634.1,UPI,3191,2029,1,3,False,False,0,0
TXN_301953,2024-04-02T18:33:00Z,10193.82,IMPS,1460,2337,0,8,False,False,0,0
TXN_301921,2024-04-27T08:24:00Z,47148.61,RTGS,2183,1557,2,8,False,False,1,0
TXN_302786,2024-05-05T10:08:00Z,7377.77,RTGS,3648,3154,1,21,False,False,0,1
TXN_300181,2024-01-04T12:40:00Z,1180.99,NEFT,842,877,7,7,False,True,0,0
TXN_302289,2024-03-26T08:19:00Z,34343.88,NEFT,806,2204,2,4,False,False,0,0
TXN_302376,2024-02-27T12:25:00Z,15653.55,NEFT,199,3203,1,7,False,False,0,0
TXN_300495,2024-11-06T18:48:00Z,4462.74,IMPS,1208,3496,1,8,False,False,1,0
TXN_302048,2024-03-01T15:04:00Z,2183.47,NEFT,2530,572,0,1,False,True,1,0
TXN_302576,2024-01-13T06:09:00Z,1041.75,IMPS,2532,3250,0,7,False,False,0,0
TXN_302559,2024-05-03T12:12:00Z,7837.04,RTGS,2023,3108,2,9,False,True,1,0
TXN_300968,2024-01-15T21:13:00Z,3562.67,IMPS,2103,1107,2,4,False,False,1,0
TXN_301306,2024-02-21T10:58:00Z,14963.13,NEFT,178,3307,4,5,False,False,1,0
TXN_301583,2024-06-02T07:04:00Z,2477.09,UPI,2798,1150,1,9,False,False,0,0
TXN_301449,2024-03-13T09:16:00Z,8674.51,IMPS,2448,786,0,4,False,False,0,0
TXN_301625,2024-01-14T08:58:00Z,21858.72,IMPS,1807,1115,7,5,False,False,1,0
TXN_302587,2024-04-23T14:37:00Z,6900.84,UPI,2942,3133,7,2,False,False,1,0
TXN_300621,2024-08-19T14:35:00Z,9489.89,IMPS,2375,2070,1,3,False,False,1,0
TXN_300454,2024-05-05T18:01:00Z,24910.1,RTGS,2007,2447,4,4,False,False,1,0
TXN_302349,2024-08-19T09:00:00Z,5932.35,NEFT,1463,1946,6,9,False,True,0,0
TXN_301519,2024-08-13T07:57:00Z,9586.76,IMPS,3406,1032,6,3,False,False,1,0
TXN_302754,2024-06-02T14:07:00Z,40735.71,RTGS,458,701,2,25,False,False,1,1
TXN_301791,2024-02-19T20:25:00Z,1678.0,RTGS,2220,69,2,3,False,False,1,0
TXN_300280,2024-03-02T18:04:00Z,15495.86,IMPS,3077,3442,3,6,False,False,1,0
TXN_300247,2024-02-24T10:43:00Z,2063.34,RTGS,312,603,3,9,False,False,0,0
TXN_302301,2024-06-25T21:46:00Z,11698.28,NEFT,2499,2454,7,7,False,False,1,0
TXN_300043,2024-09-19T09:07:00Z,1331.74,RTGS,2353,3222,3,9,False,False,1,0
TXN_302618,2024-05-01T08:35:00Z,2763.82,UPI,3022,3512,0,9,False,False,0,0
TXN_301242,2024-12-08T12:53:00Z,3678.6,RTGS,128,3441,2,2,False,True,1,0
TXN_302130,2024-06-12T11:43:00Z,4196.08,NEFT,519,60,4,1,False,False,0,0
TXN_301114,2024-05-23T16:55:00Z,25807.77,UPI,3620,1581,0,9,False,False,0,0
TXN_302722,2024-03-02T04:19:00Z,129873.09,UPI,957,1186,7,4,False,False,1,1
TXN_302467,2024-04-22T06:46:00Z,1094.81,IMPS,365,2171,5,1,False,False,1,0
TXN_302542,2024-05-02T15:48:00Z,6338.66,IMPS,1102,1647,2,9,False,False,0,0
TXN_301593,2024-08-23T19:40:00Z,32305.41,UPI,498,1576,4,3,False,False,0,0
TXN_302225,2024-04-11T09:15:00Z,1560.55,NEFT,761,1811,4,8,False,False,1,0
TXN_300227,2024-06-03T22:29:00Z,7462.7,IMPS,1085,85,5,8,False,False,0,0
TXN_301654,2024-12-11T12:44:00Z,10336.11,NEFT,2466,2644,6,9,False,False,0,0
TXN_302198,2024-09-20T17:39:00Z,17434.28,RTGS,2858,3114,7,3,False,False,1,0
TXN_301459,2024-10-20T07:38:00Z,1937.92,NEFT,1795,147,7,9,False,False,1,0
TXN_301413,2024-05-04T18:45:00Z,10689.81,RTGS,989,315,0,4,False,False,0,0
TXN_301091,2024-12-12T06:00:00Z,6492.88,RTGS,380,1122,0,6,False,False,0,0
TXN_301464,2024-07-11T15:04:00Z,4350.0,RTGS,1301,623,1,8,False,True,1,0
TXN_302515,2024-01-24T09:52:00Z,1679.6,IMPS,2213,2767,0,7,False,False,0,0
TXN_301396,2024-11-04T09:01:00Z,1302.37,RTGS,1745,2851,2,5,False,False,0,0
TXN_302455,2024-08-21T15:23:00Z,1074.6,RTGS,2009,3542,0,3,False,True,0,0
TXN_300672,2024-03-25T21:34:00Z,20139.13,RTGS,884,3378,5,8,False,True,0,0
TXN_300924,2024-04-27T17:52:00Z,10602.43,UPI,1854,2764,5,9,False,False,0,0
TXN_300856,2024-05-28T10:51:00Z,18004.95,UPI,3050,2143,5,1,False,False,1,0
TXN_300051,2024-04-27T11:21:00Z,2695.82,IMPS,3254,2790,7,4,False,False,1,0
TXN_302464,2024-11-20T13:30:00Z,4413.54,IMPS,3513,2440,1,3,False,True,1,0
TXN_301784,2024-02-08T20:10:00Z,1108.19,IMPS,3063,3270,2,5,False,False,1,0
TXN_302420,2024-02-07T22:39:00Z,2590.5,NEFT,2554,2150,5,5,False,False,1,0
TXN_301181,2024-02-12T06:38:00Z,7169.42,UPI,1827,3367,1,4,False,False,0,0
TXN_301408,2024-06-10T16:50:00Z,655.17,NEFT,3014,2060,0,6,False,False,1,0
TXN_301884,2024-05-04T13:36:00Z,9739.55,RTGS,2812,430,0,5,False,False,1,0
TXN_300673,2024-12-13T20:22:00Z,470.3,RTGS,2829,2443,0,4,False,False,0,0
TXN_301462,2024-03-27T07:26:00Z,13001.87,UPI,2902,1452,6,7,False,False,0,0
TXN_301390,2024-04-30T08:57:00Z,149414.82,IMPS,3284,825,6,2,True,False,1,0
TXN_302728,2024-02-14T16:03:00Z,5490.23,UPI,1742,3054,4,51,False,False,1,1
TXN_301870,2024-10-17T15:23:00Z,10861.53,UPI,367,712,1,4,False,False,0,0
TXN_301558,2024-02-19T12:07:00Z,36959.68,RTGS,2762,2886,1,8,False,False,1,0
TXN_302013,2024-12-19T15:32:00Z,4035.57,UPI,1807,1855,7,1,False,False,0,0
TXN_301524,2024-06-10T22:40:00Z,8411.29,RTGS,3012,2289,3,7,False,True,1,0
TXN_300048,2024-12-02T10:59:00Z,550.05,IMPS,933,1395,3,1,False,True,1,0
TXN_300362,2024-07-11T07:50:00Z,198.6,RTGS,3634,2335,6,8,False,True,0,0
TXN_300879,2024-05-15T07:54:00Z,6165.35,IMPS,1691,802,7,7,False,False,0,0
TXN_302565,2024-12-09T09:31:00Z,11424.53,UPI,2180,3269,3,4,False,False,1,0
TXN_301471,2024-09-13T17:58:00Z,3583.44,RTGS,3525,2408,7,6,False,False,1,0
TXN_302738,2024-05-29T02:05:00Z,143369.33,NEFT,1184,2144,4,6,False,False,0,1
TXN_301993,2024-10-05T09:00:00Z,12082.22,UPI,124,1715,0,9,False,False,1,0
TXN_300906,2024-10-24T18:01:00Z,5024.23,RTGS,1656,1087,3,6,False,False,1,0
TXN_301409,2024-10-11T18:19:00Z,4444.61,NEFT,1028,1146,3,9,False,False,0,0
TXN_300706,2024-09-16T11:01:00Z,7714.32,UPI,69,863,6,5,False,False,1,0
TXN_301187,2024-10-08T22:10:00Z,2668.42,RTGS,867,3356,5,8,False,False,1,0
TXN_301746,2024-06-26T08:54:00Z,11783.26,NEFT,37,68,6,5,False,False,0,0
TXN_300320,2024-06-17T09:53:00Z,3557.64,IMPS,3102,379,7,1,False,True,1,0
TXN_301385,2024-01-25T08:32:00Z,3623.54,UPI,2223,2234,0,6,True,False,0,0
TXN_301418,2024-09-13T18:50:00Z,4365.32,IMPS,374,131,6,5,False,False,0,0
TXN_301862,2024-11-15T20:30:00Z,5572.39,UPI,865,3182,3,8,False,True,1,0
TXN_302340,2024-12-21T06:44:00Z,1766.71,RTGS,1781,3565,0,3,False,False,0,0
TXN_302652,2024-01-08T13:40:00Z,14808.59,RTGS,464,3456,5,6,False,False,1,0
TXN_301751,2024-04-26T18:39:00Z,7122.6,NEFT,261,2343,7,8,False,False,1,0
TXN_302500,2024-05-25T07:29:00Z,3876.82,IMPS,1393,367,7,6,False,False,0,0
TXN_302068,2024-05-20T15:09:00Z,21650.37,IMPS,2284,1825,0,2,False,False,0,0
TXN_300171,2024-04-29T21:00:00Z,1658.93,RTGS,1508,1389,6,1,False,False,0,0
TXN_300352,2024-05-21T21:14:00Z,1555.34,RTGS,1976,3603,2,2,False,False,0,0
TXN_300987,2024-05-28T12:46:00Z,10410.42,IMPS,1344,1979,4,5,False,False,1,0
TXN_301703,2024-10-22T20:53:00Z,14133.72,UPI,2995,648,4,8,False,False,1,0
TXN_301657,2024-12-03T12:51:00Z,408.2,RTGS,3593,2087,0,4,False,False,1,0
TXN_300093,2024-12-09T12:15:00Z,5425.71,NEFT,2147,322,2,5,False,False,1,0
TXN_301876,2024-01-18T10:44:00Z,8527.46,UPI,1802,1397,5,6,False,False,1,0
TXN_302137,2024-07-30T21:34:00Z,3696.45,NEFT,3104,2969,2,5,False,False,1,0
TXN_300376,2024-11-11T11:29:00Z,706.86,IMPS,2742,795,2,2,False,False,1,0
TXN_301734,2024-12-07T13:53:00Z,14418.58,NEFT,2471,2851,7,4,False,True,1,0
TXN_302266,2024-07-09T10:20:00Z,5081.31,UPI,2248,43,3,1,False,False,0,0
TXN_300536,2024-04-15T09:04:00Z,4211.26,NEFT,252,1897,1,3,False,False,0,0
TXN_300409,2024-01-20T12:31:00Z,64543.75,RTGS,1094,2673,1,3,False,False,0,0
TXN_300346,2024-07-12T18:00:00Z,69005.37,IMPS,2699,857,1,9,False,False,1,0
TXN_302143,2024-05-29T17:17:00Z,6581.7,IMPS,1658,2057,0,2,False,False,0,0
TXN_301626,2024-06-17T18:03:00Z,6598.74,IMPS,917,2041,5,7,False,False,0,0
TXN_300749,2024-02-26T19:56:00Z,6384.95,UPI,2638,3071,5,9,False,False,0,0
TXN_300537,2024-06-27T10:16:00Z,1126.7,IMPS,2664,1435,7,9,False,False,0,0
TXN_300509,2024-06-05T16:31:00Z,8678.88,RTGS,3361,3062,6,7,False,True,1,0
TXN_300877,2024-12-22T19:26:00Z,5463.19,IMPS,3553,3431,5,9,False,False,0,0
TXN_302716,2024-01-22T19:36:00Z,12261.06,IMPS,311,2847,3,8,False,False,1,0
TXN_302783,2024-07-23T02:18:00Z,145327.05,RTGS,602,3356,2,1,False,False,1,1
TXN_301482,2024-02-16T09:36:00Z,2906.54,NEFT,2792,116,5,2,False,False,1,0
TXN_302777,2024-03-12T14:29:00Z,1714.44,IMPS,1307,2728,1,41,False,False,0,1
TXN_302680,2024-08-05T17:59:00Z,2184.78,RTGS,3046,3401,5,6,False,False,1,0
TXN_302233,2024-05-08T13:54:00Z,1956.55,NEFT,2685,2429,3,8,True,False,1,0
TXN_300275,2024-08-13T11:42:00Z,42724.22,UPI,192,1742,5,4,False,False,1,0
TXN_301844,2024-08-13T17:17:00Z,5403.63,RTGS,702,3223,1,5,False,False,0,0
TXN_301577,2024-03-11T09:39:00Z,400.48,UPI,2602,2198,6,1,False,False,1,0
TXN_300084,2024-04-20T22:57:00Z,5538.45,NEFT,3199,3184,7,4,False,False,0,0
TXN_300933,2024-12-18T22:24:00Z,1282.9,RTGS,208,1327,0,8,False,False,1,0
TXN_302606,2024-01-03T15:34:00Z,8217.71,UPI,1189,3423,4,8,False,False,0,0
TXN_302794,2024-03-29T10:38:00Z,34429.87,RTGS,1550,908,2,48,False,False,1,1
TXN_302002,2024-01-12T16:39:00Z,23394.05,IMPS,2711,742,4,4,False,False,0,0
TXN_302607,2024-11-07T16:13:00Z,6985.51,RTGS,1761,3028,2,9,False,False,1,0
TXN_301634,2024-04-21T17:07:00Z,1896.26,UPI,864,961,1,3,False,False,0,0
TXN_302685,2024-03-05T21:05:00Z,5942.7,RTGS,1594,3574,1,5,False,False,1,0
TXN_301815,2024-06-06T18:52:00Z,3667.33,RTGS,900,1475,5,7,False,False,0,0
TXN_301356,2024-06-17T14:21:00Z,1096.04,IMPS,2419,3649,6,1,False,False,1,0
TXN_300271,2024-02-27T19:37:00Z,7107.98,RTGS,384,1778,7,4,False,False,1,0
TXN_301474,2024-02-09T18:22:00Z,2167.61,RTGS,1493,1887,0,5,False,False,0,0
TXN_300528,2024-08-26T12:39:00Z,10970.56,UPI,1876,135,5,8,False,False,1,0
TXN_301058,2024-08-17T11:56:00Z,9513.93,NEFT,1885,305,1,2,False,False,1,0
TXN_302356,2024-08-08T10:11:00Z,10275.0,RTGS,975,2391,0,1,False,False,1,0
TXN_301300,2024-12-22T06:42:00Z,10718.79,IMPS,1711,3311,5,9,False,False,0,0
TXN_302510,2024-12-22T21:41:00Z,1817.77,NEFT,1846,2180,4,9,False,False,1,0
TXN_301927,2024-09-24T13:04:00Z,35439.27,RTGS,93,760,4,1,False,False,1,0
TXN_301592,2024-03-25T20:55:00Z,2310.25,NEFT,3332,210,0,6,False,False,0,0
TXN_302431,2024-10-09T20:51:00Z,3317.02,NEFT,444,937,1,9,False,False,0,0
TXN_300713,2024-10-14T12:39:00Z,11873.46,UPI,1870,1192,1,6,False,False,0,0
TXN_302265,2024-04-30T14:11:00Z,40560.53,NEFT,349,2245,2,6,False,False,0,0
TXN_301168,2024-12-02T20:53:00Z,2675.55,IMPS,1332,2459,3,8,False,False,1,0
TXN_301760,2024-01-01T13:12:00Z,57140.62,UPI,939,1470,6,9,False,False,0,0
TXN_301329,2024-12-12T20:28:00Z,1578.36,IMPS,2016,3142,2,5,False,False,0,0
TXN_301056,2024-06-11T10:48:00Z,1801.36,UPI,301,1222,2,5,False,False,1,0
TXN_300760,2024-05-29T20:38:00Z,2603.77,IMPS,898,292,7,7,False,False,1,0
TXN_301182,2024-03-13T14:08:00Z,748.35,IMPS,1209,487,4,1,False,False,1,0
TXN_300833,2024-05-03T13:36:00Z,6914.03,IMPS,2151,1105,3,3,False,True,0,0
TXN_301609,2024-02-16T15:41:00Z,1908.48,IMPS,2870,2008,0,8,False,False,1,0
TXN_300235,2024-07-13T18:08:00Z,4561.93,NEFT,2671,630,4,7,False,False,1,0
TXN_300825,2024-09-07T16:54:00Z,11361.84,IMPS,2198,1041,2,7,False,False,0,0
TXN_300592,2024-05-16T21:34:00Z,3931.4,NEFT,3403,1620,5,4,False,False,1,0
TXN_302271,2024-04-06T22:18:00Z,6302.21,NEFT,2199,2884,2,3,False,False,1,0
TXN_302790,2024-03-02T20:13:00Z,9453.11,IMPS,2,622,3,7,True,False,1,1
TXN_301278,2024-05-20T12:43:00Z,11711.54,NEFT,2173,1466,0,2,False,False,1,0
TXN_300671,2024-08-24T17:19:00Z,5182.58,RTGS,534,3098,2,6,False,True,0,0
TXN_300707,2024-05-30T19:13:00Z,87808.12,IMPS,274,1135,6,7,False,False,1,0
TXN_301213,2024-05-10T20:12:00Z,5847.29,UPI,2755,2110,5,3,False,False,0,0
TXN_300001,2024-10-06T19:29:00Z,1547.04,IMPS,3475,2172,6,6,False,False,1,0
TXN_300263,2024-02-22T08:10:00Z,5159.49,IMPS,678,3482,1,6,False,False,0,0
TXN_300056,2024-04-24T20:53:00Z,9722.48,RTGS,547,134,4,7,False,False,1,0
TXN_301016,2024-12-02T15:59:00Z,1318.0,RTGS,338,1320,7,1,False,False,0,0
TXN_301274,2024-07-13T06:45:00Z,1128.34,UPI,3277,311,5,1,False,False,1,0
TXN_302172,2024-03-17T11:16:00Z,326.76,NEFT,3304,1173,0,5,False,False,1,0
TXN_301878,2024-07-12T12:12:00Z,602.57,RTGS,1007,1481,1,1,False,True,0,0
TXN_302026,2024-12-12T10:22:00Z,2502.97,RTGS,586,3135,4,5,False,False,1,0
TXN_300071,2024-04-10T07:24:00Z,12089.24,RTGS,2769,3023,2,8,False,False,0,0
TXN_301450,2024-03-22T18:23:00Z,746.32,RTGS,2046,2212,4,9,False,False,0,0
TXN_301015,2024-05-20T13:03:00Z,2213.35,RTGS,660,206,4,3,True,False,0,0
TXN_301429,2024-07-29T14:25:00Z,2093.63,IMPS,1739,577,4,7,False,False,0,0
TXN_302481,2024-07-06T13:45:00Z,3843.4,RTGS,277,1528,5,8,False,True,1,0
TXN_300578,2024-03-16T20:38:00Z,14468.27,UPI,1823,1001,7,8,False,True,1,0
TXN_302453,2024-07-01T10:47:00Z,4536.05,NEFT,1007,1832,6,4,False,False,1,0
TXN_301701,2024-09-29T13:07:00Z,21965.56,RTGS,3181,1840,7,9,False,False,0,0
TXN_302520,2024-03-08T13:44:00Z,1396.37,RTGS,2670,697,2,2,False,False,1,0
TXN_302708,2024-09-24T07:53:00Z,7920.93,RTGS,152,2888,3,2,False,False,1,0
TXN_301653,2024-05-23T22:57:00Z,7002.54,RTGS,1055,250,4,3,False,False,1,0
TXN_300057,2024-05-12T09:25:00Z,2184.74,RTGS,2979,1692,7,3,False,False,1,0
TXN_300052,2024-10-29T19:55:00Z,271.2,RTGS,2043,2122,2,4,True,False,1,0
TXN_301209,2024-04-26T16:40:00Z,5715.1,RTGS,253,223,2,8,False,False,1,0
TXN_301731,2024-03-18T11:52:00Z,2566.6,RTGS,1712,1133,1,3,False,True,0,0
TXN_301637,2024-02-15T10:22:00Z,5656.85,IMPS,679,1101,4,4,False,False,1,0
TXN_300765,2024-08-03T07:29:00Z,9927.12,RTGS,3057,3224,4,3,False,False,1,0
TXN_302626,2024-04-02T11:13:00Z,37848.72,UPI,121,89,7,3,False,False,0,0
TXN_300183,2024-02-09T10:16:00Z,9316.51,UPI,844,2929,7,2,False,False,1,0
TXN_300497,2024-03-10T09:23:00Z,4858.16,RTGS,3078,763,6,3,False,False,0,0
TXN_300521,2024-06-11T18:13:00Z,1485.48,IMPS,2693,968,1,2,False,False,1,0
TXN_301683,2024-05-27T15:28:00Z,9395.01,IMPS,3195,213,0,8,False,False,0,0
TXN_300553,2024-03-07T13:01:00Z,22636.28,UPI,3327,2502,0,8,False,False,1,0
TXN_302737,2024-05-08T19:36:00Z,7073.9,IMPS,2106,1223,1,22,False,False,1,1
TXN_300918,2024-02-20T18:14:00Z,1803.71,IMPS,765,466,3,3,False,False,0,0
TXN_302473,2024-03-21T19:45:00Z,4697.6,UPI,118,356,5,8,False,False,1,0
TXN_301560,2024-03-09T20:21:00Z,13878.01,UPI,695,1992,1,2,False,False,1,0
TXN_300995,2024-04-18T12:57:00Z,20772.08,NEFT,3486,1752,4,8,False,True,1,0
TXN_301372,2024-10-26T19:56:00Z,645.05,IMPS,1867,2424,3,9,False,False,0,0
TXN_302258,2024-04-16T13:41:00Z,4062.78,NEFT,643,3152,0,1,False,False,1,0
TXN_300311,2024-03-07T17:06:00Z,3211.86,IMPS,563,297,4,2,False,False,0,0
TXN_302643,2024-04-03T22:25:00Z,8977.94,NEFT,3212,289,1,4,False,False,0,0
TXN_301324,2024-03-22T14:25:00Z,836.26,RTGS,2259,109,4,2,False,True,0,0
TXN_301235,2024-12-22T16:29:00Z,20132.29,RTGS,1795,1375,6,8,False,False,1,0
TXN_302706,2024-01-07T08:09:00Z,7667.93,UPI,2021,863,3,6,False,False,0,0
TXN_300771,2024-04-25T15:12:00Z,4693.18,RTGS,3039,2478,5,3,False,False,1,0
TXN_302509,2024-02-02T14:51:00Z,14412.16,NEFT,1767,850,2,2,False,True,0,0
TXN_301780,2024-02-26T19:33:00Z,2899.75,UPI,2938,2202,7,1,False,True,0,0
TXN_301465,2024-07-02T09:27:00Z,10148.03,UPI,3231,3173,5,7,False,False,1,0
TXN_301755,2024-11-28T22:47:00Z,1122.69,IMPS,748,2301,3,9,False,False,0,0
TXN_300861,2024-04-16T21:39:00Z,636.04,RTGS,3013,2805,4,9,False,False,1,0
TXN_302659,2024-12-21T18:49:00Z,9342.65,UPI,923,1677,5,9,False,False,1,0
TXN_300708,2024-06-03T17:17:00Z,14782.97,RTGS,2703,1166,6,9,False,False,1,0
TXN_301270,2024-09-26T15:47:00Z,4930.07,RTGS,444,2257,1,2,False,False,0,0
TXN_300804,2024-08-24T06:46:00Z,14536.92,UPI,3370,3401,2,5,True,False,0,0
TXN_300668,2024-04-14T13:48:00Z,9151.08,NEFT,1342,1434,4,7,False,False,0,0
TXN_300593,2024-09-04T22:36:00Z,9103.31,RTGS,1281,2969,6,8,False,False,0,0
TXN_300507,2024-06-21T09:33:00Z,19457.52,NEFT,301,3091,3,1,False,False,0,0
TXN_300627,2024-05-20T21:39:00Z,2326.16,UPI,348,1969,6,6,False,True,0,0
TXN_302698,2024-08-07T12:51:00Z,1876.8,NEFT,2202,710,6,9,False,False,1,0
TXN_301556,2024-03-23T10:01:00Z,1436.95,IMPS,1846,2552,4,1,False,False,0,0
TXN_300039,2024-10-24T12:15:00Z,3731.45,NEFT,1087,3608,1,8,False,False,0,0
TXN_300510,2024-06-21T10:31:00Z,1961.78,IMPS,2867,2598,0,9,False,True,1,0
TXN_301742,2024-09-04T07:06:00Z,9757.25,RTGS,2251,1614,6,1,False,False,1,0
TXN_300382,2024-01-13T12:52:00Z,87584.93,RTGS,2816,1167,6,1,True,False,0,0
TXN_301863,2024-01-24T13:06:00Z,37359.69,RTGS,2052,948,7,5,False,False,1,0
TXN_300512,2024-07-09T16:14:00Z,3525.38,RTGS,2873,1696,2,5,False,False,0,0
TXN_300556,2024-12-20T20:12:00Z,6997.27,RTGS,1434,2584,1,3,False,False,1,0
TXN_301903,2024-03-27T06:31:00Z,1127.61,IMPS,1105,48,7,2,False,False,1,0
TXN_301616,2024-03-05T08:06:00Z,6427.7,UPI,445,1086,1,6,False,False,1,0
TXN_300860,2024-05-21T07:54:00Z,2484.44,UPI,3505,1503,5,8,False,False,1,0
TXN_300417,2024-12-01T14:35:00Z,9201.25,IMPS,3386,291,7,2,False,False,0,0
TXN_302021,2024-11-28T06:49:00Z,28689.42,RTGS,994,2914,3,6,True,False,0,0
TXN_302528,2024-11-07T14:17:00Z,23802.72,NEFT,40,1033,0,7,False,False,0,0
TXN_301736,2024-10-16T22:58:00Z,2773.72,UPI,2899,403,3,8,False,False,1,0
TXN_302739,2024-03-28T19:43:00Z,3105.5,IMPS,983,3517,36,6,False,False,1,1
TXN_300813,2024-08-21T12:27:00Z,8293.26,UPI,2178,3201,4,8,False,False,1,0
TXN_302417,2024-07-02T10:11:00Z,8736.51,UPI,310,2799,1,8,False,False,1,0
TXN_301594,2024-02-06T14:48:00Z,803.61,UPI,3277,3204,5,2,False,False,0,0
TXN_301794,2024-02-24T08:38:00Z,2410.74,RTGS,1218,2008,1,5,False,False,0,0
TXN_302533,2024-09-11T19:55:00Z,2848.79,RTGS,1230,3068,1,1,False,False,1,0
TXN_302433,2024-01-29T08:34:00Z,2144.72,RTGS,2765,2741,6,5,False,False,0,0
TXN_302005,2024-05-20T22:16:00Z,13739.26,NEFT,3450,3583,4,6,False,False,0,0
TXN_302483,2024-01-03T16:16:00Z,12934.24,UPI,1079,1297,7,5,False,False,0,0
TXN_301586,2024-02-29T17:10:00Z,6831.9,UPI,160,2517,7,7,False,False,1,0
TXN_302185,2024-02-11T22:04:00Z,10131.82,NEFT,2732,3401,0,3,False,False,0,0
TXN_301031,2024-01-15T17:41:00Z,13235.42,IMPS,923,1897,1,9,False,False,1,0
TXN_300895,2024-04-17T17:40:00Z,11142.55,RTGS,816,2698,0,6,False,False,1,0
TXN_300234,2024-10-20T07:19:00Z,3080.4,IMPS,1972,2535,2,1,False,False,0,0
TXN_300682,2024-08-24T14:17:00Z,3476.56,UPI,1182,3169,0,4,False,False,0,0
TXN_300419,2024-05-11T20:09:00Z,5651.11,NEFT,1494,875,2,7,False,False,0,0
TXN_301947,2024-02-28T20:50:00Z,5734.19,IMPS,2735,2339,3,7,False,True,1,0
TXN_300810,2024-03-23T11:35:00Z,2170.66,IMPS,950,1556,2,2,False,False,1,0
TXN_300092,2024-09-22T06:19:00Z,6016.88,NEFT,1350,3594,2,8,False,False,1,0
TXN_301711,2024-06-10T20:54:00Z,2139.58,NEFT,699,352,1,5,False,False,1,0
TXN_300170,2024-01-31T19:57:00Z,2375.15,RTGS,2906,3306,1,4,False,False,1,0
TXN_301890,2024-06-19T10:37:00Z,3128.02,UPI,3162,2826,4,2,False,False,1,0
TXN_300501,2024-12-07T08:39:00Z,18072.27,UPI,1601,1324,3,9,False,False,0,0
TXN_301159,2024-11-10T06:40:00Z,5968.89,IMPS,63,1403,2,7,False,False,0,0
TXN_301339,2024-06-19T16:41:00Z,2645.18,UPI,2144,2982,2,1,False,False,1,0
TXN_300479,2024-05-28T19:09:00Z,12018.43,IMPS,1701,931,3,7,False,False,0,0
TXN_300208,2024-10-08T14:45:00Z,4660.38,IMPS,232,1846,7,4,False,False,0,0
TXN_300106,2024-05-01T16:42:00Z,447.7,UPI,1516,1298,1,1,False,False,0,0
TXN_300012,2024-12-03T20:55:00Z,1495.87,IMPS,1566,2855,6,6,False,False,0,0
TXN_302127,2024-03-16T21:39:00Z,7427.06,IMPS,131,1865,6,9,False,False,1,0
TXN_302244,2024-03-30T11:14:00Z,13073.13,IMPS,962,98,1,4,False,False,0,0
TXN_300655,2024-08-10T18:37:00Z,3729.35,UPI,656,2163,5,4,False,False,1,0
TXN_302645,2024-11-23T20:02:00Z,7145.85,UPI,3436,3440,4,8,False,False,0,0
TXN_302357,2024-04-27T16:58:00Z,5418.36,RTGS,1496,2085,3,1,False,False,0,0
TXN_301532,2024-05-24T20:47:00Z,6339.0,UPI,3237,712,0,7,False,False,1,0
TXN_300726,2024-09-12T22:38:00Z,8707.35,UPI,3588,1805,5,5,False,False,0,0
TXN_302640,2024-03-04T06:06:00Z,3358.32,RTGS,2085,1495,7,2,False,False,0,0
TXN_300631,2024-04-30T07:11:00Z,4361.2,UPI,3266,1495,0,8,False,True,1,0
TXN_300570,2024-08-08T14:38:00Z,4020.23,UPI,1647,2261,2,4,False,True,1,0
TXN_300102,2024-12-13T10:42:00Z,1272.98,UPI,1860,2619,2,3,False,False,1,0
TXN_300773,2024-05-23T12:19:00Z,4569.84,NEFT,3570,638,7,8,False,False,1,0
TXN_302145,2024-08-21T14:27:00Z,18996.64,RTGS,58,3121,6,7,False,False,1,0
TXN_300801,2024-09-22T17:42:00Z,1729.76,UPI,1986,3492,6,9,False,False,1,0
TXN_302629,2024-10-30T19:41:00Z,1758.64,NEFT,2697,2124,1,5,False,True,0,0
TXN_300148,2024-04-04T11:16:00Z,20993.79,RTGS,1787,1221,5,7,False,False,1,0
TXN_300430,2024-05-04T09:21:00Z,4792.32,RTGS,81,345,7,3,False,False,0,0
TXN_302564,2024-01-07T08:07:00Z,8966.81,NEFT,1988,2858,1,7,False,False,1,0
TXN_301807,2024-11-28T16:52:00Z,7191.0,UPI,2825,2656,5,1,False,False,0,0
TXN_300883,2024-05-21T12:05:00Z,4300.86,RTGS,2097,57,1,1,False,False,1,0
TXN_302671,2024-01-14T15:16:00Z,3394.71,UPI,2604,975,5,4,False,False,1,0
TXN_301245,2024-01-20T15:51:00Z,7243.81,NEFT,129,1280,2,9,False,False,1,0
TXN_302078,2024-10-04T11:33:00Z,11429.81,RTGS,3013,59,7,9,False,False,0,0
TXN_300031,2024-12-28T09:14:00Z,14446.73,UPI,67,2152,2,7,False,False,0,0
TXN_302091,2024-09-29T13:51:00Z,20153.2,IMPS,241,2022,1,1,False,False,0,0
TXN_302545,2024-11-27T20:10:00Z,618.23,NEFT,935,1845,1,5,False,False,0,0
TXN_300557,2024-11-17T21:12:00Z,7207.94,UPI,3405,2916,6,6,False,True,1,0
TXN_300552,2024-09-18T14:28:00Z,1241.25,UPI,2177,2157,0,8,False,False,1,0
TXN_301193,2024-05-31T11:38:00Z,9868.95,RTGS,591,1134,6,2,False,False,1,0
TXN_302018,2024-10-05T15:05:00Z,74513.94,IMPS,1089,1486,2,5,False,False,0,0
TXN_301883,2024-07-14T16:56:00Z,1440.28,NEFT,332,963,2,9,False,False,1,0
TXN_302624,2024-10-24T13:21:00Z,16610.07,NEFT,2117,1328,2,4,False,False,1,0
TXN_300373,2024-07-20T15:50:00Z,1521.39,IMPS,1181,3246,6,4,False,False,0,0
TXN_300138,2024-10-27T22:49:00Z,145.51,IMPS,1472,1231,0,4,False,False,0,0
TXN_300386,2024-07-26T13:42:00Z,711.12,RTGS,71,291,3,4,False,False,1,0
TXN_302732,2024-01-13T21:47:00Z,4679.27,RTGS,2469,764,39,6,False,False,1,1
TXN_300207,2024-01-14T06:39:00Z,3054.83,RTGS,3418,741,6,4,False,True,0,0
TXN_301521,2024-03-13T09:21:00Z,265.14,NEFT,2614,3118,3,1,False,False,0,0
TXN_300516,2024-04-15T11:50:00Z,1774.13,IMPS,248,834,7,8,False,False,0,0
TXN_301816,2024-02-02T19:32:00Z,3261.42,NEFT,3605,2286,6,3,False,False,1,0
TXN_301026,2024-11-27T13:21:00Z,28373.58,NEFT,665,2593,1,6,False,False,0,0
TXN_302161,2024-01-25T18:12:00Z,38201.67,UPI,2721,2239,5,6,False,False,0,0
TXN_301281,2024-03-03T07:25:00Z,2786.74,UPI,2550,852,1,1,True,False,1,0
TXN_302687,2024-01-20T08:12:00Z,1146.15,RTGS,1973,3452,4,9,False,False,1,0
TXN_301326,2024-08-27T10:55:00Z,14184.37,IMPS,1220,2751,7,9,False,False,0,0
TXN_301799,2024-06-02T12:16:00Z,3539.79,UPI,1615,938,0,7,False,False,0,0
TXN_300124,2024-05-06T12:32:00Z,65864.14,IMPS,2750,2950,2,3,False,False,0,0
TXN_301673,2024-10-18T10:09:00Z,7341.83,UPI,113,3241,4,7,False,False,0,0
TXN_301137,2024-10-18T21:18:00Z,5174.15,IMPS,2483,1742,2,2,False,False,1,0
TXN_300772,2024-06-15T08:42:00Z,2559.24,IMPS,3227,987,6,8,False,False,0,0
TXN_302149,2024-05-13T08:47:00Z,227.58,NEFT,2935,496,4,8,False,False,0,0
TXN_301696,2024-08-10T07:13:00Z,706.16,NEFT,3056,77,0,6,False,False,0,0
TXN_302142,2024-01-28T08:56:00Z,9676.97,NEFT,765,1245,2,5,False,False,0,0
TXN_300228,2024-09-03T09:37:00Z,20174.33,IMPS,202,818,5,6,False,False,1,0
TXN_300136,2024-10-01T08:12:00Z,506.78,NEFT,967,3377,4,5,False,False,0,0
TXN_301179,2024-05-25T20:39:00Z,1128.66,UPI,897,2876,5,2,False,True,0,0
TXN_301041,2024-11-14T20:26:00Z,5673.07,RTGS,3262,2258,1,8,False,False,0,0
TXN_300226,2024-07-19T19:50:00Z,4907.83,UPI,2874,1871,2,8,False,False,0,0
TXN_302326,2024-07-27T06:06:00Z,2371.71,NEFT,3515,246,4,5,False,False,1,0
TXN_301371,2024-07-15T13:48:00Z,1113.06,UPI,1861,2051,1,6,False,False,0,0
TXN_301403,2024-04-24T22:57:00Z,889.3,IMPS,2675,1840,3,4,False,True,1,0
TXN_302119,2024-02-10T21:21:00Z,2656.67,IMPS,1125,3327,2,2,False,False,0,0
TXN_300414,2024-09-12T17:56:00Z,22974.44,UPI,360,55,0,5,False,False,0,0
TXN_302514,2024-07-23T22:20:00Z,10153.12,IMPS,1336,2916,0,1,True,False,1,0
TXN_301882,2024-10-11T08:20:00Z,72938.54,NEFT,1366,1635,0,8,False,False,1,0
TXN_301946,2024-02-01T14:21:00Z,1787.22,NEFT,1991,3508,4,2,False,False,0,0
TXN_300732,2024-10-25T16:03:00Z,1928.84,RTGS,3494,1247,2,8,False,False,0,0
TXN_301575,2024-12-23T16:00:00Z,39531.38,RTGS,1665,870,7,7,False,False,1,0
TXN_302053,2024-06-19T18:09:00Z,4486.03,RTGS,3648,3160,2,1,False,False,1,0
TXN_300018,2024-12-05T17:08:00Z,2225.56,UPI,3571,2525,4,1,False,False,0,0
TXN_302189,2024-11-11T19:02:00Z,47111.37,UPI,989,814,2,3,False,False,1,0
TXN_301153,2024-07-10T18:40:00Z,8792.0,IMPS,292,2958,5,3,False,True,0,0
TXN_301822,2024-10-03T20:28:00Z,6222.36,NEFT,1677,1825,6,4,False,False,1,0
TXN_301328,2024-08-17T07:11:00Z,891.52,UPI,84,293,6,5,False,False,1,0
TXN_301373,2024-10-31T09:51:00Z,108643.34,RTGS,2989,846,2,6,False,False,0,0
TXN_300560,2024-02-05T16:31:00Z,1058.42,UPI,1928,328,7,1,False,False,0,0
TXN_302103,2024-09-22T07:43:00Z,1000.03,UPI,2530,255,3,1,True,False,0,0
TXN_301566,2024-04-09T11:05:00Z,11705.18,UPI,966,1363,0,5,False,False,0,0
TXN_302595,2024-03-13T18:24:00Z,14276.67,RTGS,1874,1593,2,3,False,False,0,0
TXN_300830,2024-11-26T17:22:00Z,5074.43,IMPS,1216,2879,5,2,False,False,1,0
TXN_302288,2024-10-24T15:07:00Z,3131.46,UPI,2901,213,6,4,False,True,0,0
TXN_301170,2024-01-24T20:56:00Z,8059.59,NEFT,2756,1543,1,3,False,False,1,0
TXN_301477,2024-01-09T16:42:00Z,9054.91,NEFT,786,2911,2,3,False,False,1,0
TXN_301967,2024-02-22T21:26:00Z,2652.8,UPI,2468,507,3,3,False,False,0,0
TXN_302532,2024-03-08T15:03:00Z,53462.3,RTGS,2721,1405,3,5,False,False,1,0
TXN_301395,2024-09-17T16:19:00Z,1468.39,IMPS,2405,920,2,4,False,False,0,0
TXN_302343,2024-07-24T19:40:00Z,30858.55,RTGS,1588,2793,6,4,False,True,0,0
TXN_301702,2024-09-15T11:25:00Z,3225.23,RTGS,967,1513,6,7,False,False,0,0
TXN_300882,2024-02-25T17:16:00Z,57724.42,RTGS,1831,452,4,4,False,False,0,0
TXN_300486,2024-04-15T06:41:00Z,12358.56,UPI,150,2067,7,5,False,False,1,0
TXN_302317,2024-04-13T21:56:00Z,9292.72,IMPS,1557,2498,2,1,False,False,1,0
TXN_301994,2024-10-31T19:00:00Z,7617.32,IMPS,3366,1756,1,9,False,False,1,0
TXN_301151,2024-09-28T21:41:00Z,7905.8,NEFT,1259,3625,4,8,False,True,0,0
TXN_300394,2024-03-17T13:52:00Z,5177.68,UPI,981,1505,0,9,False,False,1,0
TXN_302350,2024-03-21T21:09:00Z,3033.21,UPI,938,1057,4,1,False,False,0,0
TXN_301158,2024-05-12T18:49:00Z,4150.4,RTGS,278,1704,5,6,False,False,0,0
TXN_302651,2024-02-26T13:14:00Z,2508.39,IMPS,3077,2546,1,5,False,False,1,0
TXN_302312,2024-03-18T08:20:00Z,9506.69,NEFT,1012,515,0,3,False,False,1,0
TXN_301382,2024-06-29T17:16:00Z,3944.27,UPI,433,2475,5,5,False,False,0,0
TXN_301191,2024-04-17T18:51:00Z,1749.78,NEFT,1125,1495,1,1,True,False,1,0
TXN_300461,2024-06-06T19:37:00Z,1903.36,UPI,1476,2418,6,3,False,False,0,0
TXN_301989,2024-04-26T10:04:00Z,8175.86,UPI,634,569,1,1,False,False,1,0
TXN_301540,2024-10-17T20:30:00Z,2573.16,UPI,1768,2538,5,9,False,False,0,0
TXN_301407,2024-04-23T16:28:00Z,6811.01,UPI,1074,1537,6,1,True,False,0,0
TXN_302711,2024-03-05T13:43:00Z,19404.77,IMPS,2157,1087,0,7,False,False,0,0
TXN_302120,2024-05-04T14:13:00Z,6709.59,NEFT,3065,2310,5,3,False,True,1,0
TXN_301152,2024-09-22T08:06:00Z,16919.94,IMPS,2778,80,5,6,False,False,1,0
TXN_302080,2024-08-28T22:27:00Z,1259.75,NEFT,534,738,4,4,False,False,0,0
TXN_301220,2024-10-03T18:50:00Z,16871.76,UPI,3625,2455,6,6,False,False,0,0
TXN_302043,2024-08-29T16:34:00Z,7851.71,UPI,2032,146,5,2,False,False,0,0
TXN_300826,2024-11-11T13:50:00Z,1254.73,UPI,3347,2293,1,5,False,False,0,0
TXN_301115,2024-11-05T09:14:00Z,35322.55,UPI,1080,206,5,2,True,False,0,0
TXN_301267,2024-06-19T14:44:00Z,954.09,UPI,1872,3361,4,1,False,False,0,0
TXN_300934,2024-07-17T09:40:00Z,41660.46,UPI,451,3242,1,8,False,False,0,0
TXN_300122,2024-11-21T18:09:00Z,1550.61,UPI,1075,2307,5,1,False,True,0,0
TXN_300327,2024-11-25T08:40:00Z,4187.35,NEFT,287,1758,2,3,False,False,0,0
TXN_300961,2024-03-03T11:43:00Z,1953.89,NEFT,2791,3303,1,8,True,False,0,0
TXN_300222,2024-01-01T12:14:00Z,52567.35,UPI,407,303,1,5,True,False,0,0
TXN_302307,2024-01-12T08:16:00Z,5201.08,IMPS,1435,280,5,4,False,False,0,0
TXN_302395,2024-12-16T11:44:00Z,2781.72,UPI,1789,2617,5,5,False,False,0,0
TXN_300008,2024-05-18T10:54:00Z,5112.59,IMPS,2475,2327,2,9,False,False,1,0
TXN_300596,2024-02-16T17:47:00Z,3764.36,UPI,981,1010,4,6,False,True,1,0
TXN_301564,2024-05-18T19:42:00Z,12835.83,RTGS,1363,108,6,5,False,False,0,0
TXN_301720,2024-08-10T14:35:00Z,2816.49,RTGS,555,690,2,9,False,False,0,0
TXN_301939,2024-06-17T21:45:00Z,3762.26,IMPS,2896,3508,0,6,True,False,0,0
TXN_301309,2024-02-25T06:32:00Z,1927.7,UPI,3227,1128,5,4,False,False,0,0
TXN_300944,2024-11-17T15:41:00Z,756.58,UPI,2414,3323,2,7,False,False,0,0
TXN_302762,2024-04-05T08:07:00Z,2733.57,IMPS,2852,2075,3,44,False,False,1,1
TXN_300498,2024-07-28T19:14:00Z,2486.31,RTGS,1982,2924,6,5,False,False,0,0
TXN_301496,2024-03-18T10:14:00Z,3939.97,IMPS,2124,1165,1,2,False,True,1,0
TXN_300611,2024-10-16T12:21:00Z,3043.14,UPI,763,3016,7,5,False,False,0,0
TXN_301110,2024-01-26T08:17:00Z,1781.77,NEFT,764,3391,3,7,False,False,1,0
TXN_300494,2024-04-22T19:41:00Z,1055.05,UPI,148,880,3,7,False,False,1,0
TXN_300083,2024-08-18T14:39:00Z,13163.6,NEFT,501,679,1,8,False,False,0,0
TXN_301934,2024-10-18T22:20:00Z,17182.3,RTGS,2277,773,1,5,False,False,1,0
TXN_300838,2024-10-10T14:49:00Z,31895.53,IMPS,3270,495,0,4,False,False,0,0
TXN_301315,2024-10-02T19:09:00Z,3928.37,RTGS,3173,625,7,5,False,False,1,0
TXN_300025,2024-05-10T06:22:00Z,2101.12,RTGS,2192,1411,7,8,False,False,0,0
TXN_300117,2024-05-31T17:08:00Z,10603.45,NEFT,2601,932,7,9,False,False,1,0
TXN_300628,2024-07-25T11:00:00Z,1453.7,NEFT,1630,1140,6,4,True,False,1,0
TXN_301851,2024-10-19T06:36:00Z,1320.44,RTGS,1562,2193,0,2,False,False,0,0
TXN_302201,2024-02-12T06:35:00Z,5723.68,UPI,1763,3347,7,2,False,False,1,0
TXN_301107,2024-08-17T06:49:00Z,1975.03,NEFT,2734,1080,4,6,False,False,1,0
TXN_300238,2024-08-29T12:12:00Z,31729.21,NEFT,761,2733,2,9,False,False,1,0
TXN_302028,2024-04-18T15:34:00Z,1929.04,UPI,3506,1725,3,4,False,False,0,0
TXN_301615,2024-02-05T06:46:00Z,790.35,UPI,3366,3345,3,9,False,False,1,0
TXN_301922,2024-06-23T07:49:00Z,2251.16,NEFT,968,3564,1,8,False,False,1,0
TXN_301089,2024-12-28T14:41:00Z,782.48,IMPS,3556,2936,1,1,False,False,1,0
TXN_302703,2024-01-21T16:26:00Z,613.43,IMPS,1031,2445,0,4,False,False,0,0
TXN_302116,2024-06-28T21:58:00Z,1243.86,RTGS,3250,2641,2,1,False,False,1,0
TXN_301129,2024-04-08T18:48:00Z,14421.83,RTGS,413,2432,3,7,False,False,0,0
TXN_301078,2024-12-08T21:47:00Z,2115.42,RTGS,2892,1924,1,7,True,True,0,0
TXN_300719,2024-04-06T21:49:00Z,1504.99,IMPS,1966,2437,6,5,False,False,1,0
TXN_300742,2024-05-03T12:49:00Z,704.75,UPI,2476,2817,6,4,False,False,1,0
TXN_302063,2024-10-15T13:25:00Z,245.04,UPI,3634,2906,3,5,False,False,1,0
TXN_300241,2024-09-29T06:36:00Z,2523.48,NEFT,3418,856,2,5,False,True,0,0
TXN_302325,2024-10-17T20:07:00Z,5553.56,RTGS,2103,1335,6,3,False,True,0,0
TXN_302269,2024-04-10T22:59:00Z,3578.44,IMPS,3062,3354,7,3,False,False,1,0
TXN_301164,2024-07-28T19:29:00Z,4668.97,UPI,836,2041,5,7,False,False,0,0
TXN_300725,2024-10-20T13:53:00Z,1245.5,IMPS,346,903,4,7,False,False,0,0
TXN_302275,2024-06-13T06:39:00Z,520.82,UPI,840,2799,5,9,False,False,0,0
TXN_300533,2024-04-11T15:22:00Z,7687.21,IMPS,196,1620,5,5,False,False,1,0
TXN_301584,2024-04-01T13:52:00Z,3794.37,RTGS,1018,2933,2,6,False,False,0,0
TXN_302115,2024-01-27T06:30:00Z,707.25,RTGS,3340,3057,3,3,False,False,1,0
TXN_301086,2024-01-04T06:53:00Z,3369.75,UPI,1225,192,3,2,False,False,0,0
TXN_301037,2024-04-19T10:49:00Z,2776.96,RTGS,1798,2568,5,6,True,False,1,0
TXN_300635,2024-10-29T16:31:00Z,2866.33,UPI,1600,3459,7,2,False,False,0,0
TXN_300050,2024-02-05T18:11:00Z,1840.67,UPI,1906,3245,3,1,False,False,0,0
TXN_302748,2024-11-19T04:26:00Z,35137.73,NEFT,813,1291,6,5,False,False,1,1
TXN_300654,2024-06-01T14:14:00Z,14216.09,UPI,2400,2725,3,7,False,False,1,0
TXN_300653,2024-09-02T10:36:00Z,11591.97,IMPS,2720,54,7,5,False,False,0,0
TXN_300460,2024-11-26T08:32:00Z,1116.38,UPI,2830,3467,4,6,False,False,1,0
TXN_301590,2024-05-11T10:52:00Z,62681.32,RTGS,199,3332,5,3,True,False,1,0
TXN_301785,2024-03-19T22:36:00Z,33498.62,RTGS,2795,221,2,1,False,False,1,0
TXN_301047,2024-06-22T17:05:00Z,2600.73,NEFT,1335,3599,2,9,False,False,0,0
TXN_300702,2024-12-26T14:35:00Z,641.59,IMPS,96,1102,5,8,False,False,1,0
TXN_302371,2024-11-02T14:12:00Z,1710.98,IMPS,1930,2559,2,3,False,False,1,0
TXN_302009,2024-08-13T12:31:00Z,712.69,IMPS,3595,1409,0,1,False,False,0,0
TXN_300723,2024-05-11T06:53:00Z,18717.43,RTGS,2313,2475,0,3,True,False,0,0
TXN_302656,2024-06-03T10:40:00Z,3328.1,UPI,971,1729,5,2,False,False,1,0
TXN_300858,2024-05-29T13:44:00Z,19439.32,UPI,239,57,4,8,False,False,0,0
TXN_301970,2024-10-12T17:22:00Z,5561.01,UPI,1600,1954,1,7,False,False,0,0
TXN_301334,2024-04-11T19:23:00Z,988.17,UPI,190,3296,7,2,False,False,0,0
TXN_301737,2024-12-12T10:30:00Z,3047.26,NEFT,1770,1792,1,4,False,False,1,0
TXN_301652,2024-07-24T15:35:00Z,9839.76,NEFT,980,2283,3,8,False,False,0,0
TXN_302332,2024-04-11T20:48:00Z,3227.35,UPI,54,2515,7,7,False,False,0,0
TXN_300903,2024-04-14T15:25:00Z,1377.02,IMPS,2826,2455,7,1,False,False,0,0
TXN_302038,2024-03-18T10:25:00Z,6069.28,NEFT,2558,130,6,8,False,False,1,0
TXN_300648,2024-10-31T15:29:00Z,4710.29,NEFT,2490,977,4,2,False,False,1,0
TXN_301769,2024-11-27T09:52:00Z,12072.25,UPI,2720,3509,7,1,False,False,1,0
TXN_302672,2024-01-31T21:18:00Z,5544.2,RTGS,2713,1581,6,6,False,False,0,0
TXN_301700,2024-04-06T07:59:00Z,5865.1,IMPS,3025,607,3,4,True,False,0,0
TXN_302207,2024-02-13T17:47:00Z,8508.48,RTGS,3557,2587,6,5,False,False,1,0
TXN_300133,2024-09-20T20:00:00Z,7815.79,RTGS,1610,196,2,8,False,False,1,0
TXN_300023,2024-01-09T18:25:00Z,1811.83,RTGS,3532,2529,1,7,False,False,0,0
TXN_300811,2024-07-31T13:12:00Z,3447.71,NEFT,2146,648,3,7,False,False,0,0
TXN_301343,2024-08-15T08:29:00Z,913.24,UPI,2592,3408,0,8,False,False,0,0
TXN_300641,2024-06-14T09:54:00Z,2991.73,RTGS,2828,3559,6,1,False,False,0,0
TXN_300378,2024-03-11T13:45:00Z,57152.09,UPI,699,107,7,5,False,False,1,0
TXN_301875,2024-10-26T13:24:00Z,10976.76,UPI,3460,1114,2,2,False,False,0,0
TXN_302278,2024-06-30T12:30:00Z,5290.16,IMPS,3572,540,0,2,False,False,1,0
TXN_301765,2024-08-28T21:08:00Z,5866.91,RTGS,3417,157,6,6,False,True,1,0
TXN_300822,2024-01-23T12:29:00Z,810.59,UPI,1584,873,6,7,False,False,1,0
TXN_302147,2024-03-28T12:04:00Z,37988.22,UPI,1880,1482,5,5,False,False,1,0
TXN_300542,2024-10-17T14:37:00Z,621.8,NEFT,2125,2919,1,5,False,False,0,0
TXN_300584,2024-08-12T08:10:00Z,6544.54,RTGS,2546,957,0,2,False,False,0,0
TXN_302179,2024-11-19T15:03:00Z,17417.1,NEFT,2863,2197,3,1,False,False,0,0
TXN_300341,2024-09-03T07:02:00Z,12684.36,UPI,2462,2824,2,4,False,False,0,0
TXN_300176,2024-06-24T14:22:00Z,14013.5,RTGS,1568,1305,3,7,False,False,1,0
TXN_301821,2024-09-01T15:52:00Z,5147.13,NEFT,3267,471,1,2,False,False,0,0
TXN_301885,2024-12-30T06:39:00Z,14445.57,RTGS,3402,270,7,4,False,False,1,0
TXN_301986,2024-09-22T11:10:00Z,4337.73,NEFT,2068,977,2,9,False,False,0,0
TXN_302649,2024-04-10T07:37:00Z,268.17,NEFT,1460,306,3,8,False,True,0,0
TXN_301383,2024-06-17T08:15:00Z,7993.12,NEFT,1000,785,3,7,False,False,1,0
TXN_302736,2024-11-25T09:59:00Z,8523.64,NEFT,211,3163,0,54,False,False,1,1
TXN_300391,2024-07-28T12:24:00Z,25035.82,UPI,3361,1607,4,7,False,False,0,0
TXN_300960,2024-02-21T16:05:00Z,13256.73,IMPS,469,604,3,8,False,False,1,0
TXN_302577,2024-05-26T18:11:00Z,1437.11,NEFT,903,1989,6,3,False,False,1,0
TXN_300267,2024-12-14T09:39:00Z,38278.71,IMPS,1219,153,6,9,False,False,1,0
TXN_302415,2024-09-24T22:36:00Z,1605.49,UPI,2163,2050,3,7,False,False,1,0
TXN_302290,2024-03-21T12:07:00Z,146349.21,NEFT,433,718,2,4,False,True,0,0
TXN_302673,2024-04-22T10:58:00Z,24394.92,NEFT,1845,3282,4,9,False,False,0,0
TXN_302344,2024-03-09T12:39:00Z,1673.31,NEFT,2281,2203,6,5,False,False,1,0
TXN_302615,2024-08-25T15:50:00Z,2543.57,IMPS,3577,1692,4,1,False,False,1,0
TXN_300770,2024-12-10T07:04:00Z,5094.69,IMPS,1609,2714,4,5,False,False,1,0
TXN_302604,2024-09-04T12:24:00Z,3654.77,RTGS,1640,62,4,7,False,False,1,0
TXN_300090,2024-12-04T20:28:00Z,11368.76,IMPS,284,1560,3,3,False,False,0,0
TXN_302616,2024-05-02T20:50:00Z,815.72,NEFT,2798,1149,5,9,False,False,1,0
TXN_301276,2024-06-16T14:27:00Z,34523.68,RTGS,1229,88,1,6,False,False,1,0
TXN_302218,2024-04-03T18:19:00Z,7860.32,UPI,2326,1430,1,3,False,False,1,0
TXN_301378,2024-06-29T15:15:00Z,4097.15,RTGS,2515,1590,1,7,False,False,0,0
TXN_301806,2024-09-16T11:52:00Z,1702.52,UPI,3585,3286,2,7,False,False,1,0
TXN_301761,2024-11-13T19:43:00Z,13797.49,NEFT,337,504,6,9,False,False,1,0
TXN_300940,2024-02-03T10:42:00Z,4112.19,RTGS,905,2054,1,5,False,False,1,0
TXN_300375,2024-02-22T06:48:00Z,2322.5,IMPS,3138,912,3,7,False,False,1,0
TXN_302707,2024-11-01T07:20:00Z,1758.27,UPI,1420,3289,2,7,False,False,1,0
TXN_300062,2024-08-31T14:56:00Z,2629.61,IMPS,3470,1822,7,8,False,False,0,0
TXN_300923,2024-05-14T13:19:00Z,9055.94,UPI,1518,932,1,7,False,False,1,0
TXN_300103,2024-12-06T17:44:00Z,6409.17,RTGS,2622,451,1,1,False,False,1,0
TXN_302397,2024-01-23T21:01:00Z,27635.67,IMPS,1251,1682,2,9,False,False,1,0
TXN_300539,2024-07-02T09:34:00Z,6586.47,RTGS,1537,2772,7,4,False,False,1,0
TXN_302435,2024-03-02T16:44:00Z,7038.58,RTGS,79,584,4,6,False,False,1,0
TXN_302216,2024-05-18T15:56:00Z,4732.43,RTGS,2950,1545,4,3,False,False,1,0
TXN_301263,2024-11-29T16:38:00Z,130584.59,NEFT,1334,150,5,8,False,False,0,0
TXN_300752,2024-05-02T16:08:00Z,2199.21,UPI,79,1419,3,6,False,False,1,0
TXN_301442,2024-06-07T14:40:00Z,4226.77,RTGS,716,479,4,1,False,True,1,0
TXN_300992,2024-05-28T14:10:00Z,525.47,RTGS,2379,3198,1,5,False,False,1,0
TXN_301662,2024-11-28T12:38:00Z,11524.47,NEFT,1497,3195,4,9,False,False,0,0
TXN_300257,2024-03-14T19:06:00Z,18333.37,IMPS,2074,1714,6,8,False,False,0,0
TXN_302421,2024-09-06T12:39:00Z,395.5,UPI,1316,2829,4,1,False,False,1,0
TXN_301417,2024-06-10T11:50:00Z,895.53,IMPS,1590,544,3,2,False,False,1,0
TXN_301171,2024-10-27T22:24:00Z,3651.56,NEFT,1445,1397,4,4,False,False,1,0
TXN_301945,2024-12-29T11:02:00Z,2266.37,UPI,456,3261,0,2,False,False,0,0
TXN_302221,2024-08-30T07:20:00Z,3667.94,RTGS,1885,1663,6,1,False,False,0,0
TXN_300620,2024-08-21T21:11:00Z,3924.34,UPI,620,2615,4,6,False,False,1,0
TXN_300902,2024-07-06T20:24:00Z,9389.66,RTGS,3451,3262,2,4,False,False,1,0
TXN_300451,2024-07-06T19:00:00Z,3560.53,NEFT,2018,1946,3,7,False,True,0,0
TXN_302789,2024-07-03T10:40:00Z,426.55,UPI,1204,483,2,57,False,False,1,1
TXN_301517,2024-04-05T12:52:00Z,3103.56,IMPS,722,3087,7,9,False,False,0,0
TXN_302753,2024-04-15T14:41:00Z,19744.98,UPI,3007,2854,6,43,False,False,1,1
TXN_300914,2024-08-17T11:45:00Z,4934.24,RTGS,2580,3211,3,1,True,False,1,0
TXN_301128,2024-06-24T22:36:00Z,2414.29,UPI,3416,817,7,8,False,False,0,0
TXN_302367,2024-05-25T08:06:00Z,5853.83,RTGS,894,2065,1,2,False,False,1,0
TXN_300618,2024-12-17T15:08:00Z,27002.44,UPI,1503,683,3,6,False,False,0,0
TXN_302219,2024-10-15T16:03:00Z,7822.37,NEFT,2562,1761,5,9,False,False,0,0
TXN_301271,2024-10-22T20:36:00Z,2901.16,NEFT,532,2863,3,5,False,False,0,0
TXN_300283,2024-05-29T20:41:00Z,9382.32,UPI,75,358,3,7,False,False,0,0
TXN_301561,2024-11-13T18:21:00Z,615.75,IMPS,575,2238,3,8,True,False,0,0
TXN_300179,2024-02-13T14:27:00Z,3158.24,RTGS,1628,2398,1,9,True,False,0,0
TXN_300564,2024-03-26T06:37:00Z,6325.79,NEFT,390,1830,2,9,False,False,1,0
TXN_302713,2024-12-13T09:33:00Z,4618.39,RTGS,2545,1402,7,1,False,False,0,0
TXN_301774,2024-02-04T13:27:00Z,69002.24,NEFT,3464,3599,1,2,False,False,0,0
TXN_300508,2024-09-18T17:26:00Z,380.98,IMPS,3291,1822,5,2,False,False,1,0
TXN_301704,2024-01-14T17:38:00Z,1606.69,UPI,1503,2887,5,1,True,False,0,0
TXN_302285,2024-02-23T22:10:00Z,2797.18,NEFT,2435,1961,7,4,False,False,0,0
TXN_301518,2024-03-22T14:44:00Z,26391.82,UPI,2200,2284,6,6,False,False,0,0
TXN_301204,2024-02-22T08:57:00Z,2103.05,NEFT,2240,3021,3,6,False,False,1,0
TXN_301166,2024-02-23T15:14:00Z,95811.81,UPI,1966,1490,7,7,False,False,1,0
TXN_301669,2024-07-16T22:32:00Z,2771.39,NEFT,1985,885,5,4,False,False,0,0
TXN_302270,2024-07-03T11:03:00Z,4392.65,NEFT,2257,2599,6,5,False,False,0,0
TXN_302012,2024-02-03T08:04:00Z,2072.84,IMPS,869,906,5,9,False,False,1,0
TXN_300520,2024-03-29T08:27:00Z,15521.49,UPI,271,3427,4,9,False,True,1,0
TXN_301143,2024-06-15T08:26:00Z,4098.48,NEFT,380,3122,2,8,False,False,1,0
TXN_300900,2024-03-26T20:50:00Z,9797.0,NEFT,2817,2610,7,8,False,False,0,0
TXN_300254,2024-04-04T21:15:00Z,12469.97,RTGS,1337,2326,7,3,False,False,1,0
TXN_300442,2024-03-05T09:05:00Z,2075.56,IMPS,220,1529,2,7,False,False,0,0
TXN_301528,2024-03-12T09:36:00Z,2219.99,NEFT,2663,2881,6,7,False,False,1,0
TXN_302695,2024-11-19T08:48:00Z,566.01,RTGS,2375,141,1,7,False,False,1,0
TXN_300245,2024-10-22T09:30:00Z,17126.9,RTGS,2823,2078,3,3,False,False,0,0
TXN_300011,2024-06-02T07:01:00Z,8319.42,NEFT,268,2497,3,2,False,False,0,0
TXN_302463,2024-12-06T13:32:00Z,20335.33,UPI,2686,1498,4,4,False,False,0,0
TXN_300017,2024-05-31T22:07:00Z,485.05,IMPS,1096,1841,7,2,False,False,1,0
TXN_301694,2024-04-16T22:04:00Z,2377.86,IMPS,3131,2418,5,5,False,False,0,0
TXN_301084,2024-12-08T13:00:00Z,3129.55,UPI,128,2662,3,8,False,False,0,0
TXN_300347,2024-04-15T18:04:00Z,5721.78,RTGS,2577,1761,4,7,False,False,1,0
TXN_301573,2024-02-24T19:21:00Z,513.9,NEFT,3261,3351,6,2,False,False,1,0
TXN_300558,2024-12-19T11:46:00Z,50194.86,IMPS,2237,3121,2,2,False,False,0,0
TXN_301347,2024-05-27T16:48:00Z,6603.45,NEFT,2681,1028,5,2,False,False,1,0
TXN_300685,2024-08-29T06:10:00Z,13948.39,RTGS,3367,110,0,1,False,False,1,0
TXN_300420,2024-08-22T18:46:00Z,10940.39,NEFT,79,1250,5,3,False,False,0,0
TXN_300353,2024-02-18T13:52:00Z,5644.36,NEFT,2496,2496,7,6,False,False,0,0
TXN_301562,2024-04-05T10:07:00Z,3358.26,RTGS,650,1781,5,3,False,False,1,0
TXN_301914,2024-12-26T17:26:00Z,2036.08,RTGS,1424,1679,7,1,True,False,1,0
TXN_300577,2024-11-23T08:16:00Z,497.3,IMPS,2154,2074,5,3,False,False,1,0
TXN_300821,2024-08-07T20:59:00Z,15548.78,IMPS,3616,2402,3,6,False,False,0,0
TXN_300139,2024-03-20T08:08:00Z,12458.2,UPI,2204,2037,0,7,False,False,1,0
TXN_300079,2024-07-16T21:56:00Z,1264.92,UPI,3443,2400,7,1,False,False,0,0
TXN_301400,2024-06-02T15:29:00Z,360.38,RTGS,2086,1931,7,6,False,False,0,0
TXN_300110,2024-08-20T13:24:00Z,22521.3,IMPS,1991,398,0,7,False,False,1,0
TXN_300986,2024-12-27T18:00:00Z,657.38,IMPS,706,3525,4,9,False,False,0,0
TXN_300847,2024-05-01T06:01:00Z,4321.53,IMPS,2842,310,3,1,False,False,1,0
TXN_302273,2024-10-24T11:19:00Z,11789.93,UPI,3536,758,2,2,False,False,1,0
TXN_300808,2024-12-12T13:43:00Z,5156.96,IMPS,860,2382,5,2,False,False,1,0
TXN_301886,2024-01-08T07:52:00Z,17726.82,RTGS,3324,793,4,5,False,False,1,0
TXN_300261,2024-08-31T06:31:00Z,7702.85,IMPS,311,2186,1,8,False,False,1,0
TXN_300218,2024-05-17T09:57:00Z,53395.9,RTGS,3265,1804,7,4,False,False,1,0
TXN_300485,2024-06-23T17:49:00Z,23427.35,UPI,388,1222,3,8,False,False,0,0
TXN_302582,2024-02-05T09:40:00Z,1229.37,RTGS,3021,611,5,9,False,False,1,0
TXN_302166,2024-01-05T22:31:00Z,3044.29,NEFT,2583,263,3,4,False,False,0,0
TXN_300173,2024-01-14T10:19:00Z,7472.98,UPI,2048,49,5,7,False,False,1,0
TXN_300385,2024-11-20T07:28:00Z,1133.57,NEFT,3267,1644,1,5,False,False,1,0
TXN_300762,2024-03-19T21:44:00Z,3646.83,RTGS,3224,3043,6,3,True,False,1,0
TXN_302752,2024-09-04T18:55:00Z,11859.08,IMPS,1922,2178,3,35,False,False,1,1
TXN_300660,2024-12-19T09:55:00Z,110244.9,NEFT,2406,524,1,8,False,False,1,0
TXN_300785,2024-09-09T22:34:00Z,472.74,RTGS,2468,975,4,5,False,False,1,0
TXN_302351,2024-04-04T16:26:00Z,803.84,RTGS,3288,3582,1,4,False,False,0,0
TXN_301330,2024-01-16T22:03:00Z,9833.23,RTGS,1778,2571,3,7,False,False,1,0
TXN_302411,2024-07-09T17:47:00Z,10054.64,NEFT,780,2667,4,4,False,False,1,0
TXN_302414,2024-09-03T22:34:00Z,2636.05,UPI,1575,3615,2,7,False,False,1,0
TXN_302631,2024-10-04T21:43:00Z,8856.07,IMPS,1586,1612,0,2,False,False,0,0
TXN_301325,2024-11-30T19:33:00Z,2658.64,IMPS,2156,247,0,4,False,False,1,0
TXN_300236,2024-12-02T07:08:00Z,2132.3,RTGS,3078,644,4,3,False,False,0,0
TXN_302146,2024-05-02T14:52:00Z,1657.13,UPI,673,46,6,5,False,False,0,0
TXN_301823,2024-04-19T10:42:00Z,7359.86,NEFT,1112,285,5,3,False,False,0,0
TXN_302723,2024-01-25T17:36:00Z,15878.21,IMPS,1608,3202,6,47,False,False,1,1
TXN_301106,2024-07-26T16:16:00Z,811.15,NEFT,542,477,0,1,False,False,0,0
TXN_300118,2024-09-01T22:29:00Z,2018.07,RTGS,246,3248,0,4,False,False,1,0
TXN_300481,2024-03-31T19:27:00Z,2391.66,UPI,1874,2669,7,4,False,False,0,0
TXN_300330,2024-10-18T16:42:00Z,17147.22,NEFT,1443,3132,1,4,False,False,0,0
TXN_301109,2024-03-25T18:42:00Z,5277.43,RTGS,2354,3590,7,7,False,False,1,0
TXN_302155,2024-05-31T12:58:00Z,10470.9,UPI,2936,2768,0,6,False,False,0,0
TXN_301601,2024-07-23T07:51:00Z,2507.27,NEFT,1936,567,4,1,False,True,0,0
TXN_302109,2024-06-12T22:59:00Z,1887.34,UPI,2125,781,5,4,False,False,1,0
TXN_300198,2024-04-28T11:03:00Z,1349.77,UPI,862,1900,1,6,False,False,0,0
TXN_300334,2024-12-25T14:05:00Z,5090.27,UPI,289,2425,4,5,False,False,1,0
TXN_300324,2024-04-01T12:51:00Z,12569.17,IMPS,1414,1506,3,7,True,True,1,0
TXN_302670,2024-09-16T19:48:00Z,5030.58,UPI,1522,3507,1,3,False,False,0,0
TXN_302427,2024-07-13T19:36:00Z,617.2,UPI,1250,1057,1,8,False,False,1,0
TXN_301136,2024-02-01T07:55:00Z,4187.85,UPI,2733,1988,0,6,False,True,0,0
TXN_301839,2024-03-24T11:10:00Z,614.56,IMPS,683,1093,0,4,False,False,0,0
TXN_300302,2024-01-22T13:17:00Z,1941.98,RTGS,3254,3399,3,4,False,False,0,0
TXN_300677,2024-05-29T13:11:00Z,6133.54,UPI,3398,1751,6,1,False,False,0,0
TXN_301933,2024-06-27T17:54:00Z,1540.1,RTGS,1268,2383,6,3,False,False,0,0
TXN_302014,2024-12-02T06:42:00Z,4628.46,NEFT,2984,3556,2,2,False,False,0,0
TXN_301461,2024-02-29T18:39:00Z,29514.97,RTGS,2905,2610,3,6,False,False,0,0
TXN_301779,2024-03-17T20:24:00Z,1774.19,UPI,2559,3006,5,6,False,False,0,0
TXN_301962,2024-07-19T09:35:00Z,19290.42,UPI,1505,517,0,2,False,False,1,0
TXN_300908,2024-08-03T08:19:00Z,3188.64,RTGS,1449,2123,7,6,False,False,0,0
TXN_300270,2024-12-09T12:21:00Z,10933.5,IMPS,1991,2363,3,9,False,False,0,0
TXN_302159,2024-06-26T22:03:00Z,6393.04,IMPS,2592,3122,6,6,False,False,1,0
TXN_302033,2024-05-19T09:37:00Z,628.93,UPI,2609,3296,6,5,False,False,1,0
TXN_300038,2024-10-12T20:16:00Z,487.87,UPI,1053,623,6,8,True,False,0,0
TXN_301627,2024-01-11T13:46:00Z,735.39,RTGS,1262,3613,2,3,False,False,1,0
TXN_302535,2024-12-03T13:26:00Z,14319.7,UPI,2250,992,1,3,False,False,1,0
TXN_302383,2024-11-09T19:13:00Z,1742.59,UPI,3641,2061,7,1,False,False,0,0
TXN_302354,2024-01-24T10:32:00Z,13213.58,NEFT,1033,1421,7,7,False,False,0,0
TXN_300777,2024-01-12T19:33:00Z,9933.19,RTGS,985,2462,0,7,False,False,0,0
TXN_302284,2024-02-19T08:43:00Z,23952.34,IMPS,1384,1030,3,4,False,False,1,0
TXN_300120,2024-09-28T06:24:00Z,20706.75,UPI,1738,2242,4,7,False,False,0,0
TXN_301752,2024-07-30T06:49:00Z,27649.13,UPI,2033,2644,0,3,False,False,0,0
TXN_300387,2024-06-04T08:06:00Z,6344.13,UPI,1242,2818,6,7,False,False,1,0
TXN_301697,2024-05-02T16:02:00Z,3304.26,UPI,2057,3551,4,8,False,False,0,0
TXN_300403,2024-05-01T22:09:00Z,1199.48,UPI,2395,428,0,2,False,False,0,0
TXN_301088,2024-02-19T22:39:00Z,1211.5,IMPS,2650,240,2,3,False,False,0,0
TXN_300318,2024-11-14T13:34:00Z,8415.68,UPI,3245,249,1,1,False,False,0,0
TXN_300127,2024-01-21T20:01:00Z,910.06,RTGS,2844,301,7,3,False,False,1,0
TXN_300041,2024-08-05T08:28:00Z,1862.09,RTGS,3378,2704,1,3,False,False,1,0
TXN_301370,2024-01-24T19:21:00Z,25285.32,RTGS,2135,2912,3,7,False,False,1,0
TXN_302605,2024-03-08T18:45:00Z,501.24,NEFT,730,216,5,7,False,False,0,0
TXN_302405,2024-08-19T18:10:00Z,2789.83,UPI,1511,418,4,1,False,False,1,0
TXN_301023,2024-10-31T19:55:00Z,85.62,UPI,1915,752,7,4,False,False,1,0
TXN_300246,2024-03-30T20:40:00Z,2541.19,RTGS,447,3236,1,3,False,False,0,0
TXN_300028,2024-02-02T08:47:00Z,10725.9,NEFT,1609,2041,6,2,False,True,1,0
TXN_300814,2024-07-03T10:28:00Z,16860.73,UPI,1336,3617,2,3,False,False,1,0
TXN_302530,2024-03-27T15:45:00Z,1031.36,UPI,3399,715,3,4,False,False,1,0
TXN_301787,2024-12-29T08:32:00Z,40555.17,NEFT,1603,774,6,7,False,False,1,0
TXN_300135,2024-10-22T19:25:00Z,24119.99,IMPS,970,2924,0,9,False,False,1,0
TXN_301595,2024-02-04T07:20:00Z,1860.1,NEFT,896,430,6,1,True,False,1,0
TXN_301915,2024-05-18T10:53:00Z,12022.09,RTGS,2625,116,7,1,False,False,1,0
TXN_301492,2024-06-06T16:40:00Z,832.88,IMPS,3507,2194,5,2,False,False,0,0
TXN_300949,2024-07-10T09:57:00Z,11737.37,RTGS,1944,993,6,2,False,False,0,0
TXN_302769,2024-10-08T17:36:00Z,2613.98,RTGS,3107,703,2,24,False,False,1,1
TXN_300492,2024-06-05T08:04:00Z,1192.86,IMPS,642,3475,1,1,False,True,1,0
TXN_300939,2024-04-15T19:51:00Z,7127.96,NEFT,3619,798,6,3,False,False,1,0
TXN_300369,2024-06-06T16:01:00Z,14271.85,NEFT,1026,2478,1,6,False,False,0,0
TXN_302213,2024-08-09T21:35:00Z,12573.2,UPI,2910,2085,1,2,False,False,1,0
TXN_301764,2024-06-22T10:13:00Z,3707.25,NEFT,2402,3304,3,7,False,False,1,0
TXN_301656,2024-02-02T17:11:00Z,4516.0,IMPS,3238,3638,4,6,True,True,0,0
TXN_300034,2024-06-24T13:43:00Z,4193.77,UPI,3143,625,2,4,False,False,0,0
TXN_301286,2024-10-29T08:53:00Z,2728.4,RTGS,97,1807,4,8,False,False,1,0
TXN_301899,2024-10-31T07:03:00Z,28475.0,NEFT,638,458,5,6,False,False,1,0
TXN_301358,2024-04-01T10:31:00Z,2297.17,IMPS,2690,1594,5,8,False,False,0,0
TXN_301069,2024-11-02T17:27:00Z,1950.86,IMPS,2460,3022,1,9,False,False,0,0
TXN_301308,2024-08-13T16:47:00Z,7127.82,IMPS,3541,1188,7,5,False,False,0,0
TXN_301102,2024-09-01T06:07:00Z,8860.71,RTGS,1825,329,1,8,False,False,0,0
TXN_301460,2024-09-19T09:27:00Z,5768.6,IMPS,3324,3251,7,6,False,False,0,0
TXN_300287,2024-03-09T06:59:00Z,1326.58,IMPS,485,1840,6,5,False,False,1,0
TXN_300190,2024-06-16T06:43:00Z,2567.37,RTGS,923,1390,6,1,False,False,0,0
TXN_302454,2024-02-22T10:58:00Z,18693.13,NEFT,3241,1790,0,7,False,False,1,0
TXN_301963,2024-07-28T07:51:00Z,8922.71,RTGS,2476,2780,4,7,False,False,1,0
TXN_301341,2024-09-01T16:50:00Z,16111.03,UPI,3338,2006,6,9,False,False,0,0
TXN_300700,2024-03-22T11:53:00Z,7249.76,IMPS,2523,3509,5,1,False,False,1,0
TXN_301576,2024-03-11T21:01:00Z,2780.89,RTGS,38,494,4,9,False,False,1,0
TXN_300948,2024-07-20T16:49:00Z,23546.51,RTGS,1048,369,6,2,False,False,0,0
TXN_300568,2024-07-06T08:03:00Z,2636.42,RTGS,678,1707,7,8,False,False,0,0
TXN_301398,2024-12-07T21:38:00Z,7964.48,RTGS,2861,1116,3,8,False,False,0,0
TXN_301260,2024-06-24T22:25:00Z,467.82,IMPS,1487,1122,7,1,False,False,0,0
TXN_301618,2024-05-18T16:45:00Z,395.45,IMPS,1552,2655,3,4,False,False,0,0
TXN_300219,2024-10-24T14:58:00Z,7836.87,UPI,1046,209,3,4,False,False,0,0
TXN_300189,2024-09-09T19:38:00Z,2817.15,NEFT,3400,994,5,1,False,False,1,0
TXN_301724,2024-06-07T22:15:00Z,1373.53,IMPS,1542,2036,3,8,False,False,0,0
TXN_302782,2024-05-28T21:39:00Z,6765.04,RTGS,935,2886,3,47,False,False,0,1
TXN_300857,2024-03-16T13:41:00Z,6992.47,NEFT,2094,317,2,1,True,True,0,0
TXN_300638,2024-07-06T06:54:00Z,4688.24,UPI,1887,288,0,4,True,False,1,0
TXN_301723,2024-11-18T22:48:00Z,17858.84,IMPS,546,1355,4,8,False,True,1,0
TXN_300206,2024-10-28T13:56:00Z,4414.26,NEFT,3061,2165,3,8,False,False,1,0
TXN_301911,2024-08-05T10:27:00Z,5942.14,UPI,762,2131,7,3,False,False,1,0
TXN_302799,2024-11-28T13:59:00Z,42696.84,NEFT,3,2149,2,3,True,False,1,1
TXN_301426,2024-10-22T11:29:00Z,593.59,IMPS,1499,266,2,7,False,False,1,0
TXN_300768,2024-02-27T16:54:00Z,7660.81,UPI,3385,932,7,1,False,False,1,0
TXN_301611,2024-04-24T14:37:00Z,11791.11,RTGS,490,639,1,1,False,False,0,0
TXN_301322,2024-08-26T21:09:00Z,1000.77,UPI,3514,535,5,1,False,True,0,0
TXN_300357,2024-02-14T13:33:00Z,2419.02,RTGS,300,2344,0,4,False,False,0,0
TXN_301444,2024-02-18T20:13:00Z,3950.76,RTGS,1988,974,7,2,False,False,1,0
TXN_302594,2024-06-05T19:47:00Z,5678.19,RTGS,3114,2763,4,2,False,False,1,0
TXN_300796,2024-01-19T16:21:00Z,1726.6,NEFT,3373,1312,7,6,False,False,1,0
TXN_302497,2024-03-02T18:48:00Z,22802.57,IMPS,383,827,2,2,False,False,1,0
TXN_301282,2024-11-29T17:57:00Z,3492.08,RTGS,3461,548,4,1,False,False,1,0
TXN_302563,2024-11-07T19:53:00Z,5719.17,RTGS,48,261,1,2,False,False,1,0
TXN_300210,2024-05-05T22:20:00Z,12571.74,RTGS,2200,1475,6,8,False,False,0,0
TXN_301438,2024-10-11T13:45:00Z,2283.43,IMPS,1032,1856,3,3,False,True,1,0
TXN_301243,2024-12-16T10:09:00Z,4057.53,IMPS,1057,3506,7,1,False,False,1,0
TXN_301952,2024-08-24T21:25:00Z,25012.01,UPI,254,1580,2,8,False,False,0,0
TXN_301506,2024-05-22T19:57:00Z,4932.85,IMPS,687,81,2,2,False,False,1,0
TXN_302709,2024-07-20T17:06:00Z,2668.21,NEFT,3240,3228,7,4,False,False,1,0
TXN_301845,2024-09-28T14:52:00Z,1646.95,RTGS,3034,297,7,7,False,False,0,0
TXN_302567,2024-12-24T16:40:00Z,2071.92,UPI,1081,1578,1,3,False,False,1,0
TXN_302083,2024-03-20T14:38:00Z,5356.29,NEFT,2468,1086,0,5,False,False,1,0
TXN_301354,2024-03-22T17:24:00Z,445.21,RTGS,762,230,5,8,False,False,0,0
TXN_302173,2024-06-02T16:39:00Z,1666.79,NEFT,2709,810,1,5,False,False,1,0
TXN_300411,2024-04-07T13:57:00Z,1904.3,RTGS,980,622,1,4,False,True,0,0
TXN_300319,2024-05-30T18:49:00Z,18503.12,RTGS,2128,1111,0,9,False,False,0,0
TXN_302735,2024-04-03T16:13:00Z,17100.55,NEFT,1818,2643,7,40,False,False,0,1
TXN_301789,2024-12-23T15:40:00Z,1282.54,UPI,3508,688,6,7,False,False,1,0
TXN_301374,2024-06-12T21:21:00Z,30309.16,IMPS,1745,2371,6,5,False,False,1,0
TXN_301676,2024-11-04T06:14:00Z,2577.17,IMPS,3375,387,4,6,False,False,1,0
TXN_300549,2024-04-23T19:13:00Z,1393.32,IMPS,3504,2522,4,2,False,False,1,0
TXN_301476,2024-08-11T12:46:00Z,18670.2,UPI,713,975,1,3,False,False,1,0
TXN_300277,2024-06-04T13:20:00Z,4624.16,UPI,1359,2472,7,9,False,False,0,0
TXN_302620,2024-12-12T09:14:00Z,6510.32,UPI,922,1031,1,5,False,False,0,0
TXN_302720,2024-08-25T18:52:00Z,6565.83,UPI,2067,2258,5,47,False,False,0,1
TXN_301025,2024-03-08T10:40:00Z,3629.18,RTGS,2289,1188,4,6,False,False,0,0
TXN_300997,2024-11-23T08:19:00Z,6102.53,IMPS,555,790,3,5,True,False,1,0
TXN_302394,2024-06-29T17:28:00Z,19074.87,RTGS,3574,3550,2,1,True,True,1,0
TXN_300455,2024-09-14T20:06:00Z,2737.58,NEFT,398,1313,2,2,False,False,1,0
TXN_302008,2024-07-18T18:32:00Z,600.85,RTGS,1181,1467,2,9,False,False,0,0
TXN_302403,2024-01-04T21:04:00Z,4571.08,NEFT,1721,2107,7,1,False,False,1,0
TXN_300114,2024-02-01T10:52:00Z,2289.74,IMPS,291,3180,2,5,False,True,1,0
TXN_300216,2024-04-08T07:47:00Z,85155.2,NEFT,1588,593,2,1,True,False,0,0
TXN_301333,2024-06-27T10:01:00Z,2798.37,UPI,1314,1649,4,6,False,False,1,0
TXN_301338,2024-02-11T13:42:00Z,4737.13,RTGS,139,1143,6,1,False,False,1,0
TXN_300269,2024-10-01T07:48:00Z,4184.47,NEFT,721,3385,5,9,False,False,1,0
TXN_300383,2024-08-30T21:15:00Z,10243.4,NEFT,2276,2850,1,1,False,False,0,0
TXN_301527,2024-10-04T15:01:00Z,3431.26,RTGS,1041,2028,5,3,False,False,1,0
TXN_302165,2024-04-14T12:09:00Z,10505.03,RTGS,1258,50,3,4,False,False,0,0
TXN_301695,2024-08-12T11:48:00Z,13491.0,NEFT,2801,849,1,8,False,False,0,0
TXN_300456,2024-01-05T09:04:00Z,2697.16,RTGS,996,2379,7,8,False,False,1,0
TXN_301929,2024-12-27T19:12:00Z,12704.68,IMPS,1921,1826,6,1,False,False,1,0
TXN_300333,2024-08-27T06:52:00Z,8862.86,NEFT,2599,177,7,9,False,False,0,0
TXN_300331,2024-06-28T21:47:00Z,4665.18,UPI,1877,162,4,9,False,False,1,0
TXN_302252,2024-02-09T12:44:00Z,3039.92,NEFT,411,1952,2,8,False,False,0,0
TXN_300835,2024-12-09T19:51:00Z,2795.92,NEFT,3240,3610,6,7,False,False,1,0
TXN_300658,2024-12-02T09:43:00Z,102150.96,RTGS,1749,2744,3,9,False,False,0,0
TXN_302531,2024-05-29T09:18:00Z,11434.57,UPI,2184,2708,5,1,False,False,1,0
TXN_301296,2024-08-12T18:32:00Z,2126.12,RTGS,1596,521,2,9,False,False,1,0
TXN_301721,2024-01-04T18:05:00Z,1718.3,NEFT,2492,3318,0,8,False,False,0,0
TXN_300514,2024-09-08T12:42:00Z,1200.03,NEFT,485,2070,4,1,False,False,1,0
TXN_302761,2024-03-08T18:20:00Z,14470.33,IMPS,156,667,0,35,False,False,0,1
TXN_302253,2024-09-25T22:25:00Z,10531.85,NEFT,1537,91,3,4,False,False,1,0
TXN_302553,2024-09-30T17:05:00Z,1676.31,UPI,2920,3306,4,4,False,False,1,0
TXN_301919,2024-06-19T10:35:00Z,4072.25,RTGS,1686,2968,7,9,False,False,1,0
TXN_302191,2024-11-18T15:50:00Z,7286.18,IMPS,1964,3407,7,2,False,False,1,0
TXN_301544,2024-08-22T13:22:00Z,15048.41,NEFT,1657,1751,4,8,False,False,1,0
TXN_300069,2024-02-25T22:16:00Z,949.32,NEFT,3009,3491,0,4,False,False,0,0
TXN_301979,2024-10-16T15:58:00Z,9733.98,IMPS,732,2179,0,8,False,False,1,0
TXN_301258,2024-04-30T17:13:00Z,4515.45,NEFT,3591,2450,1,6,False,False,0,0
TXN_301811,2024-03-29T09:34:00Z,9729.28,NEFT,2031,1677,6,7,False,False,0,0
TXN_302729,2024-05-06T06:59:00Z,12330.26,IMPS,1391,408,38,3,False,True,0,1
TXN_301621,2024-05-09T06:52:00Z,8452.47,NEFT,1684,2243,6,7,False,False,1,0
TXN_300431,2024-10-27T15:21:00Z,2424.47,RTGS,1624,2634,2,8,False,False,0,0
TXN_302074,2024-05-19T22:17:00Z,3587.52,IMPS,858,2087,7,1,False,False,1,0
TXN_301146,2024-09-08T17:55:00Z,10809.13,UPI,1484,844,4,8,False,False,0,0
TXN_302131,2024-05-31T20:07:00Z,5445.69,IMPS,219,3217,6,1,False,False,0,0
TXN_301293,2024-05-01T15:10:00Z,11485.86,NEFT,562,1827,4,8,False,False,1,0
TXN_302549,2024-04-30T14:28:00Z,4857.31,RTGS,399,2619,0,8,False,True,0,0
TXN_302192,2024-02-21T07:39:00Z,10146.81,UPI,2603,2080,7,8,False,False,0,0
TXN_301614,2024-12-12T20:38:00Z,2739.59,UPI,2530,2838,4,2,False,False,0,0
TXN_302398,2024-01-03T14:19:00Z,10490.92,NEFT,1765,3546,7,5,False,False,0,0
TXN_301705,2024-09-30T20:53:00Z,9848.69,IMPS,2498,3244,5,9,False,False,0,0
TXN_300066,2024-09-20T07:07:00Z,6648.69,NEFT,1199,68,0,4,False,False,0,0
TXN_301504,2024-11-15T14:17:00Z,21021.64,NEFT,1959,1061,6,6,False,False,0,0
TXN_300230,2024-05-14T08:11:00Z,7930.99,NEFT,631,416,7,3,False,False,1,0
TXN_300690,2024-09-07T09:17:00Z,28825.69,NEFT,2883,1448,7,8,True,False,0,0
TXN_300820,2024-09-18T10:58:00Z,2775.56,IMPS,2251,1256,5,4,False,False,0,0
TXN_302534,2024-01-06T22:44:00Z,1610.59,RTGS,252,2621,0,7,False,False,1,0
TXN_302352,2024-06-28T08:01:00Z,1227.26,RTGS,3288,1062,6,6,False,True,1,0
TXN_300731,2024-06-27T12:58:00Z,8438.28,RTGS,820,590,6,8,False,False,0,0
TXN_300695,2024-09-07T22:04:00Z,26884.61,RTGS,2973,1012,7,5,False,False,0,0
TXN_301285,2024-11-03T12:55:00Z,2003.55,IMPS,776,2771,4,2,False,False,1,0
TXN_300336,2024-04-08T07:39:00Z,873.55,NEFT,3349,2746,2,3,False,False,1,0
TXN_301635,2024-10-02T21:11:00Z,3350.6,UPI,2844,1380,3,8,False,False,0,0
TXN_302047,2024-09-28T09:58:00Z,6536.21,NEFT,3188,2403,3,1,False,False,1,0
TXN_301323,2024-10-18T10:21:00Z,17174.73,UPI,3506,1514,1,2,False,False,1,0
TXN_300180,2024-07-22T08:16:00Z,789.68,NEFT,676,2469,2,8,False,False,0,0
TXN_301120,2024-08-29T07:36:00Z,5414.13,NEFT,790,1048,1,9,False,False,1,0
TXN_302617,2024-11-21T19:19:00Z,5695.78,UPI,2713,2124,3,8,False,False,0,0
TXN_300464,2024-05-14T16:17:00Z,3299.92,UPI,593,241,1,8,False,False,0,0
TXN_302100,2024-09-22T21:24:00Z,1697.26,UPI,3382,220,6,7,False,False,1,0
TXN_302760,2024-12-12T04:52:00Z,185286.86,NEFT,3186,2053,6,3,False,False,0,1
TXN_302580,2024-02-29T13:03:00Z,2964.59,UPI,2424,365,5,6,False,False,0,0
TXN_301891,2024-03-03T07:27:00Z,2793.78,UPI,3418,1701,1,7,False,True,1,0
TXN_302079,2024-06-18T08:52:00Z,5659.83,RTGS,40,208,3,2,False,False,1,0
TXN_300863,2024-07-06T18:21:00Z,824.48,IMPS,2672,2994,7,9,False,False,1,0
TXN_300761,2024-12-05T11:06:00Z,23659.52,RTGS,3134,3077,2,5,False,False,1,0
TXN_301412,2024-08-27T12:25:00Z,5769.76,RTGS,1760,1008,4,9,False,False,1,0
TXN_301766,2024-01-07T06:27:00Z,29692.57,IMPS,3311,3380,4,4,False,False,0,0
TXN_300642,2024-09-21T07:42:00Z,8295.88,NEFT,2076,2497,5,4,False,False,1,0
TXN_302402,2024-05-29T11:55:00Z,5440.95,UPI,755,2261,4,8,False,False,1,0
TXN_300365,2024-05-27T17:20:00Z,866.82,IMPS,1745,1469,7,2,False,False,0,0
TXN_300919,2024-01-28T14:09:00Z,3333.94,IMPS,356,1558,6,8,False,False,1,0
TXN_302180,2024-07-20T18:11:00Z,1271.79,UPI,3028,2848,0,2,False,False,1,0
TXN_300985,2024-06-17T08:12:00Z,23583.36,RTGS,3445,2962,2,4,False,False,0,0
TXN_301081,2024-07-10T14:49:00Z,8175.23,UPI,2349,3384,7,4,False,False,1,0
TXN_300255,2024-06-04T10:53:00Z,4748.53,RTGS,353,3274,3,6,False,False,1,0
TXN_300844,2024-12-20T22:06:00Z,696.28,IMPS,1093,3276,4,9,False,False,1,0
TXN_301019,2024-11-05T14:18:00Z,12587.19,IMPS,2339,3231,0,1,False,False,0,0
TXN_301613,2024-01-19T07:20:00Z,1464.66,RTGS,1913,1901,1,3,False,False,1,0
TXN_301307,2024-02-29T13:50:00Z,1014.0,IMPS,793,3472,3,6,False,False,0,0
TXN_302059,2024-10-01T10:31:00Z,5463.79,RTGS,1681,2245,0,3,False,False,1,0
TXN_301522,2024-11-26T08:59:00Z,3601.55,IMPS,3090,835,4,2,False,False,1,0
TXN_301421,2024-03-26T15:38:00Z,4841.99,NEFT,1984,2168,1,1,False,False,1,0
TXN_302098,2024-08-01T21:27:00Z,12480.48,RTGS,482,524,7,8,False,False,0,0
TXN_302226,2024-05-22T11:10:00Z,13483.76,NEFT,1121,1024,4,2,False,False,1,0
TXN_300137,2024-04-21T21:41:00Z,1995.91,NEFT,3345,1500,1,9,False,False,0,0
TXN_300795,2024-08-04T14:45:00Z,2590.04,RTGS,2449,2802,4,3,False,False,1,0
TXN_302241,2024-07-31T20:49:00Z,4334.7,UPI,3214,3220,7,5,False,False,1,0
TXN_301042,2024-04-11T17:46:00Z,1000.87,NEFT,2208,3160,4,4,False,False,0,0
TXN_302636,2024-03-24T08:47:00Z,9132.75,RTGS,2162,1779,6,9,False,False,1,0
TXN_301739,2024-05-21T18:20:00Z,2183.6,UPI,799,661,5,1,False,False,1,0
TXN_302162,2024-02-28T12:59:00Z,3539.24,IMPS,2343,1676,1,4,False,False,0,0
TXN_301557,2024-05-11T10:46:00Z,2620.27,RTGS,1232,214,1,1,False,False,1,0
TXN_302280,2024-11-24T09:41:00Z,22505.23,NEFT,975,682,4,8,False,True,0,0
TXN_302569,2024-08-18T22:03:00Z,8387.23,NEFT,3517,1692,3,2,False,False,0,0
TXN_302503,2024-02-19T10:46:00Z,2169.37,NEFT,1722,1824,3,4,True,False,1,0
TXN_302379,2024-07-20T06:24:00Z,4767.59,UPI,184,2117,4,3,False,False,1,0
TXN_300645,2024-11-04T14:15:00Z,10703.9,NEFT,2734,2313,7,2,False,False,1,0
TXN_301038,2024-11-21T09:07:00Z,2865.83,UPI,3559,769,1,3,False,False,1,0
TXN_301973,2024-07-27T13:02:00Z,2110.89,IMPS,1173,1956,3,7,False,False,1,0
TXN_301173,2024-02-02T10:52:00Z,4142.97,NEFT,2541,782,3,4,False,False,0,0
TXN_302609,2024-11-19T06:45:00Z,4906.04,RTGS,2346,3591,1,3,False,False,0,0
TXN_301090,2024-06-20T13:13:00Z,43696.86,UPI,1505,2844,0,2,False,False,0,0
TXN_300662,2024-09-29T14:59:00Z,5219.79,NEFT,2209,3011,7,5,False,False,1,0
TXN_300896,2024-09-04T10:46:00Z,5910.68,IMPS,1488,1955,7,7,False,False,0,0
TXN_301681,2024-03-19T10:11:00Z,5892.51,UPI,1569,2510,2,1,False,False,1,0
TXN_302094,2024-08-08T18:39:00Z,32830.9,IMPS,2493,1955,2,3,False,False,1,0
TXN_301763,2024-02-23T13:50:00Z,3626.15,RTGS,2751,3444,7,4,False,False,1,0
TXN_301420,2024-04-21T20:30:00Z,33905.94,IMPS,470,1537,7,1,False,False,1,0
TXN_302052,2024-10-07T06:57:00Z,7503.41,IMPS,435,2378,1,6,False,False,0,0
TXN_302300,2024-05-03T10:23:00Z,9464.46,IMPS,1429,1210,7,5,False,False,0,0
TXN_302279,2024-11-29T19:38:00Z,4582.49,IMPS,1853,3335,4,7,False,False,0,0
TXN_300897,2024-06-26T20:19:00Z,2134.85,UPI,157,3134,6,3,False,False,0,0
TXN_300142,2024-07-21T12:38:00Z,1277.51,IMPS,419,486,1,2,False,False,0,0
TXN_302466,2024-07-09T17:25:00Z,9329.97,RTGS,3606,2942,6,4,False,False,0,0
TXN_302461,2024-11-30T17:44:00Z,975.4,UPI,563,3228,5,2,True,False,0,0
TXN_301990,2024-10-25T14:31:00Z,1473.79,NEFT,2024,2160,7,8,False,False,1,0
TXN_301508,2024-03-07T20:22:00Z,2825.31,NEFT,1451,2025,4,5,False,True,1,0
TXN_302460,2024-02-06T09:09:00Z,10030.15,IMPS,727,1949,3,9,False,False,1,0
TXN_302499,2024-04-05T20:56:00Z,52270.7,UPI,2367,567,2,9,False,False,1,0
TXN_302588,2024-11-26T11:32:00Z,1856.81,UPI,2098,2087,3,7,False,False,0,0
TXN_301051,2024-08-20T21:18:00Z,1937.09,RTGS,1606,244,7,4,True,False,1,0
TXN_301775,2024-02-26T11:51:00Z,3998.53,RTGS,1003,446,4,2,False,False,1,0
TXN_302286,2024-11-26T17:36:00Z,3024.01,RTGS,154,1539,7,1,True,False,0,0
TXN_301732,2024-11-20T19:05:00Z,688.75,NEFT,2968,2434,2,4,False,True,1,0
TXN_302355,2024-05-10T14:03:00Z,1288.27,NEFT,232,1432,2,1,False,False,0,0
TXN_301777,2024-03-02T08:04:00Z,584.04,NEFT,859,1345,0,4,False,False,0,0
TXN_301059,2024-04-07T15:37:00Z,21482.1,IMPS,206,2609,4,1,False,False,0,0
TXN_300042,2024-10-24T08:20:00Z,11791.81,UPI,3543,119,3,4,False,False,0,0
TXN_302610,2024-09-06T11:08:00Z,4440.95,UPI,2965,245,1,4,False,False,0,0
TXN_301543,2024-08-11T17:55:00Z,116.19,IMPS,327,2180,1,2,False,False,1,0
TXN_300998,2024-07-31T13:17:00Z,841.74,IMPS,335,2319,4,8,False,False,0,0
TXN_300111,2024-08-12T22:30:00Z,6327.64,IMPS,403,1960,0,9,False,False,1,0
TXN_300312,2024-05-17T19:19:00Z,6724.7,RTGS,382,2484,3,8,False,False,1,0
TXN_301930,2024-11-17T08:36:00Z,1008.71,RTGS,3018,2630,5,6,False,False,1,0
TXN_301098,2024-04-02T16:27:00Z,13667.42,IMPS,2417,1062,4,1,False,False,0,0
TXN_302422,2024-09-08T20:54:00Z,16327.93,IMPS,576,2600,5,4,False,False,0,0
TXN_301362,2024-02-11T18:19:00Z,12853.74,IMPS,1037,1801,3,2,False,False,1,0
TXN_300894,2024-12-18T12:46:00Z,576.72,NEFT,878,1134,1,6,True,False,1,0
TXN_302434,2024-02-02T20:39:00Z,4700.23,NEFT,68,2692,7,9,False,False,0,0
TXN_301317,2024-03-30T11:29:00Z,17599.95,NEFT,3065,476,3,9,False,False,0,0
TXN_301699,2024-09-06T08:36:00Z,5791.57,IMPS,932,364,1,5,False,False,1,0
TXN_300532,2024-06-14T14:33:00Z,37457.95,IMPS,923,1204,4,1,False,False,0,0
TXN_300764,2024-03-29T14:35:00Z,21327.42,UPI,1002,60,1,3,False,False,0,0
TXN_300285,2024-07-30T08:37:00Z,3172.97,NEFT,1280,1766,0,5,False,False,1,0
TXN_301228,2024-11-25T22:56:00Z,1088.17,RTGS,1749,2029,3,4,False,False,1,0
TXN_301491,2024-05-18T21:53:00Z,2680.8,UPI,3581,1004,6,6,False,False,1,0
TXN_301237,2024-04-22T08:30:00Z,7401.54,RTGS,2869,2995,2,2,False,False,0,0
TXN_301790,2024-06-09T22:44:00Z,570.34,NEFT,3590,2211,2,6,False,False,0,0
TXN_302641,2024-06-23T14:42:00Z,8775.56,IMPS,3376,3371,7,4,False,False,1,0
TXN_301399,2024-01-16T18:57:00Z,4200.28,RTGS,325,2159,6,2,False,False,1,0
TXN_300965,2024-10-29T17:40:00Z,11948.76,NEFT,1750,2448,3,9,True,False,0,0
TXN_300739,2024-02-14T11:07:00Z,1859.08,UPI,3049,1941,5,6,True,False,1,0
TXN_300356,2024-09-14T06:12:00Z,1111.53,UPI,3054,904,2,6,False,False,0,0
TXN_300646,2024-07-05T08:31:00Z,18475.4,UPI,2855,2351,6,8,False,False,0,0
TXN_300609,2024-05-16T07:47:00Z,16251.38,NEFT,1267,1428,4,1,False,True,1,0
TXN_301127,2024-01-29T08:09:00Z,1470.12,UPI,2402,245,7,7,False,False,1,0
TXN_301869,2024-08-26T06:20:00Z,349.04,RTGS,1955,2634,3,8,False,False,0,0
TXN_301384,2024-11-12T09:04:00Z,13717.91,NEFT,1711,654,3,7,False,False,1,0
TXN_302627,2024-06-08T22:37:00Z,4584.21,UPI,1960,2467,6,9,False,False,1,0
TXN_302034,2024-12-14T19:52:00Z,1048.2,IMPS,1827,3588,4,7,False,False,0,0
TXN_301404,2024-09-05T12:45:00Z,4273.01,IMPS,2259,2401,4,2,False,True,0,0
TXN_301253,2024-04-09T13:25:00Z,5650.43,IMPS,3442,1422,5,4,False,False,0,0
TXN_301762,2024-12-20T10:51:00Z,20275.25,IMPS,2859,2602,6,7,True,False,1,0
TXN_300405,2024-10-28T22:57:00Z,10662.31,IMPS,745,3525,4,1,False,False,0,0
TXN_300599,2024-12-26T17:40:00Z,7206.11,IMPS,1895,591,3,7,False,False,1,0
TXN_300676,2024-05-06T16:18:00Z,3232.33,RTGS,3371,2211,5,3,True,False,0,0
TXN_301607,2024-02-01T06:52:00Z,3025.08,NEFT,997,3288,0,2,False,False,0,0
TXN_301486,2024-04-23T16:08:00Z,346.79,NEFT,2769,1986,1,5,False,True,0,0
TXN_301386,2024-10-26T09:17:00Z,456.77,IMPS,3305,240,2,7,False,False,0,0
TXN_300683,2024-03-21T22:40:00Z,4357.78,RTGS,2661,615,1,7,False,False,0,0
TXN_302442,2024-08-26T16:28:00Z,39372.9,IMPS,2652,3540,0,9,True,False,1,0
TXN_301512,2024-09-01T07:18:00Z,942.25,UPI,576,804,5,7,False,False,0,0
TXN_302741,2024-10-21T06:23:00Z,8047.51,UPI,337,3628,7,56,False,False,1,1
TXN_300925,2024-01-15T18:15:00Z,4933.87,IMPS,269,3319,4,4,False,False,1,0
TXN_302597,2024-05-27T19:43:00Z,2566.54,RTGS,3132,2741,5,3,False,False,0,0
TXN_301203,2024-06-05T08:27:00Z,6134.26,UPI,1008,1790,6,2,False,False,1,0
TXN_301040,2024-07-15T08:28:00Z,11369.97,NEFT,1645,2943,7,8,False,False,1,0
TXN_302689,2024-08-23T09:00:00Z,9213.78,NEFT,2803,287,4,7,True,False,0,0
TXN_301490,2024-08-29T22:42:00Z,2417.04,NEFT,2178,2489,7,7,False,False,1,0
TXN_301473,2024-05-08T06:35:00Z,6044.77,IMPS,266,1350,3,6,False,False,0,0
TXN_300169,2024-06-15T10:07:00Z,1840.54,NEFT,1160,384,4,5,False,False,1,0
TXN_301217,2024-06-02T06:24:00Z,304.93,RTGS,3203,1880,4,5,False,False,0,0
TXN_301346,2024-04-25T20:23:00Z,1843.15,RTGS,1797,3141,1,7,False,False,1,0
TXN_302452,2024-11-05T18:28:00Z,20980.07,RTGS,131,2258,3,5,False,False,1,0
TXN_301849,2024-08-24T08:53:00Z,12205.67,UPI,3525,1958,2,2,False,False,0,0
TXN_301161,2024-07-02T16:30:00Z,1911.52,RTGS,2140,2408,4,4,False,False,0,0
TXN_301651,2024-12-30T18:57:00Z,1996.11,UPI,761,2691,7,2,False,False,1,0
TXN_301955,2024-08-30T06:13:00Z,247.87,RTGS,1934,831,5,2,False,False,1,0
TXN_302320,2024-11-25T17:21:00Z,2717.82,IMPS,1977,959,0,7,False,False,0,0
TXN_301268,2024-06-14T09:22:00Z,38000.66,UPI,1823,3306,2,3,False,False,0,0
TXN_300667,2024-03-06T17:55:00Z,6430.36,NEFT,1511,1774,2,8,False,False,1,0
TXN_301195,2024-07-17T12:06:00Z,12643.28,IMPS,2213,386,2,3,True,False,0,0
TXN_302424,2024-12-13T16:28:00Z,5408.5,NEFT,1340,602,5,2,False,False,1,0
TXN_302101,2024-06-27T10:08:00Z,7413.06,UPI,1998,2221,7,1,False,False,1,0
TXN_302184,2024-01-15T06:19:00Z,5354.79,NEFT,111,3022,6,7,False,False,1,0
TXN_301139,2024-03-31T15:34:00Z,406.58,NEFT,3226,1786,3,6,False,False,0,0
TXN_301319,2024-02-26T13:49:00Z,13802.71,NEFT,2306,1767,6,8,False,False,1,0
TXN_300797,2024-02-09T21:55:00Z,136514.51,NEFT,1552,1687,1,7,False,True,0,0
TXN_300875,2024-10-24T10:07:00Z,53216.88,UPI,3149,2934,6,1,False,False,0,0
TXN_302430,2024-03-12T09:49:00Z,1234.53,IMPS,1280,3251,4,4,False,False,1,0
TXN_301447,2024-12-13T19:20:00Z,27160.57,IMPS,2638,2976,5,5,False,True,1,0
TXN_301757,2024-05-26T08:32:00Z,4714.5,NEFT,1021,118,5,1,False,False,1,0
TXN_302050,2024-06-28T21:26:00Z,3149.05,RTGS,2046,1241,2,9,False,False,1,0
TXN_302259,2024-04-25T18:13:00Z,17531.42,UPI,2942,1313,1,4,False,False,1,0
TXN_300100,2024-01-20T12:41:00Z,2842.04,RTGS,3296,3190,3,3,False,False,1,0
TXN_300128,2024-02-28T16:59:00Z,8159.15,IMPS,3309,1080,7,7,False,False,1,0
TXN_302485,2024-10-05T15:06:00Z,756.43,RTGS,3296,1661,4,2,False,False,0,0
TXN_302759,2024-11-21T13:21:00Z,2994.67,IMPS,2223,1276,2,33,False,False,1,1
TXN_302445,2024-06-02T10:24:00Z,5825.52,IMPS,3342,2020,2,9,False,False,0,0
TXN_300266,2024-02-10T22:37:00Z,7562.29,NEFT,1658,491,4,2,False,False,0,0
TXN_301632,2024-01-07T18:33:00Z,927.29,RTGS,644,813,3,8,False,False,0,0
TXN_301272,2024-01-17T11:20:00Z,8701.13,NEFT,2182,1311,3,7,False,False,0,0
TXN_300163,2024-02-25T19:00:00Z,7616.67,NEFT,1541,3323,4,2,False,False,1,0
TXN_300086,2024-06-21T13:56:00Z,4497.96,IMPS,3091,1287,1,6,False,False,0,0
TXN_301363,2024-07-10T19:17:00Z,7012.98,UPI,1429,3397,7,8,False,False,0,0
TXN_300728,2024-04-11T21:16:00Z,9198.74,NEFT,3531,2026,5,1,False,False,0,0
TXN_302700,2024-05-06T14:07:00Z,529.68,IMPS,1613,784,2,5,False,False,1,0
TXN_302743,2024-06-30T06:33:00Z,2356.3,UPI,3427,520,4,46,False,False,0,1
TXN_302321,2024-05-18T19:24:00Z,5546.78,NEFT,2753,1412,2,6,False,False,0,0
TXN_300126,2024-02-05T14:29:00Z,27117.02,UPI,472,2099,2,6,False,False,0,0
TXN_301117,2024-11-21T13:00:00Z,10145.53,RTGS,1124,3218,1,5,False,False,0,0
TXN_301001,2024-12-13T08:41:00Z,29426.38,NEFT,3023,990,3,4,False,False,1,0
TXN_301826,2024-09-10T10:14:00Z,806.69,NEFT,2785,2932,0,5,False,False,0,0
TXN_300502,2024-11-24T08:02:00Z,3974.82,RTGS,741,253,0,3,False,False,1,0
TXN_301174,2024-06-09T09:44:00Z,291.02,IMPS,1598,547,1,4,True,False,1,0
TXN_301801,2024-07-21T21:58:00Z,7182.86,UPI,2059,238,1,9,False,False,0,0
TXN_300413,2024-11-15T22:34:00Z,6749.18,NEFT,1604,1992,6,2,False,False,1,0
TXN_301984,2024-10-10T20:30:00Z,12170.94,NEFT,2902,547,5,5,False,True,0,0
TXN_300689,2024-05-03T06:30:00Z,1355.87,NEFT,3494,1599,2,7,False,False,0,0
TXN_301633,2024-12-08T06:52:00Z,687.6,IMPS,1655,2870,2,8,False,False,0,0
TXN_300730,2024-09-19T17:06:00Z,15205.4,RTGS,1482,755,4,9,False,False,0,0
TXN_302254,2024-10-11T16:12:00Z,8668.7,IMPS,2634,3043,6,9,False,False,0,0
TXN_300720,2024-10-17T17:05:00Z,3695.58,IMPS,489,3517,6,5,False,False,0,0
TXN_302772,2024-08-31T14:25:00Z,5346.83,UPI,93,3543,4,27,False,False,1,1
TXN_302787,2024-06-20T21:23:00Z,485.39,RTGS,3195,2139,36,8,False,False,1,1
TXN_302025,2024-05-06T09:07:00Z,1952.61,UPI,1541,2604,7,2,False,True,1,0
TXN_302407,2024-09-30T15:44:00Z,4132.67,RTGS,1564,1325,4,3,False,False,0,0
TXN_302051,2024-10-09T21:29:00Z,7199.62,IMPS,2019,3322,0,6,False,True,0,0
TXN_302081,2024-10-14T13:06:00Z,2208.61,RTGS,1004,1497,4,3,False,False,0,0
TXN_300603,2024-03-24T07:14:00Z,11645.41,RTGS,2529,1505,4,7,False,False,1,0
TXN_302093,2024-09-15T20:57:00Z,4459.59,NEFT,3135,3374,6,9,False,False,1,0
TXN_301548,2024-06-03T17:55:00Z,9446.8,UPI,778,1729,0,5,False,False,0,0
TXN_301983,2024-05-30T12:10:00Z,575.28,RTGS,1966,1339,6,7,False,False,0,0
TXN_300054,2024-11-22T07:31:00Z,12091.13,RTGS,1746,2724,7,7,False,False,1,0
TXN_300462,2024-06-03T20:29:00Z,103472.41,RTGS,768,416,4,1,False,True,1,0
TXN_300559,2024-08-03T13:53:00Z,1604.91,NEFT,968,288,1,4,False,False,0,0
TXN_302108,2024-10-16T14:43:00Z,12433.47,IMPS,2620,1107,2,6,False,False,0,0
TXN_300868,2024-03-18T11:07:00Z,652.76,IMPS,2579,2325,3,9,False,False,0,0
TXN_300792,2024-10-28T19:31:00Z,23882.25,UPI,1625,1921,4,7,False,False,1,0
TXN_300401,2024-12-14T20:11:00Z,5814.32,UPI,1060,3096,6,7,False,False,0,0
TXN_301111,2024-08-20T16:54:00Z,2731.71,RTGS,3193,2187,6,1,False,False,1,0
TXN_301568,2024-11-04T12:36:00Z,19556.25,UPI,511,3532,2,5,False,False,1,0
TXN_302560,2024-04-28T07:29:00Z,16241.35,NEFT,1305,1130,1,5,False,True,1,0
TXN_301376,2024-08-18T10:07:00Z,23309.93,IMPS,845,2843,6,5,False,False,1,0
TXN_301301,2024-10-06T15:15:00Z,13099.01,RTGS,457,1043,5,9,False,False,0,0
TXN_301200,2024-10-09T07:30:00Z,6392.9,NEFT,1431,1047,0,6,False,False,1,0
TXN_301185,2024-11-06T06:01:00Z,1950.38,IMPS,833,1714,3,2,False,False,0,0
TXN_301991,2024-08-03T19:34:00Z,169.47,NEFT,2737,1310,7,2,False,False,0,0
TXN_302655,2024-10-31T09:28:00Z,1165.86,NEFT,1443,921,0,9,False,False,0,0
TXN_302730,2024-07-28T18:14:00Z,1341.66,NEFT,3053,2566,6,48,False,False,0,1
TXN_301483,2024-04-30T06:36:00Z,1520.22,IMPS,1734,567,1,9,False,False,1,0
TXN_301943,2024-11-24T18:14:00Z,7921.01,UPI,1206,446,4,1,False,False,0,0
TXN_300758,2024-06-24T17:13:00Z,3237.31,UPI,78,757,0,1,False,False,1,0
TXN_301455,2024-11-26T11:46:00Z,1072.83,RTGS,730,2442,3,2,False,False,0,0
TXN_301588,2024-04-01T12:27:00Z,27081.18,RTGS,1178,1068,0,3,False,False,0,0
TXN_300003,2024-11-25T14:06:00Z,3282.55,IMPS,2058,746,5,5,False,False,0,0
TXN_300060,2024-03-24T16:40:00Z,1749.73,IMPS,103,2995,0,5,False,False,0,0
TXN_300199,2024-05-27T18:06:00Z,5217.5,IMPS,1439,2428,4,6,True,False,1,0
TXN_300828,2024-03-28T17:59:00Z,4453.85,IMPS,3431,1066,3,3,False,True,1,0
TXN_302310,2024-09-16T19:21:00Z,4770.16,IMPS,2240,3618,2,5,False,False,1,0
TXN_300657,2024-11-08T15:41:00Z,9788.58,NEFT,1837,3179,1,7,False,False,0,0
TXN_301397,2024-08-26T14:55:00Z,18512.6,IMPS,2242,846,4,1,False,False,1,0
TXN_302337,2024-04-01T15:34:00Z,842.81,NEFT,3480,2816,1,3,False,False,0,0
TXN_300493,2024-08-09T09:26:00Z,22468.95,UPI,2969,2536,0,9,False,False,0,0
TXN_301082,2024-02-19T07:14:00Z,4807.42,IMPS,2677,458,4,7,False,False,1,0
TXN_301145,2024-01-01T07:45:00Z,13822.73,RTGS,3318,3485,6,2,False,False,1,0
TXN_301889,2024-02-11T19:03:00Z,1573.56,IMPS,2138,2342,2,6,False,False,0,0
TXN_302522,2024-08-16T07:07:00Z,11133.67,RTGS,3442,170,0,6,False,False,1,0
TXN_302458,2024-08-25T22:49:00Z,1053.77,NEFT,364,722,3,2,False,False,1,0
TXN_301448,2024-06-16T20:40:00Z,1328.78,IMPS,2140,1049,1,2,False,False,0,0
TXN_300971,2024-10-09T07:40:00Z,8478.98,UPI,1662,3281,5,5,True,False,0,0
TXN_301451,2024-05-15T17:04:00Z,4252.84,RTGS,3420,3450,4,6,False,False,0,0
TXN_302342,2024-08-31T17:31:00Z,1568.85,NEFT,2573,2727,4,4,True,False,0,0
TXN_302733,2024-03-22T18:35:00Z,4010.77,IMPS,2569,793,6,47,False,False,0,1
TXN_300484,2024-02-03T18:51:00Z,16897.85,NEFT,2017,1175,7,9,False,False,0,0
TXN_300449,2024-10-06T16:28:00Z,12057.41,NEFT,2709,280,7,5,False,False,1,0
TXN_300936,2024-06-02T07:54:00Z,527.37,IMPS,547,3414,5,9,False,False,0,0
TXN_301888,2024-07-04T06:39:00Z,22730.67,UPI,246,3334,5,8,False,True,0,0
TXN_302088,2024-07-20T19:55:00Z,16366.41,UPI,725,2896,4,4,True,False,0,0
TXN_302128,2024-03-24T14:28:00Z,7450.92,IMPS,2441,713,7,3,False,False,1,0
TXN_302555,2024-07-10T06:28:00Z,68615.28,UPI,1874,2326,4,2,False,False,1,0
TXN_300329,2024-04-18T21:20:00Z,78907.04,NEFT,2871,3558,7,5,False,False,0,0
TXN_300741,2024-04-24T18:02:00Z,461.81,IMPS,2635,1182,6,2,False,False,0,0
TXN_301290,2024-07-30T18:16:00Z,890.39,RTGS,2343,1884,5,3,False,False,0,0
TXN_302203,2024-06-30T13:32:00Z,8668.83,UPI,3041,368,5,1,False,False,0,0
TXN_301132,2024-04-23T14:15:00Z,7443.33,UPI,1402,831,4,5,False,True,0,0
TXN_302268,2024-09-03T07:39:00Z,11072.86,NEFT,1422,3606,7,9,False,False,0,0
TXN_300113,2024-01-07T10:52:00Z,34719.59,UPI,3336,1475,3,4,False,False,0,0
TXN_300445,2024-03-30T11:18:00Z,5668.52,UPI,424,1180,5,7,False,False,1,0
TXN_302740,2024-01-29T15:38:00Z,2358.91,RTGS,1049,3032,2,59,False,False,1,1
TXN_300779,2024-08-01T16:16:00Z,1224.18,NEFT,2669,2529,3,6,False,False,0,0
TXN_301623,2024-06-20T21:15:00Z,10211.54,UPI,1512,426,1,1,False,False,0,0
TXN_301923,2024-01-25T14:46:00Z,940.94,RTGS,1037,1107,3,7,False,False,1,0
TXN_301722,2024-01-15T10:40:00Z,2691.77,RTGS,820,3118,5,5,False,False,1,0
TXN_301684,2024-08-07T08:07:00Z,4016.33,RTGS,1701,1592,0,3,False,False,1,0
TXN_300371,2024-06-24T21:33:00Z,1775.3,IMPS,1181,2311,5,7,False,False,1,0
TXN_302125,2024-02-24T08:54:00Z,26814.21,UPI,1990,2087,4,4,True,False,0,0
TXN_302611,2024-08-29T22:45:00Z,17987.01,RTGS,3199,785,6,3,False,False,0,0
TXN_301580,2024-01-20T19:09:00Z,16536.25,IMPS,883,477,0,5,False,False,0,0
TXN_300123,2024-02-27T19:15:00Z,15508.93,RTGS,3109,3062,7,6,False,False,1,0
TXN_302054,2024-06-05T12:47:00Z,1495.02,NEFT,1715,1051,1,1,False,False,0,0
TXN_301773,2024-05-17T07:30:00Z,2514.71,NEFT,3570,973,0,1,True,False,0,0
TXN_301767,2024-02-04T10:18:00Z,1126.59,RTGS,2797,2876,5,1,False,False,0,0
TXN_301834,2024-06-08T13:06:00Z,25540.63,IMPS,906,1566,5,9,False,False,1,0
TXN_301664,2024-01-07T12:14:00Z,602.02,NEFT,2369,1321,2,9,False,False,0,0
TXN_301642,2024-03-06T19:27:00Z,928.47,RTGS,2779,2599,6,3,False,True,1,0
TXN_300681,2024-08-28T13:47:00Z,823.68,RTGS,3486,1926,7,5,True,False,1,0
TXN_302388,2024-10-09T06:07:00Z,662.36,IMPS,591,3042,3,2,False,False,1,0
TXN_301085,2024-02-25T18:58:00Z,10648.37,RTGS,2191,3365,1,8,False,False,0,0
TXN_300805,2024-11-28T16:17:00Z,1841.64,IMPS,1029,3611,3,9,False,False,1,0
TXN_300487,2024-04-10T08:49:00Z,2090.9,NEFT,3183,2617,4,4,False,False,1,0
TXN_301142,2024-05-12T21:36:00Z,7687.01,NEFT,756,3066,5,4,False,False,0,0
TXN_302070,2024-07-18T06:09:00Z,2662.89,UPI,1582,513,2,6,False,True,0,0
TXN_300132,2024-05-05T11:44:00Z,6417.68,UPI,3416,1366,7,1,False,False,1,0
TXN_300350,2024-02-28T21:03:00Z,6508.37,UPI,334,622,7,1,False,False,0,0
TXN_301917,2024-01-26T21:55:00Z,26242.98,NEFT,2594,3073,2,6,False,False,1,0
TXN_301526,2024-11-01T17:11:00Z,10909.17,UPI,3243,1541,0,7,False,False,1,0
TXN_302062,2024-05-30T10:08:00Z,1203.23,IMPS,2743,3225,5,5,False,False,1,0
TXN_300649,2024-12-21T18:46:00Z,4946.09,NEFT,119,160,3,9,False,False,0,0
TXN_300296,2024-05-20T22:56:00Z,1425.42,UPI,636,1197,4,2,False,False,1,0
TXN_300551,2024-10-29T17:14:00Z,1118.29,RTGS,3032,2093,2,4,False,False,1,0
TXN_300505,2024-03-20T13:27:00Z,13224.13,RTGS,3172,2564,3,8,False,False,0,0
TXN_302150,2024-11-26T16:28:00Z,2380.45,RTGS,1104,1859,6,4,False,False,0,0
TXN_300921,2024-07-19T09:00:00Z,2459.65,NEFT,1143,2447,1,1,False,True,0,0
TXN_300016,2024-05-13T16:11:00Z,615.14,UPI,388,2534,3,5,False,False,1,0
TXN_301388,2024-08-20T07:33:00Z,45626.99,UPI,1361,3300,3,4,False,False,0,0
TXN_302099,2024-10-01T14:46:00Z,2570.0,UPI,2423,1681,1,5,False,False,0,0
TXN_300007,2024-01-28T09:13:00Z,17076.1,UPI,995,2940,3,2,False,False,1,0
TXN_301312,2024-04-22T18:55:00Z,4222.35,IMPS,2956,1835,5,4,False,False,1,0
TXN_300651,2024-09-26T15:39:00Z,7146.25,RTGS,2220,3257,6,9,True,False,1,0
TXN_302484,2024-10-02T19:59:00Z,11196.06,IMPS,3081,84,2,1,False,False,0,0
TXN_301033,2024-04-02T14:58:00Z,12434.17,IMPS,2155,579,1,1,False,False,0,0
TXN_301650,2024-09-17T07:23:00Z,4235.55,NEFT,1186,2470,5,2,False,False,1,0
TXN_302148,2024-10-10T12:22:00Z,2041.47,IMPS,687,2060,2,3,False,False,1,0
TXN_302764,2024-11-12T16:31:00Z,3881.74,NEFT,2676,385,1,21,False,False,1,1
TXN_301188,2024-12-26T12:17:00Z,4315.15,IMPS,1019,1883,0,6,False,True,1,0
TXN_302800,2024-08-22T10:19:00Z,9027.81,RTGS,1349,659,1,24,False,False,0,1
TXN_300931,2024-09-12T15:29:00Z,4166.13,UPI,3410,1046,7,5,False,False,1,0
TXN_301937,2024-11-22T07:53:00Z,15020.01,RTGS,525,1657,1,5,False,False,0,0
TXN_301825,2024-04-17T16:02:00Z,1578.05,RTGS,2877,3621,2,7,False,False,0,0
TXN_300597,2024-11-05T13:16:00Z,23515.11,NEFT,549,2904,4,8,False,False,1,0
TXN_300957,2024-09-20T20:22:00Z,29928.94,IMPS,3038,389,2,1,False,False,0,0
TXN_302561,2024-08-20T20:32:00Z,889.41,RTGS,1613,2948,7,5,False,True,0,0
TXN_302212,2024-05-29T19:03:00Z,2558.11,NEFT,3327,2327,7,7,False,False,1,0
TXN_301675,2024-06-26T18:52:00Z,16312.05,RTGS,2121,3616,5,3,False,False,1,0
TXN_300912,2024-06-07T16:18:00Z,1734.67,IMPS,1422,918,4,3,False,False,0,0
TXN_300867,2024-12-15T21:07:00Z,9292.15,RTGS,2157,1611,5,7,True,False,0,0
TXN_301680,2024-06-30T08:07:00Z,14683.9,IMPS,833,2662,2,7,False,False,1,0
TXN_300187,2024-11-18T08:54:00Z,2032.16,IMPS,2942,862,4,4,False,False,0,0
