transaction_id,timestamp,amount,transaction_type,sender_account_age_days,receiver_account_age_days,sender_tx_count_24h,receiver_unique_senders_24h,device_changed,location_changed,failed_login_attempts,is_fraud
TXN_201895,2024-05-08T13:09:00Z,5105.82,IMPS,3086,632,1,6,False,False,0,0
TXN_200553,2024-05-16T20:55:00Z,404.99,UPI,735,3622,7,1,False,False,0,0
TXN_201000,2024-08-17T10:59:00Z,13686.09,UPI,1339,2984,3,9,False,False,1,0
TXN_200288,2024-03-15T14:29:00Z,2529.39,IMPS,613,3197,6,4,False,False,1,0
TXN_201761,2024-11-28T14:31:00Z,15658.0,UPI,839,743,0,7,False,False,1,0
TXN_201751,2024-02-27T07:41:00Z,2207.15,UPI,1806,1244,2,5,False,False,1,0
TXN_201868,2024-12-05T12:49:00Z,4173.02,NEFT,1295,1066,1,6,False,False,0,0
TXN_200404,2024-07-31T20:48:00Z,9423.3,IMPS,312,1701,5,4,False,False,1,0
TXN_201151,2024-08-27T13:46:00Z,250.8,IMPS,1189,2541,6,5,False,False,1,0
TXN_201574,2024-10-28T10:00:00Z,1782.53,IMPS,2739,3408,1,9,False,True,1,0
TXN_201866,2024-10-01T14:43:00Z,1072.06,RTGS,434,378,4,2,False,False,0,0
TXN_200032,2024-11-15T20:20:00Z,4220.48,IMPS,2518,3387,4,9,False,False,1,0
TXN_201535,2024-10-28T06:27:00Z,813.49,IMPS,2709,2798,2,3,False,False,1,0
TXN_201103,2024-09-21T20:45:00Z,529.02,RTGS,460,2299,1,2,False,False,0,0
TXN_200463,2024-09-16T15:26:00Z,759.81,IMPS,781,120,7,2,False,False,0,0
TXN_200124,2024-02-28T10:45:00Z,5879.08,RTGS,3572,557,6,6,False,False,1,0
TXN_202130,2024-10-17T13:16:00Z,8872.35,RTGS,1758,2685,0,7,False,False,1,0
TXN_200532,2024-05-24T17:16:00Z,93745.88,NEFT,3198,1857,5,9,False,False,1,0
TXN_201294,2024-08-04T13:15:00Z,6888.03,IMPS,2622,1673,4,6,False,False,0,0
TXN_200660,2024-06-01T17:58:00Z,727.87,UPI,1957,927,5,5,False,False,0,0
TXN_201397,2024-06-09T21:02:00Z,2312.65,IMPS,1317,1360,4,6,False,False,0,0
TXN_201457,2024-09-12T11:25:00Z,13161.3,IMPS,2960,1480,4,2,False,False,1,0
TXN_201118,2024-12-03T09:20:00Z,1163.48,NEFT,1637,1803,2,1,False,False,1,0
TXN_201720,2024-10-28T16:07:00Z,4428.92,IMPS,724,1185,1,4,False,False,1,0
TXN_201558,2024-11-25T17:05:00Z,2810.77,IMPS,2289,2349,3,1,False,False,1,0
TXN_200836,2024-02-12T22:28:00Z,2769.07,RTGS,1476,1968,1,4,False,False,1,0
TXN_200050,2024-08-12T16:31:00Z,336.48,RTGS,908,427,4,2,False,False,0,0
TXN_201537,2024-04-27T20:45:00Z,2519.1,NEFT,3601,2692,2,6,False,False,0,0
TXN_201490,2024-08-25T21:30:00Z,5073.66,NEFT,1462,1935,6,6,True,True,1,0
TXN_201492,2024-05-25T08:14:00Z,3127.93,NEFT,282,2502,7,1,False,False,1,0
TXN_202158,2024-07-06T11:21:00Z,17451.67,UPI,3,1047,2,2,True,False,0,1
TXN_200684,2024-01-31T15:50:00Z,4317.65,NEFT,1146,179,6,6,False,False,1,0
TXN_200535,2024-07-19T21:45:00Z,9159.95,IMPS,1889,2059,1,6,False,False,1,0
TXN_201907,2024-08-05T11:43:00Z,3653.3,RTGS,1194,3080,1,2,False,True,1,0
TXN_200605,2024-11-06T14:55:00Z,7916.05,RTGS,1801,2854,3,9,False,False,1,0
TXN_200445,2024-09-07T17:04:00Z,9699.24,NEFT,2944,1512,4,1,False,False,1,0
TXN_201794,2024-07-31T18:42:00Z,2675.48,RTGS,1206,237,7,8,False,False,0,0
TXN_201155,2024-07-15T07:36:00Z,6822.15,UPI,707,1696,7,5,False,True,1,0
TXN_201082,2024-04-29T06:43:00Z,1890.44,RTGS,2130,1650,2,1,False,False,0,0
TXN_201877,2024-05-22T19:59:00Z,18438.21,RTGS,2342,1482,4,9,False,False,0,0
TXN_200912,2024-04-29T18:42:00Z,4641.14,IMPS,2664,288,6,5,False,False,1,0
TXN_200073,2024-05-13T15:50:00Z,110.24,NEFT,1199,1763,6,5,False,False,1,0
TXN_200908,2024-02-19T21:13:00Z,102410.09,RTGS,2931,284,7,9,False,False,1,0
TXN_201373,2024-08-20T10:47:00Z,391.47,NEFT,1325,1523,4,3,False,False,1,0
TXN_200283,2024-05-16T06:22:00Z,1565.25,RTGS,3105,2042,5,7,False,False,0,0
TXN_200318,2024-05-19T15:14:00Z,2210.44,UPI,1810,3255,7,4,False,False,1,0
TXN_200611,2024-04-22T12:09:00Z,161.29,IMPS,1686,1630,6,6,False,False,1,0
TXN_201510,2024-03-12T19:53:00Z,4104.12,IMPS,1855,3233,4,5,False,False,0,0
TXN_200062,2024-04-21T07:01:00Z,8044.62,RTGS,3349,632,4,3,False,False,0,0
TXN_201637,2024-06-09T18:20:00Z,10959.0,UPI,2374,30,6,9,True,False,1,0
TXN_201607,2024-08-15T19:34:00Z,2560.82,UPI,924,2210,2,1,False,False,1,0
TXN_201772,2024-03-07T17:08:00Z,2996.26,IMPS,1788,1930,4,3,False,False,1,0
TXN_200271,2024-03-12T17:05:00Z,1706.57,UPI,1538,612,6,1,False,False,0,0
TXN_201989,2024-10-23T17:03:00Z,9656.3,NEFT,3360,74,3,8,False,False,1,0
TXN_200795,2024-01-06T09:14:00Z,5116.15,NEFT,135,2932,2,9,False,False,1,0
TXN_200150,2024-07-08T10:21:00Z,372.27,UPI,3521,2612,0,8,True,False,0,0
TXN_200264,2024-09-28T12:37:00Z,2034.54,UPI,2039,2708,5,2,False,False,1,0
TXN_200052,2024-11-27T17:16:00Z,3530.04,UPI,1166,1165,4,8,False,False,0,0
TXN_200633,2024-10-23T10:27:00Z,13614.04,RTGS,1556,2404,4,6,False,False,0,0
TXN_200382,2024-01-01T10:36:00Z,9652.91,UPI,1776,3342,4,4,False,False,1,0
TXN_201546,2024-04-02T08:34:00Z,1909.78,IMPS,3433,1607,2,6,False,False,1,0
TXN_201007,2024-06-26T10:21:00Z,496.74,NEFT,1401,2074,0,1,False,False,1,0
TXN_201331,2024-01-12T15:08:00Z,6759.42,UPI,2240,634,2,5,False,False,0,0
TXN_200935,2024-10-12T14:20:00Z,1297.04,NEFT,307,3340,1,8,False,False,1,0
TXN_200775,2024-03-12T22:51:00Z,20321.28,RTGS,3423,1157,2,1,False,False,1,0
TXN_202122,2024-04-06T13:57:00Z,5589.99,IMPS,1785,2551,3,7,False,False,0,0
TXN_201524,2024-10-21T21:54:00Z,1636.39,UPI,3190,1649,4,9,False,False,0,0
TXN_201719,2024-07-26T22:19:00Z,9018.96,UPI,780,2873,5,9,False,False,0,0
TXN_202040,2024-03-09T10:46:00Z,11944.77,RTGS,3304,3119,0,7,False,False,0,0
TXN_200791,2024-04-17T16:00:00Z,1620.96,RTGS,1900,1406,1,3,True,False,1,0
TXN_201813,2024-11-12T22:18:00Z,698.67,UPI,3109,331,2,4,False,False,0,0
TXN_201842,2024-04-15T19:21:00Z,12432.06,IMPS,3276,2931,6,7,False,True,1,0
TXN_201279,2024-09-19T08:29:00Z,26467.21,NEFT,2310,1083,6,1,False,False,1,0
TXN_201043,2024-03-15T18:53:00Z,10629.81,UPI,429,1658,0,8,True,False,1,0
TXN_200222,2024-12-19T19:04:00Z,16774.63,RTGS,2890,3417,0,3,False,False,0,0
TXN_201982,2024-05-25T16:16:00Z,2214.6,RTGS,2720,618,7,5,False,False,1,0
TXN_201417,2024-10-06T17:29:00Z,4183.27,IMPS,2607,404,7,1,False,True,1,0
TXN_201326,2024-11-21T22:55:00Z,1659.13,UPI,1054,3400,2,7,False,False,1,0
TXN_201615,2024-03-18T12:57:00Z,2555.04,UPI,2283,748,5,1,False,False,1,0
TXN_201604,2024-03-09T21:29:00Z,20723.25,RTGS,1953,601,0,3,False,True,0,0
TXN_200438,2024-05-01T13:31:00Z,12946.3,NEFT,623,3109,2,5,False,False,1,0
TXN_201573,2024-06-24T11:33:00Z,13513.38,IMPS,2220,3428,2,2,False,False,0,0
TXN_201041,2024-06-10T07:20:00Z,447.11,IMPS,781,3407,5,2,False,False,0,0
TXN_201556,2024-05-02T15:12:00Z,1026.07,RTGS,989,966,6,6,True,False,0,0
TXN_200291,2024-10-01T19:39:00Z,4745.46,NEFT,2461,3626,6,3,False,False,0,0
TXN_201420,2024-01-09T19:30:00Z,19184.87,RTGS,1716,565,3,1,False,False,1,0
TXN_200520,2024-11-19T14:10:00Z,4288.79,RTGS,1706,1547,4,4,False,False,1,0
TXN_201721,2024-03-19T17:34:00Z,55499.51,NEFT,683,895,3,8,False,False,1,0
TXN_201991,2024-01-14T21:49:00Z,5979.7,RTGS,3541,1650,5,1,False,False,1,0
TXN_201950,2024-09-29T20:34:00Z,9465.77,UPI,1457,760,1,3,False,False,0,0
TXN_201298,2024-09-01T16:46:00Z,1209.01,RTGS,2638,3058,0,8,False,False,1,0
TXN_201028,2024-08-19T06:11:00Z,17943.61,RTGS,1974,1953,3,2,False,False,0,0
TXN_201797,2024-11-19T14:14:00Z,3209.66,RTGS,3190,277,5,6,False,False,1,0
TXN_200677,2024-02-29T17:11:00Z,2438.92,IMPS,3216,563,7,2,False,False,1,0
TXN_201778,2024-10-04T08:48:00Z,4585.79,UPI,2232,2202,2,4,False,False,0,0
TXN_202181,2024-01-16T15:08:00Z,7499.42,UPI,2662,3206,3,28,False,False,1,1
TXN_201182,2024-06-14T11:15:00Z,3789.14,UPI,3317,3172,2,9,False,False,0,0
TXN_201616,2024-03-06T19:27:00Z,21389.14,IMPS,2384,2831,5,1,False,False,1,0
TXN_201021,2024-10-04T14:56:00Z,4082.63,RTGS,1304,2179,0,2,False,False,1,0
TXN_200461,2024-04-09T19:09:00Z,4724.21,IMPS,1844,510,3,4,False,False,1,0
TXN_201386,2024-01-11T21:35:00Z,2758.13,NEFT,566,3356,3,8,False,False,0,0
TXN_200969,2024-12-11T20:38:00Z,3164.05,IMPS,152,30,7,8,False,False,0,0
TXN_201795,2024-09-14T11:21:00Z,3971.0,NEFT,2681,833,0,6,False,False,0,0
TXN_202079,2024-08-03T22:38:00Z,25837.57,NEFT,1536,229,3,5,False,True,0,0
TXN_200491,2024-10-15T14:44:00Z,10302.24,UPI,375,2028,7,8,False,False,0,0
TXN_200197,2024-10-11T06:53:00Z,8656.89,RTGS,2558,947,1,5,False,False,0,0
TXN_201038,2024-03-26T07:03:00Z,4101.87,UPI,2214,1853,1,7,False,False,1,0
TXN_202196,2024-10-01T12:26:00Z,536.98,NEFT,1013,1124,2,46,False,True,1,1
TXN_200767,2024-12-17T09:03:00Z,4420.66,RTGS,850,2665,2,2,False,False,1,0
TXN_200858,2024-02-19T08:48:00Z,1082.28,UPI,3260,984,5,5,False,False,0,0
TXN_200570,2024-08-02T06:01:00Z,606.49,IMPS,1555,2567,6,4,False,False,0,0
TXN_201854,2024-10-02T15:26:00Z,2989.17,RTGS,1706,3074,6,6,False,True,1,0
TXN_200110,2024-02-06T11:14:00Z,1583.3,RTGS,1482,1051,4,2,False,True,1,0
TXN_200067,2024-09-16T12:17:00Z,738.82,NEFT,2780,1733,3,1,False,False,1,0
TXN_201748,2024-12-23T16:48:00Z,24915.22,RTGS,1546,1795,3,4,False,False,0,0
TXN_200552,2024-09-09T18:35:00Z,2651.58,UPI,2694,2837,6,4,False,False,1,0
TXN_201566,2024-08-23T18:25:00Z,808.85,UPI,973,1003,2,7,False,False,0,0
TXN_201606,2024-01-12T09:59:00Z,9365.26,RTGS,3418,2780,0,5,False,False,1,0
TXN_200887,2024-11-13T13:22:00Z,12319.66,RTGS,2215,2894,5,3,False,False,0,0
TXN_201873,2024-11-30T11:17:00Z,2027.3,IMPS,3298,2083,2,4,False,False,1,0
TXN_200958,2024-12-05T12:55:00Z,5321.45,IMPS,2320,1735,2,8,False,False,1,0
TXN_201174,2024-10-11T22:07:00Z,3639.23,RTGS,902,2515,4,5,False,False,0,0
TXN_201682,2024-03-12T15:43:00Z,4862.85,IMPS,631,3554,0,5,False,False,0,0
TXN_202020,2024-11-27T14:31:00Z,1081.23,UPI,1811,3177,4,3,False,False,1,0
TXN_200277,2024-11-28T10:19:00Z,9591.57,IMPS,3348,2119,7,4,False,False,1,0
TXN_201509,2024-05-03T22:39:00Z,1534.27,NEFT,994,3242,6,2,False,False,0,0
TXN_201147,2024-11-12T20:02:00Z,942.54,RTGS,447,322,0,7,False,False,1,0
TXN_201360,2024-04-03T10:00:00Z,30305.68,NEFT,646,2861,2,3,False,False,1,0
TXN_200428,2024-11-09T20:54:00Z,285.59,IMPS,1492,682,7,9,False,False,1,0
TXN_201413,2024-02-24T06:52:00Z,9551.32,IMPS,2540,671,2,1,False,False,0,0
TXN_201372,2024-12-01T11:39:00Z,5034.73,UPI,2511,3404,5,5,False,False,1,0
TXN_201733,2024-08-06T06:40:00Z,9090.34,UPI,2712,1143,3,9,False,False,0,0
TXN_200182,2024-09-01T15:21:00Z,3540.03,IMPS,2369,1707,7,1,False,True,1,0
TXN_201473,2024-09-22T14:37:00Z,7912.7,UPI,2481,1965,4,8,False,False,1,0
TXN_201781,2024-08-17T06:54:00Z,7140.42,IMPS,3601,1667,2,9,False,False,1,0
TXN_201964,2024-12-01T21:10:00Z,19824.71,NEFT,1918,207,6,3,False,False,0,0
TXN_200107,2024-06-11T11:02:00Z,8657.9,RTGS,1104,1525,0,9,False,False,0,0
TXN_201387,2024-07-22T15:28:00Z,11258.39,IMPS,2157,566,0,9,False,False,0,0
TXN_201095,2024-07-17T22:55:00Z,17562.26,NEFT,81,3228,3,5,False,False,0,0
TXN_200313,2024-12-20T09:29:00Z,2929.49,NEFT,3607,1499,4,3,False,False,0,0
TXN_201342,2024-09-03T06:26:00Z,30362.15,RTGS,862,511,3,8,False,True,0,0
TXN_201053,2024-12-14T06:19:00Z,15992.02,RTGS,2861,2910,2,6,False,False,0,0
TXN_201560,2024-08-09T19:31:00Z,10569.56,RTGS,1122,3643,3,1,False,False,1,0
TXN_202042,2024-08-05T08:21:00Z,9663.29,UPI,1318,3271,1,2,False,False,1,0
TXN_200572,2024-05-01T10:10:00Z,703.06,IMPS,2742,1715,4,8,False,False,0,0
TXN_201037,2024-04-25T11:55:00Z,7646.04,IMPS,259,3557,2,7,False,False,1,0
TXN_201428,2024-01-17T21:48:00Z,1202.49,RTGS,837,986,1,7,False,False,0,0
TXN_200739,2024-05-29T20:38:00Z,10477.35,IMPS,2141,2866,0,1,False,False,1,0
TXN_201608,2024-11-28T20:07:00Z,10146.36,NEFT,3253,639,1,8,False,False,1,0
TXN_200223,2024-05-15T08:28:00Z,3327.95,UPI,917,888,0,4,False,True,1,0
TXN_201742,2024-06-07T17:35:00Z,10847.6,RTGS,641,3488,0,1,False,False,1,0
TXN_200548,2024-10-17T11:10:00Z,3301.79,UPI,2131,2859,4,2,False,False,1,0
TXN_201878,2024-10-30T09:58:00Z,2596.78,RTGS,462,2050,2,2,False,False,1,0
TXN_200198,2024-10-06T06:34:00Z,2990.07,IMPS,1107,2952,4,7,True,False,1,0
TXN_201201,2024-03-23T19:09:00Z,32041.49,IMPS,557,1227,2,3,False,True,0,0
TXN_200961,2024-02-26T08:56:00Z,6500.63,IMPS,677,810,1,2,False,False,0,0
TXN_201481,2024-11-14T20:33:00Z,5856.91,IMPS,2660,581,6,6,False,False,0,0
TXN_200965,2024-03-07T16:31:00Z,830.59,IMPS,2152,1278,1,8,False,False,1,0
TXN_200954,2024-03-24T06:54:00Z,6614.71,RTGS,514,2148,5,1,False,False,1,0
TXN_200571,2024-05-08T22:02:00Z,27459.14,RTGS,2476,1893,5,1,False,False,1,0
TXN_201216,2024-07-13T08:14:00Z,8768.14,RTGS,1518,539,1,6,False,False,1,0
TXN_200568,2024-08-14T20:45:00Z,7320.72,RTGS,1570,3303,5,3,False,False,0,0
TXN_201440,2024-10-11T09:19:00Z,20322.89,UPI,1594,2222,0,6,False,True,1,0
TXN_200493,2024-05-26T16:40:00Z,4068.26,UPI,743,2671,2,2,False,False,0,0
TXN_201003,2024-01-15T17:57:00Z,98912.24,NEFT,968,3198,1,1,True,False,1,0
TXN_200108,2024-06-21T14:08:00Z,4865.66,RTGS,505,2310,7,7,False,False,1,0
TXN_200849,2024-10-17T12:56:00Z,877.06,IMPS,3084,1657,1,4,False,False,0,0
TXN_200495,2024-01-19T06:11:00Z,5532.6,IMPS,522,422,6,4,False,False,1,0
TXN_201885,2024-05-29T20:52:00Z,1245.08,IMPS,1327,3320,7,1,False,False,1,0
TXN_202096,2024-02-15T13:09:00Z,14224.43,IMPS,426,1315,0,8,False,False,0,0
TXN_201235,2024-04-13T09:16:00Z,5737.38,RTGS,724,2959,3,6,False,False,1,0
TXN_200628,2024-12-01T11:44:00Z,2765.24,NEFT,1935,3312,0,8,False,False,0,0
TXN_200680,2024-12-24T07:01:00Z,8075.21,IMPS,3156,1865,7,8,True,False,1,0
TXN_200462,2024-12-16T18:13:00Z,4672.95,RTGS,733,943,7,6,False,False,0,0
TXN_201442,2024-05-07T21:39:00Z,6769.09,NEFT,1507,1013,4,6,False,False,1,0
TXN_200713,2024-05-10T19:13:00Z,8412.28,NEFT,2335,448,1,1,False,False,0,0
TXN_200600,2024-08-26T19:03:00Z,3216.95,NEFT,2423,936,6,6,False,False,0,0
TXN_202165,2024-05-02T03:21:00Z,158291.0,NEFT,2529,2814,5,5,False,False,0,1
TXN_200209,2024-02-19T09:42:00Z,9767.26,IMPS,860,1482,6,3,False,False,1,0
TXN_201505,2024-02-28T18:05:00Z,17121.26,RTGS,830,3421,5,1,False,False,0,0
TXN_200686,2024-11-10T11:51:00Z,171.87,NEFT,1757,156,5,2,False,False,0,0
TXN_201931,2024-06-13T11:27:00Z,6649.82,RTGS,1502,2358,5,1,False,False,1,0
TXN_201618,2024-10-11T16:11:00Z,6095.51,NEFT,2961,3485,3,6,True,False,1,0
TXN_200582,2024-04-25T13:46:00Z,27538.36,NEFT,2888,3225,0,2,False,False,0,0
TXN_200563,2024-02-29T07:40:00Z,1728.97,IMPS,3145,2392,4,2,False,False,1,0
TXN_201920,2024-05-11T10:39:00Z,4727.3,IMPS,1393,1036,5,2,False,False,1,0
TXN_202009,2024-12-21T13:29:00Z,2636.96,UPI,1081,1730,0,5,False,False,0,0
TXN_201066,2024-04-02T13:33:00Z,2705.5,NEFT,913,2397,0,3,False,False,0,0
TXN_202153,2024-10-14T04:03:00Z,127992.96,UPI,248,2297,5,2,False,False,1,1
TXN_200278,2024-02-12T06:12:00Z,4806.38,NEFT,1273,1692,5,2,False,False,0,0
TXN_200955,2024-08-10T21:56:00Z,29584.6,NEFT,637,2975,0,7,False,False,0,0
TXN_202135,2024-09-18T06:08:00Z,7658.93,NEFT,2401,685,1,54,False,False,1,1
TXN_201385,2024-04-15T08:37:00Z,5532.15,RTGS,2502,1672,0,5,False,False,1,0
TXN_201470,2024-03-30T07:49:00Z,4974.92,IMPS,1540,482,3,8,False,False,1,0
TXN_200351,2024-02-04T22:24:00Z,3778.66,IMPS,387,3322,6,7,False,False,1,0
TXN_201365,2024-01-10T08:43:00Z,1323.01,NEFT,833,2969,5,1,False,False,1,0
TXN_202087,2024-01-19T10:00:00Z,2153.73,NEFT,574,1600,4,4,False,False,0,0
TXN_200666,2024-07-23T10:02:00Z,6608.43,RTGS,2178,2461,6,5,False,False,1,0
TXN_202027,2024-11-06T13:53:00Z,3541.69,NEFT,1281,1144,0,6,True,False,0,0
TXN_201911,2024-01-13T11:01:00Z,18445.0,RTGS,747,1441,0,5,False,True,1,0
TXN_201677,2024-09-07T10:18:00Z,1205.89,NEFT,727,2329,5,1,False,False,1,0
TXN_201111,2024-05-17T19:38:00Z,3876.1,UPI,580,460,4,6,False,False,1,0
TXN_200284,2024-05-11T11:11:00Z,2192.73,NEFT,705,2510,0,6,False,True,0,0
TXN_201819,2024-02-02T19:46:00Z,2049.49,RTGS,630,1707,3,1,False,False,1,0
TXN_201164,2024-05-26T10:51:00Z,1785.89,UPI,1318,2648,4,6,False,False,0,0
TXN_200692,2024-08-04T16:43:00Z,10338.89,RTGS,2922,961,5,8,False,False,1,0
TXN_200694,2024-09-30T18:02:00Z,339.26,NEFT,2790,214,5,8,False,False,1,0
TXN_201914,2024-04-17T21:37:00Z,9692.04,NEFT,1996,2987,7,1,False,True,1,0
TXN_201099,2024-01-20T19:06:00Z,2373.29,NEFT,1836,2690,1,6,False,False,0,0
TXN_201694,2024-09-18T11:28:00Z,8692.68,RTGS,2901,1829,1,9,False,False,1,0
TXN_200118,2024-12-11T19:23:00Z,20773.32,IMPS,2263,449,5,4,False,False,0,0
TXN_201947,2024-01-26T22:31:00Z,6369.95,IMPS,1921,3516,5,9,False,False,0,0
TXN_201475,2024-12-16T07:47:00Z,1295.56,IMPS,1348,1667,5,6,False,False,0,0
TXN_200203,2024-05-29T22:13:00Z,2149.04,NEFT,36,2252,1,7,False,False,0,0
TXN_201367,2024-08-24T16:58:00Z,3556.41,UPI,1960,1020,4,4,False,False,0,0
TXN_200812,2024-09-14T15:58:00Z,2257.83,UPI,3426,1468,5,3,False,False,1,0
TXN_201339,2024-06-06T12:27:00Z,1129.99,RTGS,2759,1654,0,5,False,False,0,0
TXN_200262,2024-06-13T08:59:00Z,5558.45,RTGS,1682,3445,0,8,False,False,1,0
TXN_200945,2024-07-16T18:56:00Z,11960.37,RTGS,1993,2963,7,5,False,False,1,0
TXN_201942,2024-11-12T06:27:00Z,1434.98,RTGS,3091,3306,5,1,False,False,0,0
TXN_202151,2024-02-05T08:34:00Z,10922.53,IMPS,3637,2360,37,9,False,False,0,1
TXN_201856,2024-01-19T16:31:00Z,10548.06,RTGS,3468,1913,1,6,False,False,0,0
TXN_201435,2024-01-06T14:41:00Z,1981.86,UPI,3595,3096,5,6,False,False,1,0
TXN_200797,2024-01-15T12:27:00Z,2986.97,IMPS,2319,2893,6,9,False,False,0,0
TXN_201894,2024-09-06T20:22:00Z,12117.35,NEFT,2872,2556,5,6,False,False,1,0
TXN_200075,2024-03-05T06:32:00Z,201.18,NEFT,1500,1647,6,9,False,False,1,0
TXN_200303,2024-03-14T16:10:00Z,5306.4,UPI,2579,3354,3,8,False,False,1,0
TXN_200721,2024-09-22T09:32:00Z,6214.64,RTGS,219,2444,0,4,False,False,0,0
TXN_201731,2024-04-16T17:01:00Z,18010.48,IMPS,3121,3301,3,3,False,False,0,0
TXN_201445,2024-09-06T22:42:00Z,1569.11,NEFT,1277,2695,5,5,False,False,0,0
TXN_200012,2024-08-06T14:48:00Z,9418.16,RTGS,1018,2950,2,6,False,False,0,0
TXN_201965,2024-02-29T18:24:00Z,4438.55,IMPS,3246,581,2,1,False,False,0,0
TXN_201404,2024-09-24T19:10:00Z,25188.82,IMPS,633,355,7,2,False,False,0,0
TXN_202012,2024-01-13T19:21:00Z,906.25,RTGS,2153,2055,4,3,False,False,0,0
TXN_202061,2024-11-03T22:38:00Z,25985.5,RTGS,1016,2532,4,3,False,False,1,0
TXN_200190,2024-10-30T21:56:00Z,4245.95,IMPS,2954,1211,1,3,False,False,1,0
TXN_201123,2024-01-16T14:13:00Z,7969.11,UPI,2859,1222,6,5,False,False,0,0
TXN_201076,2024-01-13T19:53:00Z,5060.37,IMPS,1598,75,1,4,False,False,0,0
TXN_201539,2024-01-10T06:10:00Z,1635.31,IMPS,2690,154,0,4,False,False,0,0
TXN_201864,2024-03-20T10:40:00Z,3452.67,RTGS,1970,2641,0,4,True,False,1,0
TXN_201197,2024-01-04T07:57:00Z,15450.52,IMPS,171,896,5,8,False,False,1,0
TXN_200236,2024-03-28T19:23:00Z,11058.11,RTGS,915,2347,1,6,False,False,1,0
TXN_202084,2024-07-31T20:56:00Z,64321.8,UPI,1054,1305,6,5,False,False,1,0
TXN_202050,2024-02-09T06:53:00Z,4792.4,UPI,3611,2970,2,4,False,False,1,0
TXN_200639,2024-02-13T12:16:00Z,3439.84,NEFT,1339,2509,4,6,False,False,1,0
TXN_201992,2024-05-28T09:01:00Z,963.96,NEFT,3271,3089,5,6,False,False,0,0
TXN_200516,2024-12-03T09:36:00Z,4762.01,IMPS,1179,1653,1,5,False,False,1,0
TXN_201042,2024-04-29T15:47:00Z,823.16,IMPS,3364,1543,7,1,True,False,0,0
TXN_200191,2024-06-20T10:23:00Z,13401.55,UPI,832,1459,5,9,False,False,1,0
TXN_200616,2024-04-19T18:47:00Z,13454.33,IMPS,3105,829,5,1,True,False,1,0
TXN_200183,2024-05-05T16:49:00Z,5786.53,UPI,2693,175,5,4,False,False,0,0
TXN_201693,2024-12-24T20:33:00Z,46471.68,NEFT,2872,2054,4,9,False,False,1,0
TXN_201254,2024-03-31T12:58:00Z,131883.18,UPI,397,1113,6,6,False,False,0,0
TXN_201032,2024-08-28T06:30:00Z,18711.75,RTGS,2451,3233,5,9,False,True,1,0
TXN_201337,2024-06-09T17:53:00Z,3606.69,NEFT,2724,722,5,7,True,False,1,0
TXN_200366,2024-11-06T18:26:00Z,46298.05,NEFT,987,3058,6,9,False,False,0,0
TXN_201902,2024-09-28T19:57:00Z,49221.83,RTGS,2826,1698,6,7,False,True,1,0
TXN_202052,2024-09-03T09:40:00Z,2430.11,UPI,858,1505,4,7,False,False,0,0
TXN_201586,2024-01-28T07:53:00Z,3962.41,UPI,1120,2017,0,5,False,False,0,0
TXN_200746,2024-03-19T18:54:00Z,3630.25,NEFT,2038,806,5,8,False,False,0,0
TXN_201858,2024-03-05T14:14:00Z,4429.71,NEFT,1056,2790,6,1,False,False,1,0
TXN_201841,2024-05-18T10:06:00Z,18996.37,NEFT,3513,1359,1,4,False,False,1,0
TXN_201444,2024-05-01T12:24:00Z,7101.77,NEFT,1891,3239,4,4,False,False,1,0
TXN_201200,2024-04-21T07:45:00Z,6578.71,UPI,1681,556,6,8,False,False,1,0
TXN_201242,2024-07-29T18:40:00Z,2481.24,RTGS,1357,173,6,5,False,False,0,0
TXN_201052,2024-07-02T13:44:00Z,10987.12,UPI,3429,2067,6,6,False,False,0,0
TXN_201486,2024-07-07T06:55:00Z,1962.86,UPI,1381,3383,6,9,False,False,0,0
TXN_201263,2024-12-28T13:43:00Z,3231.07,NEFT,3295,430,5,5,False,True,0,0
TXN_200603,2024-10-17T19:16:00Z,5429.8,UPI,2957,1250,7,8,False,False,1,0
TXN_200933,2024-03-29T07:17:00Z,5666.89,IMPS,2568,512,2,6,False,False,0,0
TXN_201980,2024-09-29T10:28:00Z,4252.37,IMPS,2122,408,3,7,False,False,1,0
TXN_200036,2024-12-13T17:40:00Z,13889.74,IMPS,2457,2817,4,3,False,False,1,0
TXN_200760,2024-11-08T12:02:00Z,1422.89,IMPS,2744,1042,4,3,False,True,1,0
TXN_200394,2024-11-11T20:35:00Z,5028.38,RTGS,2053,319,2,8,False,False,1,0
TXN_201872,2024-11-12T08:49:00Z,23633.56,UPI,3139,46,0,6,False,False,1,0
TXN_200045,2024-04-14T14:17:00Z,8094.27,IMPS,1119,2142,6,2,False,False,1,0
TXN_201600,2024-10-07T15:17:00Z,4666.89,IMPS,2854,1341,5,9,False,False,1,0
TXN_200550,2024-03-11T17:47:00Z,8798.32,IMPS,622,1238,1,1,False,False,1,0
TXN_200328,2024-08-09T15:55:00Z,4097.69,RTGS,2938,3067,1,2,False,False,0,0
TXN_201632,2024-07-19T22:02:00Z,1410.2,NEFT,183,3057,5,8,False,False,0,0
TXN_201124,2024-02-11T22:52:00Z,5484.55,IMPS,2210,1115,1,4,False,False,1,0
TXN_202144,2024-01-13T22:58:00Z,1540.79,IMPS,491,3179,7,31,False,True,1,1
TXN_201285,2024-03-06T17:30:00Z,8020.61,RTGS,3307,1055,6,9,False,False,1,0
TXN_200177,2024-11-29T22:06:00Z,6402.34,RTGS,1712,2909,4,1,False,False,1,0
TXN_200387,2024-04-12T13:23:00Z,1272.2,IMPS,2595,3532,4,2,False,True,1,0
TXN_201886,2024-05-04T19:21:00Z,1526.36,RTGS,2913,1495,3,4,False,False,0,0
TXN_201035,2024-01-17T13:14:00Z,16235.32,IMPS,1179,1137,7,2,False,False,0,0
TXN_200948,2024-06-01T18:22:00Z,35049.83,IMPS,2980,1068,6,4,False,False,1,0
TXN_201624,2024-07-28T19:53:00Z,6000.82,IMPS,1006,1113,7,7,False,False,0,0
TXN_201050,2024-01-04T09:54:00Z,65048.2,RTGS,1657,104,5,6,False,False,0,0
TXN_200371,2024-10-15T13:33:00Z,2324.94,IMPS,1529,1462,5,1,False,False,0,0
TXN_200482,2024-10-08T12:56:00Z,2575.17,IMPS,1066,466,6,7,False,False,0,0
TXN_200363,2024-05-28T09:56:00Z,16469.33,UPI,2204,224,6,9,False,False,1,0
TXN_201777,2024-11-25T22:02:00Z,6312.22,IMPS,2156,2532,1,6,False,False,0,0
TXN_201134,2024-02-07T19:56:00Z,36767.09,IMPS,1599,1443,4,3,False,False,1,0
TXN_200551,2024-03-24T18:05:00Z,10575.89,IMPS,1327,2470,3,2,False,False,0,0
TXN_201465,2024-04-23T19:13:00Z,1172.88,RTGS,2198,2993,4,3,False,False,1,0
TXN_200261,2024-07-14T09:57:00Z,2536.02,NEFT,139,560,6,6,False,False,1,0
TXN_202123,2024-10-30T08:54:00Z,6211.05,IMPS,3083,125,1,1,False,False,0,0
TXN_200830,2024-07-08T11:56:00Z,6871.35,IMPS,3558,2250,6,6,False,False,1,0
TXN_200695,2024-05-31T12:31:00Z,1016.45,UPI,605,2870,5,6,False,False,0,0
TXN_201085,2024-09-23T20:33:00Z,6234.96,UPI,751,1169,6,6,False,False,0,0
TXN_201887,2024-06-10T08:48:00Z,8489.99,IMPS,1212,2330,4,2,False,True,0,0
TXN_201773,2024-10-11T11:07:00Z,3938.88,UPI,2961,3438,2,4,False,False,0,0
TXN_201827,2024-08-23T18:27:00Z,1542.01,UPI,804,1040,6,7,False,False,1,0
TXN_200886,2024-12-10T22:42:00Z,8673.6,NEFT,1377,641,2,8,False,False,0,0
TXN_200346,2024-07-03T22:31:00Z,8487.02,NEFT,475,244,0,3,False,False,1,0
TXN_200415,2024-07-31T15:53:00Z,4070.71,RTGS,973,1718,1,4,False,False,0,0
TXN_201026,2024-09-21T19:21:00Z,1614.69,UPI,826,2515,5,7,False,False,1,0
TXN_200138,2024-12-21T07:00:00Z,2307.2,RTGS,1665,2828,7,8,False,False,1,0
TXN_201127,2024-01-27T11:18:00Z,1233.25,NEFT,3607,2535,2,9,True,True,0,0
TXN_200061,2024-10-05T17:39:00Z,10510.57,RTGS,3291,113,6,5,False,False,1,0
TXN_201700,2024-11-26T06:24:00Z,3881.1,RTGS,3002,383,7,5,False,False,1,0
TXN_201533,2024-12-29T21:03:00Z,1823.96,IMPS,156,2464,3,2,False,False,1,0
TXN_201014,2024-07-23T11:14:00Z,7254.64,RTGS,645,163,2,8,False,False,1,0
TXN_201927,2024-09-23T06:59:00Z,6521.27,RTGS,602,1456,3,8,False,False,1,0
TXN_201734,2024-05-04T20:23:00Z,742.06,NEFT,2867,3266,2,1,False,False,1,0
TXN_200215,2024-12-01T22:46:00Z,25733.17,UPI,2294,262,0,3,False,False,1,0
TXN_200544,2024-05-04T12:23:00Z,3439.16,NEFT,91,432,2,5,False,False,0,0
TXN_201142,2024-10-15T06:32:00Z,540.0,UPI,1307,74,0,9,False,False,1,0
TXN_201726,2024-12-01T22:52:00Z,4071.64,RTGS,1699,622,5,9,False,False,1,0
TXN_200498,2024-05-31T22:42:00Z,1369.15,NEFT,3486,3565,6,7,False,False,1,0
TXN_200112,2024-05-03T15:24:00Z,79194.47,NEFT,438,1081,0,5,False,False,1,0
TXN_200585,2024-11-24T14:07:00Z,5897.01,NEFT,211,2639,6,5,False,False,1,0
TXN_200407,2024-09-06T08:41:00Z,4635.5,NEFT,1170,1587,5,8,False,False,1,0
TXN_200991,2024-01-15T12:46:00Z,6359.54,IMPS,1911,3360,4,8,False,False,1,0
TXN_201247,2024-10-19T19:40:00Z,606.76,NEFT,2115,3106,6,5,False,True,1,0
TXN_201057,2024-01-18T07:19:00Z,10109.46,IMPS,3466,1490,4,8,False,False,0,0
TXN_201892,2024-01-11T21:44:00Z,11780.34,IMPS,276,229,2,2,False,False,0,0
TXN_200027,2024-05-14T16:18:00Z,4743.83,UPI,299,180,2,6,False,False,1,0
TXN_200155,2024-12-09T07:36:00Z,86408.35,NEFT,2298,483,4,1,False,False,1,0
TXN_201362,2024-10-06T18:38:00Z,6003.65,IMPS,1077,2124,7,2,False,False,0,0
TXN_200196,2024-01-06T21:06:00Z,19947.07,NEFT,926,1536,5,3,False,False,1,0
TXN_200253,2024-02-27T11:31:00Z,1179.46,UPI,3337,1453,5,2,False,True,1,0
TXN_200452,2024-01-14T17:47:00Z,4903.62,RTGS,709,223,4,7,False,False,0,0
TXN_200417,2024-02-21T19:33:00Z,8370.1,RTGS,2483,2366,4,4,False,False,0,0
TXN_201045,2024-12-09T10:07:00Z,660.34,UPI,1113,2721,6,5,False,True,1,0
TXN_201361,2024-04-02T14:39:00Z,1738.57,IMPS,1368,424,3,7,False,False,0,0
TXN_201818,2024-04-20T19:06:00Z,26157.65,RTGS,2186,782,3,5,False,False,1,0
TXN_202125,2024-10-11T22:16:00Z,2940.79,UPI,574,1958,5,7,False,False,1,0
TXN_201511,2024-11-22T14:27:00Z,556.1,NEFT,842,207,7,4,False,False,1,0
TXN_200801,2024-07-12T07:28:00Z,7877.08,IMPS,519,512,7,9,False,False,0,0
TXN_201401,2024-10-17T18:46:00Z,10694.97,RTGS,3621,1508,4,3,False,False,0,0
TXN_201803,2024-07-11T09:46:00Z,1805.76,RTGS,3375,2805,3,8,True,False,1,0
TXN_201476,2024-05-22T14:22:00Z,2817.51,RTGS,2226,1671,5,1,False,False,1,0
TXN_201516,2024-03-14T16:32:00Z,14279.94,IMPS,153,3483,7,2,False,False,1,0
TXN_200648,2024-12-10T07:45:00Z,90772.68,UPI,1525,3542,4,3,False,False,1,0
TXN_200650,2024-11-25T11:20:00Z,20795.61,IMPS,1728,2973,2,7,False,False,0,0
TXN_202077,2024-01-26T17:45:00Z,432.85,NEFT,1249,3396,7,6,False,False,1,0
TXN_201597,2024-02-06T06:19:00Z,17768.01,IMPS,939,2495,2,9,False,False,0,0
TXN_200590,2024-03-23T19:26:00Z,1636.58,RTGS,1576,3483,4,6,False,False,0,0
TXN_200076,2024-03-29T18:35:00Z,2896.25,NEFT,3458,419,3,4,False,False,0,0
TXN_200334,2024-10-28T13:08:00Z,26941.12,NEFT,3492,2422,0,9,False,True,0,0
TXN_201282,2024-11-15T21:22:00Z,7928.27,NEFT,3498,922,5,3,False,False,0,0
TXN_200447,2024-09-05T10:14:00Z,1592.12,RTGS,2532,3412,2,9,False,False,0,0
TXN_200456,2024-04-26T08:10:00Z,2261.56,UPI,787,955,1,8,False,False,1,0
TXN_200623,2024-02-24T06:36:00Z,952.58,UPI,529,1106,7,1,False,False,0,0
TXN_201922,2024-05-09T10:46:00Z,2581.48,IMPS,122,852,0,1,False,False,1,0
TXN_200079,2024-05-06T13:54:00Z,5845.42,IMPS,2585,2793,4,8,False,False,0,0
TXN_200588,2024-01-18T07:24:00Z,15870.58,UPI,3544,2595,1,6,False,False,1,0
TXN_200002,2024-08-11T10:38:00Z,430.26,RTGS,1492,3599,5,7,False,False,1,0
TXN_201897,2024-08-17T15:37:00Z,7292.91,NEFT,1175,1261,2,4,False,False,0,0
TXN_201146,2024-07-21T13:33:00Z,33122.71,NEFT,2478,3099,0,2,False,False,1,0
TXN_202187,2024-07-01T02:14:00Z,192781.05,NEFT,2478,3438,1,9,False,False,0,1
TXN_200941,2024-11-21T06:51:00Z,2159.76,IMPS,3497,2154,4,7,False,False,0,0
TXN_200895,2024-06-02T19:29:00Z,9085.19,UPI,1204,3537,5,2,False,False,1,0
TXN_201047,2024-04-21T16:09:00Z,23935.81,UPI,193,2340,4,6,False,False,1,0
TXN_201958,2024-10-23T14:26:00Z,8421.64,IMPS,2225,3540,7,3,False,True,0,0
TXN_200024,2024-11-16T13:27:00Z,3330.49,RTGS,2121,70,3,9,False,False,1,0
TXN_201383,2024-01-31T20:11:00Z,1624.33,IMPS,725,1878,4,1,False,False,1,0
TXN_200070,2024-09-23T08:28:00Z,9158.45,IMPS,3519,819,4,1,False,False,1,0
TXN_200994,2024-10-27T11:32:00Z,15622.67,UPI,416,2945,5,2,False,False,0,0
TXN_202143,2024-05-12T02:04:00Z,197087.85,IMPS,1844,3475,5,3,False,False,1,1
TXN_200151,2024-06-21T06:23:00Z,5952.83,UPI,1356,414,5,1,False,False,0,0
TXN_200256,2024-03-24T10:55:00Z,17528.82,NEFT,2364,2332,7,9,False,False,0,0
TXN_202101,2024-07-18T13:31:00Z,13245.41,RTGS,2393,1966,5,8,False,False,1,0
TXN_201181,2024-02-23T21:26:00Z,30105.32,NEFT,133,2034,6,5,False,False,0,0
TXN_201513,2024-02-24T18:04:00Z,4467.43,UPI,2639,1435,7,4,False,False,1,0
TXN_201763,2024-01-24T06:37:00Z,928.21,NEFT,3570,273,0,1,False,False,0,0
TXN_201064,2024-04-28T11:44:00Z,7830.34,IMPS,2959,1904,0,8,False,True,0,0
TXN_201833,2024-03-27T08:47:00Z,3720.13,NEFT,3420,3554,5,5,False,False,1,0
TXN_201690,2024-12-21T08:06:00Z,1229.48,IMPS,2386,529,0,2,False,False,0,0
TXN_200529,2024-02-15T21:50:00Z,27673.32,RTGS,718,2104,5,1,False,False,0,0
TXN_201625,2024-09-16T12:51:00Z,2742.85,IMPS,109,838,3,2,False,False,0,0
TXN_200930,2024-09-24T20:39:00Z,2869.92,IMPS,2196,2695,2,4,False,False,0,0
TXN_201460,2024-01-23T14:07:00Z,20527.62,IMPS,1636,1976,2,2,False,False,0,0
TXN_200769,2024-12-16T12:54:00Z,14712.45,IMPS,3623,208,4,9,False,False,0,0
TXN_201288,2024-10-29T21:20:00Z,12039.29,RTGS,555,76,7,6,False,False,1,0
TXN_201494,2024-02-11T09:31:00Z,20980.34,IMPS,1313,3042,1,4,False,False,0,0
TXN_201711,2024-05-01T15:08:00Z,1835.17,IMPS,3389,2667,3,6,False,False,1,0
TXN_201348,2024-05-10T22:28:00Z,5160.25,UPI,687,371,3,7,False,False,1,0
TXN_200889,2024-02-12T11:14:00Z,2057.99,IMPS,2236,2837,7,5,False,True,0,0
TXN_202114,2024-03-09T16:06:00Z,3976.19,IMPS,422,779,3,3,False,False,0,0
TXN_201724,2024-11-29T06:18:00Z,5682.54,UPI,514,1094,0,2,False,False,0,0
TXN_200747,2024-10-02T17:21:00Z,2437.26,NEFT,2421,2717,1,7,False,True,1,0
TXN_200344,2024-12-04T20:52:00Z,9634.89,UPI,1131,1343,3,8,False,False,0,0
TXN_200048,2024-10-01T18:09:00Z,64968.95,RTGS,2398,3503,7,6,False,False,1,0
TXN_202010,2024-06-24T13:29:00Z,2291.32,IMPS,3283,2380,4,4,False,False,1,0
TXN_201749,2024-12-08T08:08:00Z,267.67,IMPS,2116,2104,6,4,False,False,0,0
TXN_200140,2024-07-21T09:04:00Z,3362.22,UPI,2962,2416,0,8,False,False,1,0
TXN_201234,2024-07-28T22:14:00Z,1050.32,NEFT,1941,507,5,3,False,False,1,0
TXN_200430,2024-03-06T22:04:00Z,5448.22,IMPS,1386,1537,3,1,False,False,0,0
TXN_201994,2024-02-10T06:59:00Z,24988.17,RTGS,2510,349,0,8,False,False,0,0
TXN_200900,2024-07-14T10:46:00Z,49790.24,RTGS,1091,948,2,4,False,False,0,0
TXN_200718,2024-05-11T11:45:00Z,17363.88,RTGS,1234,513,1,8,False,False,0,0
TXN_201056,2024-10-20T07:06:00Z,8492.98,NEFT,2375,806,2,1,False,True,1,0
TXN_200194,2024-03-09T07:01:00Z,3537.06,IMPS,3577,3348,0,9,False,False,0,0
TXN_200564,2024-03-27T19:21:00Z,2705.45,NEFT,2003,2607,0,9,False,False,1,0
TXN_201705,2024-05-30T07:02:00Z,620.15,UPI,2870,2879,7,6,False,False,0,0
TXN_200867,2024-09-25T07:27:00Z,7001.3,RTGS,2634,209,5,4,False,False,0,0
TXN_201697,2024-07-11T11:13:00Z,2404.45,UPI,1966,2815,1,1,False,False,0,0
TXN_201569,2024-09-08T08:26:00Z,1923.44,IMPS,3646,1913,6,7,False,True,1,0
TXN_200268,2024-01-04T08:33:00Z,2823.57,RTGS,1630,1987,4,4,False,False,0,0
TXN_201909,2024-10-11T11:00:00Z,3012.68,IMPS,2938,1398,6,2,False,True,0,0
TXN_200671,2024-04-17T14:10:00Z,11164.2,RTGS,2402,2279,2,7,False,False,1,0
TXN_200705,2024-04-29T08:38:00Z,747.78,UPI,1505,1575,3,9,False,False,0,0
TXN_200130,2024-12-18T15:38:00Z,5195.14,UPI,3098,1084,0,4,False,False,1,0
TXN_200078,2024-06-09T08:36:00Z,260.39,NEFT,1232,2548,7,3,False,False,0,0
TXN_201568,2024-05-30T08:10:00Z,65360.66,UPI,967,3025,2,3,False,False,1,0
TXN_201649,2024-05-21T14:09:00Z,2609.13,UPI,2605,389,5,4,False,False,0,0
TXN_200444,2024-11-05T14:29:00Z,111.04,RTGS,2214,542,2,6,False,False,0,0
TXN_200693,2024-07-26T14:45:00Z,59824.76,RTGS,605,924,2,5,False,False,1,0
TXN_201065,2024-08-30T17:18:00Z,3426.4,NEFT,2113,2909,2,9,False,False,1,0
TXN_201529,2024-01-01T17:02:00Z,1509.68,RTGS,1543,2440,5,7,False,False,0,0
TXN_200354,2024-05-27T15:07:00Z,5477.98,IMPS,1538,3252,3,4,False,False,1,0
TXN_201232,2024-02-08T11:25:00Z,10394.86,RTGS,1830,3029,3,3,False,True,1,0
TXN_201268,2024-01-03T08:20:00Z,2574.69,UPI,3575,1773,0,6,False,True,1,0
TXN_200637,2024-12-17T19:03:00Z,1603.67,IMPS,428,260,2,5,False,False,1,0
TXN_202041,2024-03-19T22:55:00Z,30113.61,NEFT,2804,3645,3,9,False,False,1,0
TXN_201448,2024-11-21T08:20:00Z,15892.92,NEFT,2392,1805,6,9,False,False,0,0
TXN_200574,2024-12-18T21:22:00Z,2852.32,RTGS,1957,2779,4,1,False,False,0,0
TXN_201354,2024-08-13T18:09:00Z,1880.51,IMPS,2098,1405,0,1,False,False,0,0
TXN_200060,2024-11-14T16:17:00Z,3992.18,NEFT,2166,3607,5,4,False,False,1,0
TXN_201185,2024-03-02T11:59:00Z,5979.96,IMPS,2887,802,0,8,False,False,0,0
TXN_200897,2024-09-09T07:33:00Z,4354.23,IMPS,2766,2218,6,8,False,False,0,0
TXN_201159,2024-07-08T09:57:00Z,2323.57,RTGS,1870,2957,2,4,False,False,1,0
TXN_201275,2024-07-25T20:32:00Z,8266.83,IMPS,571,55,5,7,False,False,1,0
TXN_200523,2024-07-10T12:58:00Z,4323.72,RTGS,2045,3593,3,4,True,False,0,0
TXN_200322,2024-11-23T11:53:00Z,2555.95,UPI,261,1852,3,4,False,False,1,0
TXN_200458,2024-03-16T14:17:00Z,10938.66,NEFT,2302,790,6,4,True,False,1,0
TXN_200355,2024-03-17T18:45:00Z,1272.41,RTGS,552,3459,2,9,False,False,1,0
TXN_201407,2024-07-29T09:06:00Z,2447.09,RTGS,1162,1375,6,6,False,False,0,0
TXN_201986,2024-11-17T07:13:00Z,3181.53,IMPS,930,1807,3,4,False,False,0,0
TXN_200129,2024-02-13T06:54:00Z,4224.33,IMPS,1475,344,1,2,False,False,0,0
TXN_201495,2024-06-17T12:55:00Z,388.84,UPI,2325,155,1,7,False,False,1,0
TXN_200360,2024-02-07T22:12:00Z,29001.99,IMPS,1182,2878,6,8,False,False,0,0
TXN_201667,2024-12-14T14:02:00Z,11112.66,NEFT,2689,1062,0,6,False,False,0,0
TXN_201140,2024-04-11T12:36:00Z,33802.94,IMPS,3152,2764,5,6,False,True,0,0
TXN_201238,2024-06-10T12:05:00Z,5890.87,NEFT,2867,3393,3,8,False,False,1,0
TXN_202182,2024-06-30T03:17:00Z,63013.46,UPI,3536,2685,1,9,False,False,0,1
TXN_202043,2024-02-17T20:44:00Z,2192.55,UPI,537,3223,2,7,False,False,0,0
TXN_200008,2024-06-14T19:52:00Z,1651.15,NEFT,3550,2659,6,7,False,False,1,0
TXN_201359,2024-03-03T07:43:00Z,7224.25,UPI,1216,2258,2,4,False,True,0,0
TXN_201718,2024-01-22T21:35:00Z,11696.51,IMPS,3338,2477,3,5,False,False,0,0
TXN_200537,2024-01-14T13:20:00Z,2658.94,UPI,3277,1323,4,2,False,False,0,0
TXN_200973,2024-07-08T21:19:00Z,9727.67,NEFT,1867,37,4,5,False,True,0,0
TXN_201088,2024-08-06T15:41:00Z,55938.84,NEFT,2815,3508,0,1,False,False,1,0
TXN_201829,2024-03-16T19:23:00Z,13169.19,NEFT,1817,2890,0,1,False,False,0,0
TXN_201867,2024-05-18T17:44:00Z,8958.01,UPI,2490,913,6,5,False,False,1,0
TXN_200802,2024-08-12T10:36:00Z,1161.29,UPI,1066,648,7,8,False,False,1,0
TXN_200950,2024-04-12T07:19:00Z,16787.82,UPI,2903,1862,4,4,False,False,0,0
TXN_201257,2024-02-07T21:27:00Z,10607.95,RTGS,2769,2188,0,9,False,False,0,0
TXN_200221,2024-01-23T11:25:00Z,8081.39,UPI,707,101,7,5,False,False,0,0
TXN_201589,2024-03-08T14:06:00Z,3426.27,NEFT,3541,3291,1,7,False,False,0,0
TXN_201416,2024-05-03T06:00:00Z,3943.99,UPI,382,1839,6,1,False,False,1,0
TXN_201415,2024-01-09T14:29:00Z,2718.28,UPI,3343,2676,5,9,False,False,0,0
TXN_201912,2024-11-13T11:03:00Z,1199.03,NEFT,2387,2009,6,7,False,False,0,0
TXN_200435,2024-07-06T10:52:00Z,5588.61,UPI,2934,379,7,7,False,False,0,0
TXN_201756,2024-03-25T19:11:00Z,3845.66,NEFT,1918,685,0,2,False,False,1,0
TXN_200312,2024-12-30T15:50:00Z,1469.25,RTGS,358,2616,6,8,False,False,0,0
TXN_200870,2024-10-25T22:35:00Z,6419.71,RTGS,2046,3380,0,2,False,True,0,0
TXN_201520,2024-07-28T11:19:00Z,731.25,NEFT,3287,1326,7,8,False,False,0,0
TXN_200828,2024-02-01T19:34:00Z,1352.82,RTGS,627,3449,0,8,False,False,1,0
TXN_200855,2024-09-14T11:52:00Z,638.15,RTGS,3596,2937,0,6,False,False,0,0
TXN_200383,2024-08-16T07:53:00Z,8302.19,RTGS,2982,1415,6,2,False,False,0,0
TXN_201006,2024-10-24T19:49:00Z,4267.97,IMPS,617,3213,7,8,False,True,0,0
TXN_201680,2024-05-05T10:56:00Z,20759.6,UPI,993,2403,3,9,False,False,0,0
TXN_201447,2024-04-21T15:23:00Z,5742.0,RTGS,426,2550,5,6,False,False,1,0
TXN_200478,2024-04-01T11:35:00Z,1445.93,NEFT,1547,1513,0,7,False,False,1,0
TXN_200856,2024-07-27T20:25:00Z,102624.16,NEFT,645,1394,3,4,False,False,0,0
TXN_201261,2024-10-11T11:50:00Z,2061.58,UPI,3104,3399,1,2,False,False,0,0
TXN_201330,2024-01-02T14:02:00Z,3509.12,RTGS,2181,442,4,1,False,False,0,0
TXN_201963,2024-11-26T15:22:00Z,1719.62,RTGS,656,674,7,3,False,False,0,0
TXN_200844,2024-01-01T17:54:00Z,10822.15,NEFT,1129,3408,7,5,False,False,1,0
TXN_200286,2024-11-26T16:33:00Z,16919.41,RTGS,656,2933,2,8,False,False,0,0
TXN_200296,2024-10-20T08:28:00Z,336.93,UPI,3621,814,3,8,False,False,0,0
TXN_200086,2024-01-09T11:28:00Z,72.22,NEFT,3384,3169,7,9,False,False,0,0
TXN_200840,2024-02-01T10:09:00Z,29622.59,RTGS,2804,1945,5,1,False,False,1,0
TXN_200839,2024-08-07T15:17:00Z,21046.13,UPI,3255,3443,1,1,False,False,1,0
TXN_201698,2024-09-10T17:14:00Z,18925.73,RTGS,1537,56,5,4,False,True,0,0
TXN_200508,2024-12-05T19:36:00Z,64410.38,RTGS,3513,2588,0,8,False,False,1,0
TXN_200717,2024-01-13T12:46:00Z,4602.03,NEFT,3318,1491,0,6,False,False,1,0
TXN_200880,2024-07-10T17:59:00Z,44125.07,IMPS,1741,2159,2,8,False,False,0,0
TXN_202183,2024-03-25T03:30:00Z,174946.5,IMPS,2789,224,4,5,False,False,0,1
TXN_201924,2024-03-14T20:08:00Z,10944.22,UPI,3585,3323,4,6,False,False,1,0
TXN_200201,2024-10-05T11:30:00Z,1347.95,RTGS,2845,1895,6,8,False,False,0,0
TXN_201554,2024-07-25T15:52:00Z,5353.92,NEFT,2916,2816,6,4,False,True,1,0
TXN_202057,2024-11-21T13:18:00Z,2427.05,IMPS,269,1509,2,8,False,False,0,0
TXN_200911,2024-09-11T22:39:00Z,31570.98,RTGS,1771,2669,3,2,False,False,0,0
TXN_200135,2024-01-29T20:10:00Z,235.02,UPI,2167,166,0,2,False,False,0,0
TXN_201004,2024-08-07T19:29:00Z,2022.46,RTGS,2539,2147,4,6,False,False,1,0
TXN_200470,2024-05-26T09:59:00Z,2031.23,IMPS,481,2626,3,7,False,False,1,0
TXN_200165,2024-08-17T20:48:00Z,517.25,IMPS,3451,3646,3,2,False,False,0,0
TXN_201688,2024-08-29T07:10:00Z,545.6,RTGS,796,3275,1,8,False,False,1,0
TXN_201760,2024-05-28T14:14:00Z,5110.11,UPI,3171,293,7,5,False,False,0,0
TXN_201143,2024-05-19T16:48:00Z,19982.56,UPI,2040,2436,4,2,False,False,1,0
TXN_200810,2024-03-09T19:38:00Z,4933.21,UPI,2223,1402,0,4,False,False,0,0
TXN_201436,2024-04-05T10:02:00Z,20535.97,UPI,1746,3107,7,9,False,False,0,0
TXN_202090,2024-11-29T09:28:00Z,2243.63,UPI,2944,2329,3,4,False,False,0,0
TXN_202113,2024-11-20T17:26:00Z,7832.25,RTGS,1475,1846,1,8,True,False,1,0
TXN_200826,2024-01-25T19:24:00Z,1757.79,RTGS,3388,3063,5,8,True,True,1,0
TXN_200811,2024-11-08T10:09:00Z,6379.08,NEFT,1912,3518,5,1,False,False,1,0
TXN_200834,2024-09-26T06:12:00Z,2530.6,IMPS,3592,1951,7,1,False,False,1,0
TXN_201231,2024-12-09T10:38:00Z,11622.61,RTGS,2997,2270,7,3,False,False,1,0
TXN_200613,2024-11-03T12:57:00Z,22576.84,UPI,106,1991,4,4,False,False,1,0
TXN_200489,2024-06-15T10:20:00Z,3319.48,RTGS,1202,1503,6,3,True,False,0,0
TXN_202100,2024-06-14T22:19:00Z,3589.59,NEFT,1495,2111,3,7,False,False,0,0
TXN_201561,2024-12-15T16:27:00Z,1955.95,UPI,72,1029,5,2,False,False,1,0
TXN_200809,2024-08-01T17:10:00Z,30124.05,NEFT,2330,1164,4,4,False,False,1,0
TXN_201541,2024-03-21T14:17:00Z,13778.48,NEFT,1957,2414,6,6,False,False,1,0
TXN_202194,2024-06-20T10:40:00Z,8332.42,RTGS,0,3164,6,7,True,False,1,1
TXN_202179,2024-08-24T02:48:00Z,192049.0,IMPS,1906,1100,2,1,False,True,1,1
TXN_200282,2024-08-18T18:01:00Z,12180.53,NEFT,2492,2943,2,5,False,False,0,0
TXN_201341,2024-08-20T10:37:00Z,4912.22,UPI,1630,163,5,2,False,False,0,0
TXN_201429,2024-02-24T12:26:00Z,4901.91,NEFT,1414,3325,7,8,False,False,0,0
TXN_201229,2024-10-30T07:06:00Z,927.23,NEFT,2686,315,7,1,False,False,1,0
TXN_200974,2024-09-22T19:50:00Z,4358.94,RTGS,3030,405,1,3,True,True,1,0
TXN_200722,2024-09-09T09:53:00Z,506.15,RTGS,1039,726,3,2,False,False,1,0
TXN_200005,2024-10-25T14:52:00Z,49341.05,RTGS,3292,493,7,1,True,False,0,0
TXN_202134,2024-06-10T16:12:00Z,3221.33,RTGS,3166,1746,1,1,False,True,0,0
TXN_200017,2024-05-27T18:56:00Z,15718.81,UPI,1612,1823,1,8,False,False,0,0
TXN_201150,2024-06-13T07:36:00Z,1928.13,IMPS,2501,2103,5,1,False,False,0,0
TXN_201593,2024-03-04T10:23:00Z,8215.96,RTGS,1065,1000,4,7,False,False,0,0
TXN_200827,2024-07-25T08:45:00Z,9173.16,RTGS,2724,50,2,6,False,False,0,0
TXN_201171,2024-03-25T16:39:00Z,11212.98,NEFT,3401,1193,1,9,False,False,0,0
TXN_201939,2024-08-22T11:03:00Z,1034.49,RTGS,2408,807,4,9,False,False,1,0
TXN_202086,2024-04-10T18:17:00Z,11444.93,IMPS,1274,1690,2,6,False,False,1,0
TXN_201188,2024-03-28T19:29:00Z,3035.62,RTGS,2458,2208,0,6,False,False,0,0
TXN_202163,2024-12-03T10:03:00Z,21244.37,UPI,0,2394,0,2,True,False,0,1
TXN_200184,2024-11-18T20:59:00Z,2044.52,IMPS,872,1454,1,6,False,False,1,0
TXN_201782,2024-10-18T12:29:00Z,15064.59,NEFT,3354,3604,1,7,False,False,1,0
TXN_201703,2024-06-09T11:43:00Z,724.83,UPI,3252,1462,3,7,False,False,0,0
TXN_201058,2024-05-07T08:59:00Z,6982.81,IMPS,1254,1411,7,9,False,False,0,0
TXN_201925,2024-08-05T19:44:00Z,914.33,UPI,2724,1126,6,8,False,False,0,0
TXN_200090,2024-11-22T22:39:00Z,674.1,NEFT,3318,1496,1,7,False,False,0,0
TXN_201408,2024-10-03T10:09:00Z,12322.13,IMPS,933,2014,7,2,False,False,1,0
TXN_200206,2024-11-23T08:23:00Z,9985.42,IMPS,2665,204,7,7,False,False,1,0
TXN_201651,2024-09-12T18:50:00Z,68849.84,RTGS,2455,2849,2,9,False,False,1,0
TXN_200618,2024-04-13T11:56:00Z,3356.63,RTGS,1187,244,6,9,False,False,0,0
TXN_201910,2024-02-11T19:35:00Z,1635.19,IMPS,2366,2184,7,1,False,False,0,0
TXN_200864,2024-01-29T16:52:00Z,1199.9,RTGS,556,2701,4,2,False,False,0,0
TXN_201903,2024-08-17T20:49:00Z,5985.03,RTGS,2344,47,3,9,True,False,0,0
TXN_201862,2024-09-08T07:01:00Z,74198.5,UPI,3325,3195,4,7,False,False,1,0
TXN_201423,2024-03-17T07:06:00Z,3851.06,IMPS,2321,516,3,8,False,False,0,0
TXN_201591,2024-01-29T09:46:00Z,2559.56,NEFT,3063,907,1,7,False,True,1,0
TXN_201691,2024-02-24T15:20:00Z,7479.55,UPI,189,1099,0,4,False,False,0,0
TXN_201270,2024-03-09T12:49:00Z,1545.69,UPI,3486,1169,6,3,False,False,0,0
TXN_202185,2024-11-26T12:59:00Z,2069.28,UPI,1020,453,33,8,False,True,0,1
TXN_201538,2024-06-25T13:49:00Z,4766.68,UPI,688,163,0,2,False,False,1,0
TXN_200506,2024-02-13T13:45:00Z,3589.58,UPI,1284,597,4,4,False,True,1,0
TXN_201849,2024-01-14T06:14:00Z,1715.82,NEFT,529,1735,3,6,False,False,1,0
TXN_200295,2024-02-02T11:21:00Z,5434.36,UPI,3404,2911,2,8,False,False,0,0
TXN_202073,2024-10-22T20:14:00Z,5320.85,RTGS,1201,2001,6,4,True,False,0,0
TXN_200808,2024-04-02T22:19:00Z,14322.42,RTGS,3525,384,7,1,False,False,1,0
TXN_200728,2024-11-20T06:49:00Z,1784.02,UPI,2373,3120,6,5,False,False,1,0
TXN_200573,2024-08-28T09:34:00Z,712.29,UPI,1904,2269,5,8,False,False,0,0
TXN_200742,2024-06-22T21:08:00Z,2318.04,IMPS,180,1729,4,5,False,True,0,0
TXN_200442,2024-01-30T13:54:00Z,5515.65,IMPS,2669,2583,1,1,False,False,0,0
TXN_200307,2024-02-24T12:29:00Z,1047.92,UPI,1873,70,2,7,False,False,1,0
TXN_201046,2024-07-26T20:11:00Z,123698.15,UPI,472,1691,3,6,False,True,0,0
TXN_200657,2024-10-09T18:02:00Z,6876.78,IMPS,672,802,3,2,False,False,0,0
TXN_201995,2024-06-26T16:35:00Z,7868.04,IMPS,1721,1418,2,4,False,False,1,0
TXN_202190,2024-07-07T04:19:00Z,150690.91,UPI,2343,2332,4,8,False,True,0,1
TXN_201350,2024-02-14T09:56:00Z,1843.53,IMPS,2980,1369,0,7,False,False,0,0
TXN_200494,2024-03-10T14:39:00Z,30076.33,IMPS,2990,3166,1,2,False,False,1,0
TXN_201780,2024-03-29T19:03:00Z,5263.13,IMPS,1679,2159,3,3,False,False,0,0
TXN_201790,2024-12-25T22:27:00Z,9029.17,UPI,96,2361,7,7,False,False,1,0
TXN_200753,2024-05-25T22:59:00Z,3989.26,UPI,3457,2169,3,1,False,False,1,0
TXN_201552,2024-02-15T15:45:00Z,5741.65,RTGS,2015,1473,3,7,False,False,0,0
TXN_200503,2024-09-16T16:58:00Z,10582.87,UPI,643,3487,6,2,False,False,0,0
TXN_201450,2024-07-18T20:24:00Z,2885.03,IMPS,2061,1846,4,1,False,False,0,0
TXN_201503,2024-09-15T15:01:00Z,38556.95,RTGS,1230,503,2,5,False,False,0,0
TXN_202021,2024-08-30T15:44:00Z,5726.09,UPI,751,2893,3,4,True,False,0,0
TXN_201934,2024-11-12T17:00:00Z,11884.69,RTGS,1036,3609,1,3,False,False,0,0
TXN_200626,2024-08-22T16:17:00Z,309.67,IMPS,2198,58,5,3,False,False,1,0
TXN_200224,2024-04-16T13:09:00Z,46005.2,UPI,1319,513,3,4,False,False,0,0
TXN_202188,2024-04-30T10:05:00Z,12925.51,NEFT,2640,2428,17,7,False,False,0,1
TXN_200098,2024-01-04T15:58:00Z,336.03,IMPS,1092,1127,4,4,False,False,0,0
TXN_200647,2024-12-27T20:50:00Z,801.78,IMPS,315,1978,7,1,True,False,0,0
TXN_201870,2024-03-01T16:20:00Z,4866.71,RTGS,3137,132,2,2,False,False,0,0
TXN_201943,2024-03-23T21:52:00Z,1545.34,RTGS,1450,2338,6,1,False,False,0,0
TXN_201984,2024-10-14T20:22:00Z,17170.29,RTGS,3121,2043,3,6,False,False,1,0
TXN_201222,2024-09-10T21:14:00Z,1688.53,RTGS,1627,2942,6,6,False,False,1,0
TXN_201019,2024-08-16T17:08:00Z,4721.39,RTGS,479,2800,3,5,False,False,1,0
TXN_200398,2024-07-21T21:05:00Z,14348.18,UPI,2162,2772,3,5,False,True,1,0
TXN_200612,2024-01-03T19:56:00Z,8504.52,RTGS,2028,3486,0,5,False,True,1,0
TXN_201681,2024-06-05T07:45:00Z,2880.98,NEFT,3323,2392,2,1,False,False,0,0
TXN_200096,2024-11-04T20:48:00Z,6411.93,IMPS,1399,1210,7,2,False,False,1,0
TXN_201874,2024-05-22T22:47:00Z,2033.6,IMPS,2331,2262,6,9,False,False,0,0
TXN_202085,2024-06-14T12:16:00Z,4142.29,RTGS,2473,3463,1,1,False,False,0,0
TXN_200878,2024-05-28T13:25:00Z,2904.66,UPI,2893,2025,3,8,False,False,1,0
TXN_201177,2024-01-31T09:44:00Z,334.02,UPI,2819,1773,2,8,False,True,0,0
TXN_200402,2024-12-21T13:08:00Z,368.77,RTGS,957,1355,1,1,False,False,1,0
TXN_200518,2024-01-13T17:07:00Z,654.25,UPI,686,652,4,5,True,False,1,0
TXN_201547,2024-03-21T10:35:00Z,5992.53,NEFT,2110,1817,0,5,False,False,1,0
TXN_200188,2024-01-26T13:39:00Z,2266.63,IMPS,2414,2845,1,7,False,False,1,0
TXN_200972,2024-11-29T06:19:00Z,13168.73,RTGS,3547,2756,6,3,False,False,1,0
TXN_202080,2024-09-16T19:45:00Z,744.65,UPI,2159,3535,2,1,False,False,0,0
TXN_201650,2024-06-22T21:52:00Z,3881.11,UPI,177,501,3,2,False,False,1,0
TXN_200781,2024-04-27T10:01:00Z,12921.65,NEFT,174,673,4,1,False,False,0,0
TXN_200751,2024-09-22T07:37:00Z,6192.52,RTGS,3079,1832,2,9,False,True,0,0
TXN_201107,2024-04-25T12:31:00Z,919.45,IMPS,1189,997,7,1,False,False,0,0
TXN_200033,2024-12-21T09:10:00Z,9721.16,IMPS,2012,183,3,4,False,False,1,0
TXN_201206,2024-04-03T17:37:00Z,13341.33,RTGS,201,2388,2,1,False,False,0,0
TXN_201192,2024-07-03T12:35:00Z,9485.03,UPI,543,2499,5,5,False,False,1,0
TXN_201791,2024-07-01T06:25:00Z,3337.96,NEFT,3296,1873,2,3,False,False,1,0
TXN_200068,2024-03-22T09:38:00Z,5157.48,IMPS,2212,1919,5,4,False,False,1,0
TXN_200133,2024-07-07T18:24:00Z,7081.18,IMPS,3140,2651,2,2,False,False,0,0
TXN_200239,2024-07-12T11:34:00Z,12057.93,RTGS,3362,3238,3,5,False,False,1,0
TXN_200752,2024-02-07T15:08:00Z,44604.52,IMPS,2476,2222,3,1,False,False,1,0
TXN_201352,2024-02-06T11:57:00Z,501.65,IMPS,2088,366,6,4,False,True,1,0
TXN_200038,2024-08-11T13:23:00Z,5508.2,IMPS,230,2191,3,5,False,False,1,0
TXN_200851,2024-03-15T08:10:00Z,6799.92,NEFT,2089,3091,2,5,False,False,0,0
TXN_201962,2024-07-07T12:47:00Z,5657.22,NEFT,2129,3153,6,7,False,False,1,0
TXN_200627,2024-10-27T17:34:00Z,1583.03,RTGS,2596,51,6,2,False,False,0,0
TXN_201443,2024-10-08T19:04:00Z,1767.27,IMPS,1795,695,6,5,False,False,0,0
TXN_201758,2024-01-28T20:54:00Z,2286.87,RTGS,3406,602,2,8,False,False,1,0
TXN_201946,2024-09-07T08:43:00Z,3636.14,RTGS,2995,2889,5,4,False,False,0,0
TXN_201223,2024-02-29T18:15:00Z,7239.87,NEFT,3121,1596,4,6,False,False,0,0
TXN_200778,2024-01-06T09:51:00Z,3761.46,UPI,2014,515,4,2,False,False,0,0
TXN_200100,2024-11-05T16:06:00Z,2819.61,UPI,2681,3178,7,7,False,False,1,0
TXN_201098,2024-07-22T12:32:00Z,7308.86,UPI,425,3015,7,5,False,False,1,0
TXN_201528,2024-05-05T15:02:00Z,36164.24,UPI,240,1500,4,2,False,False,0,0
TXN_200497,2024-08-11T12:08:00Z,32319.62,RTGS,118,3107,0,1,False,False,0,0
TXN_200449,2024-05-15T10:28:00Z,690.4,NEFT,3501,1740,4,7,False,True,0,0
TXN_200763,2024-12-12T22:52:00Z,29995.15,IMPS,1152,92,2,6,False,False,0,0
TXN_201349,2024-04-06T20:51:00Z,6099.92,NEFT,3412,2365,3,7,False,False,1,0
TXN_200875,2024-03-22T16:01:00Z,2649.19,NEFT,1909,1264,3,6,True,False,0,0
TXN_201853,2024-11-09T16:29:00Z,7657.4,UPI,2964,1545,5,1,False,False,0,0
TXN_200636,2024-01-28T15:00:00Z,871.89,IMPS,956,3039,6,8,False,False,0,0
TXN_201847,2024-03-21T12:47:00Z,2506.52,IMPS,832,1002,5,8,False,False,0,0
TXN_200978,2024-06-14T17:08:00Z,3926.98,RTGS,900,1996,2,8,False,False,1,0
TXN_202120,2024-10-03T14:19:00Z,25305.99,NEFT,370,1489,7,6,False,False,0,0
TXN_202049,2024-02-23T19:13:00Z,469.49,RTGS,1791,486,4,1,False,False,0,0
TXN_201425,2024-05-10T11:22:00Z,1055.33,IMPS,1779,2300,5,6,False,False,1,0
TXN_200128,2024-12-09T22:57:00Z,238.86,RTGS,943,588,6,5,True,False,0,0
TXN_201706,2024-11-01T06:35:00Z,25617.23,IMPS,2905,2665,2,9,False,False,1,0
TXN_200358,2024-07-25T20:29:00Z,7337.46,UPI,260,2609,5,8,True,False,0,0
TXN_200513,2024-09-16T13:56:00Z,8139.61,IMPS,1165,2349,1,2,True,False,0,0
TXN_201661,2024-03-05T10:34:00Z,2752.82,IMPS,1889,615,2,1,False,False,1,0
TXN_200336,2024-04-22T13:51:00Z,11748.34,IMPS,2150,583,3,5,False,False,0,0
TXN_201640,2024-04-10T16:40:00Z,4762.41,NEFT,3552,2444,7,9,False,False,0,0
TXN_202069,2024-07-24T06:25:00Z,9638.34,NEFT,1119,1337,5,1,False,False,0,0
TXN_200468,2024-02-24T09:23:00Z,5254.02,UPI,709,211,6,6,False,False,0,0
TXN_201253,2024-03-01T20:51:00Z,2332.9,IMPS,3308,1299,4,2,False,True,0,0
TXN_200659,2024-06-25T08:17:00Z,29795.54,UPI,352,1302,0,9,False,False,1,0
TXN_200465,2024-06-11T16:52:00Z,2206.37,RTGS,92,1853,2,4,False,False,1,0
TXN_202175,2024-04-02T03:40:00Z,105724.49,UPI,275,2201,4,9,False,False,0,1
TXN_201166,2024-04-20T22:41:00Z,1679.66,NEFT,1947,1635,5,5,False,False,1,0
TXN_201170,2024-02-26T16:00:00Z,2253.57,RTGS,1068,2326,1,6,False,False,1,0
TXN_200049,2024-02-18T11:00:00Z,3077.95,IMPS,1795,2557,1,5,False,False,0,0
TXN_201861,2024-07-21T07:20:00Z,1316.93,UPI,1285,2644,6,7,False,False,0,0
TXN_200119,2024-08-13T20:12:00Z,3593.51,NEFT,511,1746,4,1,False,False,0,0
TXN_201762,2024-08-06T22:52:00Z,4480.99,IMPS,3399,2642,3,3,False,False,0,0
TXN_200786,2024-05-03T19:58:00Z,24924.19,NEFT,1509,199,2,3,False,False,1,0
TXN_201784,2024-07-22T15:23:00Z,926.29,NEFT,3311,1682,0,1,False,False,1,0
TXN_201768,2024-02-14T13:02:00Z,4869.74,RTGS,357,2483,7,4,False,True,1,0
TXN_201735,2024-09-01T12:51:00Z,11263.43,UPI,1511,1692,0,3,False,False,1,0
TXN_201472,2024-09-02T09:12:00Z,1682.08,UPI,1187,2868,1,5,False,False,1,0
TXN_200058,2024-10-25T21:47:00Z,502.99,IMPS,2785,1788,4,8,False,False,0,0
TXN_201163,2024-08-12T18:21:00Z,17242.84,UPI,1751,803,6,9,False,False,0,0
TXN_200018,2024-11-02T12:22:00Z,9999.53,NEFT,141,2547,3,7,False,False,0,0
TXN_201020,2024-04-01T13:19:00Z,5488.87,RTGS,1958,1761,7,7,False,False,0,0
TXN_201996,2024-11-22T12:24:00Z,1724.27,RTGS,1399,1393,5,9,False,False,0,0
TXN_201676,2024-08-16T08:40:00Z,4397.16,NEFT,2670,2201,3,5,False,False,0,0
TXN_200800,2024-11-16T19:15:00Z,11378.81,RTGS,442,358,3,6,False,False,0,0
TXN_201199,2024-12-07T22:58:00Z,95101.48,NEFT,2175,2640,3,8,False,False,0,0
TXN_200370,2024-09-07T19:11:00Z,3685.08,UPI,2275,2486,5,9,False,False,0,0
TXN_200331,2024-12-07T15:42:00Z,772.81,UPI,1685,733,4,5,False,False,1,0
TXN_200846,2024-08-14T17:09:00Z,5097.3,NEFT,1917,1695,2,1,False,True,1,0
TXN_201930,2024-11-05T14:05:00Z,865.69,RTGS,307,564,7,9,False,False,0,0
TXN_201710,2024-08-30T11:16:00Z,4846.1,RTGS,1878,1809,4,3,False,False,1,0
TXN_201835,2024-01-30T07:33:00Z,21501.36,RTGS,1851,2690,1,2,False,False,0,0
TXN_200460,2024-03-03T08:13:00Z,3133.55,RTGS,1878,99,3,7,False,False,1,0
TXN_200704,2024-02-21T11:02:00Z,2311.67,UPI,816,269,1,5,False,True,1,0
TXN_201034,2024-06-24T07:18:00Z,1223.27,UPI,778,2467,2,7,False,False,0,0
TXN_201534,2024-09-08T15:28:00Z,6052.73,UPI,2950,2508,1,1,False,True,0,0
TXN_201645,2024-11-16T14:50:00Z,1521.89,NEFT,2489,2742,3,9,False,False,1,0
TXN_201582,2024-04-23T08:36:00Z,4317.7,IMPS,1138,2830,4,6,False,False,0,0
TXN_200928,2024-07-07T15:28:00Z,1957.06,RTGS,1318,295,3,8,False,False,1,0
TXN_201299,2024-10-25T22:25:00Z,2706.08,RTGS,449,2524,1,9,True,False,1,0
TXN_201278,2024-06-09T19:56:00Z,4477.55,NEFT,687,1710,5,5,False,False,1,0
TXN_201194,2024-04-16T13:15:00Z,5445.71,NEFT,2622,277,7,3,False,False,0,0
TXN_200986,2024-04-16T09:18:00Z,428.96,UPI,3080,3598,5,5,True,False,1,0
TXN_200406,2024-08-18T12:25:00Z,4431.97,UPI,3286,3451,6,1,False,False,0,0
TXN_200803,2024-11-20T07:50:00Z,2298.75,RTGS,2307,2869,2,3,False,False,0,0
TXN_200665,2024-04-29T12:17:00Z,3618.34,IMPS,2964,481,4,5,False,False,1,0
TXN_201507,2024-02-07T10:15:00Z,20027.2,NEFT,3279,1505,2,9,False,False,0,0
TXN_200716,2024-06-01T15:55:00Z,1482.11,IMPS,3487,2009,4,3,False,False,0,0
TXN_201631,2024-10-09T14:33:00Z,35940.3,IMPS,2214,2688,3,6,False,True,0,0
TXN_201771,2024-02-13T10:09:00Z,1472.36,IMPS,2626,599,1,2,False,False,0,0
TXN_201806,2024-03-30T18:18:00Z,275.65,IMPS,1053,1988,5,4,False,True,0,0
TXN_202149,2024-08-10T04:13:00Z,162805.36,IMPS,2533,575,5,4,False,False,1,1
TXN_200047,2024-09-22T17:48:00Z,7836.54,RTGS,1102,163,0,9,False,False,0,0
TXN_200989,2024-11-12T22:35:00Z,6655.73,NEFT,393,122,7,6,False,False,0,0
TXN_201109,2024-05-10T20:00:00Z,2090.68,UPI,2773,3377,5,2,False,False,1,0
TXN_201723,2024-11-23T22:29:00Z,14174.56,UPI,3563,3420,3,1,False,False,1,0
TXN_200459,2024-05-16T20:36:00Z,5499.26,NEFT,2089,2835,4,3,False,False,0,0
TXN_201532,2024-10-10T22:38:00Z,5677.57,IMPS,2695,1936,1,3,False,False,0,0
TXN_200006,2024-10-20T13:52:00Z,1062.02,IMPS,2158,1196,5,8,False,False,0,0
TXN_202078,2024-01-08T20:40:00Z,1140.95,NEFT,3409,1377,5,4,False,False,0,0
TXN_202029,2024-05-31T15:14:00Z,5791.43,UPI,1452,2590,0,2,False,False,1,0
TXN_201161,2024-09-02T22:36:00Z,794.34,NEFT,2734,2850,1,6,False,False,0,0
TXN_202074,2024-04-23T17:28:00Z,29916.88,RTGS,2078,3515,0,4,False,False,0,0
TXN_201722,2024-02-12T13:44:00Z,61662.95,RTGS,2567,1073,1,6,False,False,0,0
TXN_201823,2024-11-28T19:11:00Z,1089.65,IMPS,1487,2797,2,3,False,False,0,0
TXN_200770,2024-11-15T11:31:00Z,5733.87,UPI,2820,2624,1,9,False,True,0,0
TXN_201972,2024-01-04T07:42:00Z,4051.35,IMPS,3444,1149,0,2,False,True,1,0
TXN_200784,2024-06-18T15:39:00Z,1776.64,UPI,1655,1011,2,3,False,False,0,0
TXN_201371,2024-09-08T06:12:00Z,2361.86,IMPS,2197,2987,5,9,False,False,1,0
TXN_201381,2024-09-08T18:12:00Z,509.48,IMPS,1928,3319,4,6,False,False,0,0
TXN_200031,2024-05-18T06:11:00Z,7664.18,UPI,917,1616,5,5,False,True,0,0
TXN_200237,2024-01-15T11:30:00Z,16097.6,NEFT,690,3384,2,7,False,False,1,0
TXN_200959,2024-04-05T19:37:00Z,2300.66,RTGS,3412,849,4,3,False,False,1,0
TXN_201219,2024-03-27T21:19:00Z,22136.12,RTGS,3240,1230,5,9,False,False,1,0
TXN_200688,2024-10-07T19:15:00Z,26126.32,NEFT,3551,381,0,5,False,True,0,0
TXN_200041,2024-08-12T13:12:00Z,623.87,NEFT,1957,2220,2,4,False,False,0,0
TXN_200448,2024-11-09T16:38:00Z,2270.74,NEFT,1097,2071,0,4,False,False,0,0
TXN_201018,2024-05-15T17:48:00Z,40262.3,IMPS,2294,923,5,3,False,False,1,0
TXN_201060,2024-02-08T15:56:00Z,3044.3,NEFT,570,2190,7,2,False,False,1,0
TXN_202076,2024-02-13T16:45:00Z,4567.36,RTGS,1407,1437,2,4,False,False,1,0
TXN_201672,2024-09-05T15:31:00Z,2421.54,RTGS,3015,381,7,5,False,False,1,0
TXN_200257,2024-12-04T07:34:00Z,691.0,IMPS,3365,543,1,1,True,False,1,0
TXN_200207,2024-08-22T09:49:00Z,18209.65,RTGS,503,918,7,7,False,False,0,0
TXN_201805,2024-10-03T14:18:00Z,1963.74,RTGS,2658,319,1,9,False,True,1,0
TXN_202180,2024-01-27T02:58:00Z,105880.94,UPI,1768,2460,3,6,False,False,1,1
TXN_202118,2024-03-09T16:53:00Z,3245.34,NEFT,2449,1804,3,6,False,False,1,0
TXN_201590,2024-08-14T09:33:00Z,3530.93,IMPS,2316,2773,7,4,False,False,0,0
TXN_200733,2024-11-28T20:25:00Z,1544.63,NEFT,2640,2827,3,3,False,False,0,0
TXN_200823,2024-03-15T11:32:00Z,17848.0,RTGS,1297,3302,1,9,False,False,0,0
TXN_201836,2024-09-30T13:17:00Z,6034.9,NEFT,1374,3398,7,2,False,False,0,0
TXN_200280,2024-08-05T12:27:00Z,11304.57,UPI,2239,550,7,3,False,True,1,0
TXN_201599,2024-10-06T06:24:00Z,45671.99,NEFT,723,2773,4,2,False,False,0,0
TXN_201073,2024-04-27T10:28:00Z,2632.05,UPI,1089,1487,2,2,False,False,1,0
TXN_200154,2024-02-10T14:55:00Z,931.94,RTGS,487,435,1,8,False,False,0,0
TXN_201009,2024-01-21T08:09:00Z,24060.95,UPI,734,182,1,4,False,False,0,0
TXN_201343,2024-08-01T09:38:00Z,2370.04,UPI,2108,1705,5,4,True,True,1,0
TXN_200905,2024-12-25T06:12:00Z,6138.89,UPI,1021,794,1,4,False,False,1,0
TXN_200857,2024-11-17T09:09:00Z,876.51,RTGS,1005,2686,3,5,False,False,1,0
TXN_200035,2024-05-19T19:15:00Z,18429.24,IMPS,733,3557,0,4,False,False,0,0
TXN_200584,2024-10-20T16:04:00Z,3639.99,RTGS,1620,2721,4,8,False,False,1,0
TXN_201135,2024-12-19T09:34:00Z,675.17,IMPS,2391,1862,0,8,False,False,1,0
TXN_200314,2024-05-22T13:41:00Z,6686.55,IMPS,774,1766,1,5,False,False,0,0
TXN_201891,2024-01-22T22:38:00Z,9186.9,NEFT,2412,2305,1,6,False,False,0,0
TXN_200040,2024-09-05T21:36:00Z,3659.78,UPI,3041,2327,3,1,False,False,0,0
TXN_201642,2024-11-18T20:53:00Z,8026.68,NEFT,2379,2975,0,1,False,False,1,0
TXN_200214,2024-04-29T09:50:00Z,266.63,NEFT,1916,1479,4,1,False,False,0,0
TXN_200242,2024-03-27T06:45:00Z,2158.64,NEFT,2013,1126,5,4,False,False,0,0
TXN_201699,2024-03-11T19:59:00Z,29764.97,NEFT,832,2463,1,3,False,True,0,0
TXN_201227,2024-09-17T20:12:00Z,8180.28,IMPS,221,2210,3,6,False,False,0,0
TXN_201696,2024-08-17T14:21:00Z,2307.67,NEFT,3588,2095,3,4,False,False,0,0
TXN_201487,2024-07-21T10:14:00Z,4037.28,RTGS,2213,1681,3,7,False,False,0,0
TXN_202019,2024-03-04T22:11:00Z,1184.92,NEFT,736,511,7,6,False,False,1,0
TXN_200469,2024-02-29T09:45:00Z,31207.81,RTGS,2110,3241,1,4,False,False,0,0
TXN_200120,2024-12-05T12:02:00Z,5343.85,RTGS,1714,2299,7,1,False,False,0,0
TXN_200557,2024-04-10T09:23:00Z,8965.53,IMPS,2950,1008,1,8,False,False,1,0
TXN_201668,2024-03-01T21:31:00Z,5622.24,IMPS,2571,492,2,7,False,False,0,0
TXN_201810,2024-03-01T09:01:00Z,1903.21,UPI,1402,282,0,6,False,False,1,0
TXN_201655,2024-05-20T13:47:00Z,36787.37,UPI,787,708,2,7,False,False,1,0
TXN_201186,2024-09-25T20:25:00Z,2374.95,UPI,2509,1596,6,9,False,False,0,0
TXN_200591,2024-09-22T10:31:00Z,1163.81,UPI,2755,2857,6,6,False,False,1,0
TXN_201557,2024-08-26T14:13:00Z,6158.79,RTGS,1752,3618,5,4,False,False,0,0
TXN_200126,2024-11-26T11:30:00Z,3336.73,UPI,2069,2259,7,2,False,False,1,0
TXN_201929,2024-05-07T19:18:00Z,3879.11,NEFT,1661,523,5,7,False,False,1,0
TXN_201092,2024-10-26T17:15:00Z,12199.97,UPI,1977,3614,4,8,False,False,0,0
TXN_201647,2024-09-28T14:02:00Z,3491.41,UPI,2588,3627,6,4,False,False,0,0
TXN_201313,2024-04-28T21:30:00Z,3145.51,NEFT,3237,3364,5,4,False,False,0,0
TXN_200937,2024-07-05T07:10:00Z,6489.32,IMPS,3000,1594,6,6,False,False,0,0
TXN_202157,2024-09-14T08:36:00Z,8421.65,RTGS,1186,1914,2,38,False,False,1,1
TXN_201093,2024-10-21T09:32:00Z,4102.39,RTGS,861,1849,1,6,False,False,0,0
TXN_201923,2024-03-14T11:44:00Z,18798.55,UPI,3228,2498,2,6,False,False,1,0
TXN_201160,2024-09-03T13:42:00Z,3473.57,NEFT,1149,256,7,8,False,True,0,0
TXN_200479,2024-10-07T09:06:00Z,26929.28,RTGS,37,52,5,8,False,False,0,0
TXN_200094,2024-12-18T14:06:00Z,57610.6,RTGS,3274,492,6,9,False,True,1,0
TXN_200597,2024-09-05T13:33:00Z,3506.25,UPI,2924,3159,4,6,False,False,0,0
TXN_201504,2024-05-03T19:34:00Z,21556.44,RTGS,2729,3281,5,5,False,True,1,0
TXN_201542,2024-06-11T22:29:00Z,13486.82,RTGS,304,3012,0,4,False,False,0,0
TXN_201548,2024-07-26T11:11:00Z,16996.57,IMPS,2357,2728,4,1,False,False,1,0
TXN_201327,2024-03-01T22:20:00Z,5456.15,NEFT,3291,3345,4,8,False,False,1,0
TXN_200172,2024-11-05T12:02:00Z,10054.59,NEFT,2139,790,0,4,False,False,1,0
TXN_201075,2024-10-12T09:07:00Z,41913.6,RTGS,1105,2854,7,3,False,False,0,0
TXN_200598,2024-09-30T16:59:00Z,6308.82,UPI,1333,1042,6,3,False,False,0,0
TXN_201071,2024-07-25T14:15:00Z,3786.58,UPI,1162,1581,7,6,False,False,1,0
TXN_200996,2024-07-26T09:38:00Z,963.97,UPI,3060,869,0,2,False,False,0,0
TXN_200645,2024-08-08T12:03:00Z,88686.25,IMPS,2535,2355,2,4,False,False,1,0
TXN_201130,2024-10-12T20:11:00Z,8259.41,UPI,3023,2228,1,7,False,False,1,0
TXN_201036,2024-11-07T08:05:00Z,3522.07,UPI,1826,3377,1,4,False,False,0,0
TXN_200891,2024-06-17T10:03:00Z,3378.56,RTGS,3228,891,5,9,False,False,1,0
TXN_201480,2024-09-16T07:18:00Z,25372.54,RTGS,677,1516,6,4,False,False,0,0
TXN_201583,2024-08-27T08:01:00Z,1724.46,RTGS,3432,1831,0,1,False,True,1,0
TXN_202039,2024-02-10T10:15:00Z,21949.1,IMPS,859,2621,0,3,False,False,0,0
TXN_200615,2024-07-13T06:08:00Z,946.35,IMPS,3102,593,4,8,True,False,1,0
TXN_200667,2024-05-26T08:46:00Z,7353.25,RTGS,1386,1546,1,4,False,False,1,0
TXN_200881,2024-03-14T11:41:00Z,2667.7,RTGS,2225,2389,0,9,False,False,0,0
TXN_201587,2024-03-14T10:51:00Z,3353.43,NEFT,3037,2210,1,9,False,True,0,0
TXN_201906,2024-07-25T16:40:00Z,1997.26,IMPS,1359,1252,1,6,False,False,0,0
TXN_201570,2024-07-13T21:57:00Z,9519.63,NEFT,549,270,0,9,False,False,0,0
TXN_200710,2024-12-07T20:45:00Z,1897.13,IMPS,2586,2536,5,6,False,True,1,0
TXN_201039,2024-03-12T19:21:00Z,24568.02,IMPS,1100,524,1,9,False,False,0,0
TXN_201478,2024-04-12T13:10:00Z,3967.61,RTGS,1486,1215,2,7,False,False,1,0
TXN_201370,2024-12-27T16:28:00Z,2420.14,UPI,3221,1303,5,5,False,False,1,0
TXN_200699,2024-09-11T20:14:00Z,14628.25,NEFT,2266,1233,2,5,False,False,1,0
TXN_201483,2024-03-29T08:41:00Z,26329.78,UPI,1118,1620,5,7,False,False,1,0
TXN_200512,2024-09-20T10:06:00Z,8076.78,RTGS,48,2320,6,1,False,False,0,0
TXN_202160,2024-10-29T03:15:00Z,49731.43,NEFT,562,1425,4,8,False,False,0,1
TXN_201614,2024-09-15T14:25:00Z,3119.89,UPI,1458,1973,5,5,False,False,1,0
TXN_200966,2024-11-07T09:03:00Z,9506.2,RTGS,2612,3613,4,9,False,False,0,0
TXN_201104,2024-12-08T08:44:00Z,1732.95,UPI,474,3564,7,9,False,True,0,0
TXN_201657,2024-01-26T10:17:00Z,4838.72,NEFT,98,3302,3,9,False,False,0,0
TXN_201675,2024-01-03T18:02:00Z,423.77,RTGS,416,1308,5,3,False,False,0,0
TXN_200015,2024-05-08T06:40:00Z,9400.77,RTGS,2430,1215,5,1,False,False,0,0
TXN_200545,2024-03-03T07:54:00Z,9381.56,NEFT,2853,1236,3,6,False,False,1,0
TXN_200082,2024-07-08T12:04:00Z,5358.37,IMPS,3379,3411,5,3,False,False,0,0
TXN_200411,2024-04-13T17:38:00Z,4314.69,UPI,2361,944,1,4,False,False,1,0
TXN_201869,2024-01-20T16:47:00Z,811.17,NEFT,1555,2516,6,7,False,False,0,0
TXN_201685,2024-04-26T22:16:00Z,5727.44,RTGS,2034,1356,2,9,False,False,0,0
TXN_201133,2024-02-21T21:14:00Z,9437.84,NEFT,564,1781,4,2,False,True,1,0
TXN_200227,2024-08-03T07:25:00Z,2559.95,NEFT,3003,1177,3,7,False,False,0,0
TXN_200408,2024-10-15T19:16:00Z,21065.89,UPI,2467,1010,1,5,False,True,0,0
TXN_200743,2024-07-12T18:11:00Z,13192.8,RTGS,195,1358,1,1,False,False,1,0
TXN_202038,2024-05-25T21:37:00Z,29821.18,RTGS,2094,1047,3,3,False,False,1,0
TXN_200737,2024-02-13T15:26:00Z,1657.69,IMPS,2683,1118,5,2,True,False,0,0
TXN_200080,2024-10-12T08:30:00Z,1586.74,IMPS,2277,1329,7,4,False,True,1,0
TXN_200621,2024-01-26T11:44:00Z,10467.63,NEFT,2471,3197,4,9,False,True,0,0
TXN_200392,2024-09-09T11:57:00Z,112916.42,RTGS,475,1545,0,1,False,False,1,0
TXN_201477,2024-01-28T09:36:00Z,24376.44,NEFT,2718,3248,7,8,False,False,0,0
TXN_201210,2024-12-08T09:45:00Z,5338.92,UPI,3604,2781,4,7,False,True,0,0
TXN_201750,2024-09-18T17:22:00Z,1258.89,NEFT,2526,2461,5,3,False,False,1,0
TXN_200168,2024-09-15T11:00:00Z,10022.53,UPI,2083,2869,4,9,False,False,1,0
TXN_202035,2024-03-05T16:50:00Z,30022.54,UPI,1102,3521,5,2,False,False,0,0
TXN_200451,2024-01-03T18:43:00Z,878.33,UPI,3033,2725,7,7,False,False,1,0
TXN_201652,2024-02-24T22:48:00Z,6553.01,NEFT,3604,1432,0,3,False,False,1,0
TXN_202095,2024-03-30T17:56:00Z,3552.61,IMPS,3096,661,3,8,False,False,0,0
TXN_200745,2024-09-29T20:51:00Z,3790.41,IMPS,2482,2675,2,3,False,True,1,0
TXN_201673,2024-05-09T15:59:00Z,919.33,UPI,1750,54,0,8,False,False,1,0
TXN_200304,2024-05-24T21:21:00Z,14295.9,NEFT,1447,815,6,9,False,False,1,0
TXN_201225,2024-03-07T12:25:00Z,283.0,IMPS,3557,3196,6,9,False,False,1,0
TXN_201309,2024-08-01T10:47:00Z,4600.67,UPI,1069,3288,4,6,False,False,0,0
TXN_200931,2024-12-14T07:44:00Z,2980.33,RTGS,1768,676,5,2,False,False,0,0
TXN_201932,2024-02-02T14:15:00Z,14531.87,IMPS,1246,2400,6,6,False,False,1,0
TXN_200440,2024-11-28T10:09:00Z,13892.45,RTGS,2781,2236,2,1,False,False,1,0
TXN_200735,2024-02-17T16:29:00Z,1863.76,NEFT,2739,1995,1,4,False,False,0,0
TXN_200367,2024-07-20T15:45:00Z,3736.67,UPI,1573,2467,7,3,True,False,0,0
TXN_200251,2024-01-16T12:16:00Z,13356.27,RTGS,2560,2590,6,1,False,False,1,0
TXN_201555,2024-07-02T19:02:00Z,13129.7,RTGS,2601,591,2,4,False,False,0,0
TXN_200139,2024-04-06T14:17:00Z,1977.95,RTGS,1030,2200,4,6,False,False,0,0
TXN_201289,2024-01-12T15:53:00Z,6414.15,UPI,256,1631,6,3,False,False,1,0
TXN_201310,2024-10-06T13:22:00Z,8682.57,IMPS,2363,2628,2,3,False,True,1,0
TXN_201928,2024-07-24T08:15:00Z,1299.22,IMPS,368,358,2,5,False,False,1,0
TXN_200238,2024-08-16T07:15:00Z,2831.79,UPI,3335,389,6,7,False,False,0,0
TXN_200258,2024-03-23T15:05:00Z,13225.41,RTGS,994,2312,7,9,False,False,0,0
TXN_200263,2024-01-25T09:19:00Z,207.43,IMPS,1029,1463,1,1,False,False,0,0
TXN_202107,2024-12-26T17:57:00Z,3194.56,IMPS,541,135,3,7,False,False,1,0
TXN_201646,2024-12-23T09:11:00Z,5846.92,UPI,2669,3389,2,3,False,False,0,0
TXN_200311,2024-02-20T10:56:00Z,1215.97,IMPS,2357,1995,3,5,False,False,1,0
TXN_201620,2024-02-13T15:18:00Z,8664.86,RTGS,2621,2426,4,4,True,False,0,0
TXN_202028,2024-01-09T09:14:00Z,4100.51,NEFT,1051,101,7,4,False,False,1,0
TXN_200309,2024-06-12T21:26:00Z,25268.22,RTGS,2080,2175,6,2,False,False,1,0
TXN_200913,2024-08-29T06:59:00Z,9678.8,NEFT,1238,571,4,8,True,False,1,0
TXN_201468,2024-09-21T17:38:00Z,29232.13,UPI,2355,2127,3,1,False,True,0,0
TXN_200163,2024-09-29T08:01:00Z,2994.23,NEFT,3211,2336,7,4,False,False,0,0
TXN_201969,2024-08-01T17:31:00Z,996.16,UPI,294,2218,4,5,False,False,0,0
TXN_200474,2024-01-28T15:24:00Z,94353.49,RTGS,1515,3098,6,6,False,False,1,0
TXN_201713,2024-03-28T08:16:00Z,1809.21,UPI,1801,516,5,1,False,False,0,0
TXN_200702,2024-04-30T19:20:00Z,3818.77,UPI,2094,1427,4,9,False,False,1,0
TXN_201321,2024-10-23T19:13:00Z,1422.88,UPI,1276,401,3,1,False,True,0,0
TXN_201496,2024-09-20T15:42:00Z,966.63,NEFT,591,1235,3,9,False,False,0,0
TXN_200121,2024-03-10T10:54:00Z,4930.79,UPI,1448,3358,2,3,False,False,1,0
TXN_200793,2024-10-05T22:56:00Z,13074.98,RTGS,1924,1278,0,8,False,False,0,0
TXN_201183,2024-10-10T16:52:00Z,10098.08,NEFT,1717,620,4,8,False,False,1,0
TXN_202098,2024-02-04T16:07:00Z,11205.4,IMPS,2790,1158,6,7,False,True,0,0
TXN_200771,2024-10-13T16:56:00Z,2959.5,RTGS,1493,2219,7,1,False,False,1,0
TXN_201281,2024-07-31T07:07:00Z,10792.52,RTGS,1921,1255,3,3,False,False,1,0
TXN_200565,2024-11-04T19:05:00Z,26389.6,NEFT,300,854,1,3,False,False,0,0
TXN_200744,2024-02-27T10:46:00Z,2554.46,NEFT,667,2807,0,5,False,True,0,0
TXN_200388,2024-03-26T16:23:00Z,3437.29,NEFT,320,1966,0,2,False,False,0,0
TXN_200173,2024-05-24T20:59:00Z,1718.08,RTGS,637,720,7,4,False,False,0,0
TXN_201295,2024-11-07T13:38:00Z,5522.85,IMPS,2518,3372,5,6,False,False,1,0
TXN_200077,2024-04-29T11:39:00Z,4656.4,RTGS,987,1056,5,8,False,False,0,0
TXN_200814,2024-07-25T12:41:00Z,3535.27,IMPS,708,2458,5,4,False,False,0,0
TXN_201926,2024-09-21T15:55:00Z,6011.69,NEFT,1390,1293,4,7,True,False,1,0
TXN_200391,2024-12-22T08:12:00Z,1934.56,UPI,1317,970,7,1,False,False,1,0
TXN_200265,2024-07-17T07:18:00Z,2185.9,NEFT,3519,493,0,4,False,False,0,0
TXN_200619,2024-04-28T19:42:00Z,895.41,UPI,3532,951,3,9,False,False,0,0
TXN_202071,2024-09-12T19:35:00Z,8882.24,UPI,2131,864,6,3,False,False,1,0
TXN_201027,2024-10-02T06:41:00Z,3517.21,IMPS,1365,1383,3,3,False,False,0,0
TXN_200434,2024-12-13T06:33:00Z,59137.25,IMPS,3100,1201,0,6,True,False,0,0
TXN_201172,2024-01-08T20:30:00Z,625.61,NEFT,315,494,1,7,False,False,0,0
TXN_200267,2024-12-15T14:12:00Z,429.69,IMPS,1801,495,1,8,False,False,0,0
TXN_200764,2024-05-01T14:03:00Z,775.4,IMPS,790,1915,0,7,False,False,1,0
TXN_200768,2024-05-25T14:01:00Z,15955.85,RTGS,3461,3489,3,1,False,False,0,0
TXN_201623,2024-03-30T12:33:00Z,15813.47,NEFT,1368,1829,1,5,False,False,1,0
TXN_200873,2024-09-03T18:14:00Z,1773.21,IMPS,3087,2151,5,6,False,False,0,0
TXN_200473,2024-01-25T09:45:00Z,9261.15,RTGS,1908,1648,7,9,False,False,1,0
TXN_201411,2024-03-21T12:46:00Z,6020.32,IMPS,156,1094,4,2,False,False,0,0
TXN_200054,2024-07-28T06:37:00Z,10265.32,RTGS,399,2346,3,4,False,False,0,0
TXN_201493,2024-02-16T12:54:00Z,2492.05,NEFT,1958,214,2,3,False,False,1,0
TXN_201357,2024-08-12T08:55:00Z,8820.72,UPI,1312,3065,1,9,False,False,0,0
TXN_201757,2024-01-24T18:21:00Z,10352.95,UPI,3429,2893,5,2,False,False,1,0
TXN_201916,2024-07-31T15:48:00Z,2162.04,IMPS,1934,3173,2,9,False,False,0,0
TXN_202013,2024-10-08T14:22:00Z,22484.19,UPI,3144,2774,4,9,False,False,0,0
TXN_200395,2024-10-06T18:44:00Z,8392.74,UPI,2668,2821,0,7,False,False,1,0
TXN_201081,2024-10-17T16:16:00Z,3474.01,RTGS,511,424,3,4,False,False,0,0
TXN_201563,2024-06-30T07:34:00Z,26122.79,RTGS,987,3541,7,7,False,False,0,0
TXN_201016,2024-05-31T16:08:00Z,2035.53,NEFT,796,2318,0,8,False,False,0,0
TXN_200405,2024-02-10T17:56:00Z,12937.03,RTGS,1526,3410,4,7,False,False,1,0
TXN_201308,2024-03-14T21:58:00Z,7840.42,RTGS,583,2944,1,7,False,False,1,0
TXN_200159,2024-04-24T16:00:00Z,2686.94,RTGS,2399,335,6,2,False,False,1,0
TXN_200181,2024-09-14T11:00:00Z,873.24,NEFT,1031,3166,5,6,False,True,1,0
TXN_201013,2024-01-18T15:31:00Z,53265.98,IMPS,3059,2045,4,4,True,False,0,0
TXN_202015,2024-03-28T16:25:00Z,6663.52,UPI,3250,408,5,6,False,True,1,0
TXN_201466,2024-01-22T17:50:00Z,40933.8,NEFT,3601,3051,3,6,False,False,1,0
TXN_201744,2024-04-19T13:43:00Z,13558.51,RTGS,150,2968,1,8,False,False,1,0
TXN_200539,2024-04-15T22:16:00Z,2778.49,IMPS,482,171,2,8,False,False,1,0
TXN_202127,2024-12-10T14:04:00Z,4206.04,RTGS,499,1638,5,7,False,True,0,0
TXN_201260,2024-06-23T14:49:00Z,1522.59,NEFT,1314,1088,5,9,False,False,1,0
TXN_200663,2024-02-15T18:46:00Z,11507.74,IMPS,3389,2403,7,4,False,False,1,0
TXN_200244,2024-12-04T13:28:00Z,10207.13,RTGS,325,3564,1,6,False,False,0,0
TXN_201332,2024-02-15T20:45:00Z,3831.32,RTGS,806,244,3,3,False,False,1,0
TXN_200115,2024-06-09T13:16:00Z,9637.57,UPI,1702,99,7,4,False,True,0,0
TXN_201549,2024-07-20T10:50:00Z,7396.83,NEFT,489,1728,6,5,False,False,1,0
TXN_200766,2024-11-29T17:31:00Z,70477.65,RTGS,1862,2733,6,6,False,False,1,0
TXN_201195,2024-08-10T12:24:00Z,2715.9,UPI,496,2342,7,6,False,True,0,0
TXN_201277,2024-01-13T15:08:00Z,21556.62,RTGS,1625,194,4,1,False,False,0,0
TXN_201418,2024-04-19T17:23:00Z,8992.98,IMPS,1763,1477,2,5,False,False,0,0
TXN_200787,2024-04-28T17:06:00Z,1811.95,NEFT,3582,693,0,5,False,False,0,0
TXN_200413,2024-04-15T11:56:00Z,78.13,RTGS,2643,1623,5,5,False,False,0,0
TXN_200578,2024-02-01T19:05:00Z,68619.66,NEFT,1248,3087,7,9,True,False,0,0
TXN_200317,2024-10-04T11:38:00Z,4855.78,UPI,3144,1484,6,8,False,False,1,0
TXN_200567,2024-01-01T13:22:00Z,3010.32,IMPS,316,579,5,2,False,True,0,0
TXN_200142,2024-01-28T16:55:00Z,13311.81,UPI,2308,1993,7,1,False,False,1,0
TXN_201314,2024-05-26T18:47:00Z,4850.57,IMPS,2522,769,2,1,False,False,1,0
TXN_200427,2024-12-23T13:23:00Z,1195.14,NEFT,3252,1832,1,5,False,True,0,0
TXN_202139,2024-08-12T04:52:00Z,197566.97,IMPS,733,2876,1,6,False,False,0,1
TXN_200275,2024-08-25T06:31:00Z,13684.79,NEFT,1299,1702,1,7,False,False,1,0
TXN_201639,2024-04-23T20:45:00Z,4240.87,UPI,812,1934,6,1,False,True,1,0
TXN_200774,2024-05-26T18:16:00Z,11099.05,UPI,3129,2628,2,8,False,False,1,0
TXN_200466,2024-03-22T22:49:00Z,9622.65,UPI,1522,646,4,6,False,False,1,0
TXN_201522,2024-11-17T20:36:00Z,7193.56,RTGS,561,1505,7,8,False,False,0,0
TXN_200186,2024-12-19T09:24:00Z,4471.69,NEFT,2028,2244,6,3,False,False,0,0
TXN_201918,2024-01-24T17:57:00Z,28906.56,UPI,2235,363,3,3,True,False,0,0
TXN_200821,2024-05-23T13:58:00Z,9031.88,NEFT,1907,2474,4,2,False,False,1,0
TXN_200670,2024-02-12T15:09:00Z,2416.65,RTGS,982,2547,2,7,False,False,0,0
TXN_200725,2024-11-27T21:21:00Z,32282.15,UPI,1898,719,5,8,False,False,1,0
TXN_200936,2024-02-18T11:57:00Z,2398.37,IMPS,859,852,1,7,False,False,1,0
TXN_200853,2024-09-04T06:58:00Z,2093.99,NEFT,1077,1065,5,7,False,False,0,0
TXN_200308,2024-07-11T22:28:00Z,2419.65,RTGS,715,2387,2,9,False,False,0,0
TXN_201029,2024-05-07T08:19:00Z,1790.93,RTGS,3326,2878,1,6,False,True,0,0
TXN_201660,2024-05-30T10:49:00Z,1307.18,UPI,3420,2468,1,9,False,False,0,0
TXN_201499,2024-04-21T06:44:00Z,21339.77,RTGS,1736,1557,1,4,False,False,0,0
TXN_200644,2024-06-25T17:23:00Z,4008.53,UPI,3271,1892,6,8,False,False,0,0
TXN_202152,2024-07-01T03:22:00Z,60442.48,RTGS,105,3601,4,4,False,False,1,1
TXN_201083,2024-12-29T14:49:00Z,3575.12,RTGS,3232,2091,2,7,False,False,1,0
TXN_201904,2024-03-05T20:24:00Z,23385.72,RTGS,871,3229,7,9,False,True,0,0
TXN_200592,2024-12-27T06:38:00Z,6994.94,IMPS,2376,2295,2,4,False,False,0,0
TXN_201237,2024-05-20T09:12:00Z,554.52,NEFT,1576,138,4,2,False,False,1,0
TXN_200330,2024-06-13T18:29:00Z,36927.0,UPI,3152,1192,3,8,False,False,0,0
TXN_201960,2024-09-13T17:46:00Z,1607.48,UPI,3508,2539,7,1,True,False,0,0
TXN_200380,2024-03-03T17:00:00Z,36271.65,NEFT,1278,2566,3,4,False,False,0,0
TXN_200939,2024-05-26T15:49:00Z,10130.18,IMPS,1351,253,4,5,False,False,0,0
TXN_202146,2024-02-21T03:29:00Z,30900.58,UPI,157,808,2,4,False,False,0,1
TXN_200982,2024-07-15T14:39:00Z,3533.68,IMPS,2217,137,0,9,False,False,1,0
TXN_201344,2024-01-12T11:46:00Z,37708.73,UPI,270,1086,1,7,False,False,0,0
TXN_201262,2024-03-25T06:07:00Z,8367.59,UPI,2797,1665,1,6,False,False,1,0
TXN_201883,2024-03-13T11:07:00Z,6989.26,RTGS,590,1856,2,2,False,False,0,0
TXN_201375,2024-09-18T14:29:00Z,6598.98,RTGS,988,555,0,1,False,False,1,0
TXN_201202,2024-10-21T19:09:00Z,9314.92,RTGS,663,2988,2,8,False,False,0,0
TXN_200301,2024-01-18T17:29:00Z,2761.27,UPI,2159,3365,0,5,False,False,0,0
TXN_200285,2024-11-14T19:49:00Z,5191.84,UPI,1279,2090,2,9,False,False,1,0
TXN_201746,2024-04-10T12:11:00Z,1516.87,IMPS,1001,1631,4,8,False,False,0,0
TXN_200788,2024-11-04T15:08:00Z,4590.96,NEFT,720,129,5,2,False,False,0,0
TXN_201031,2024-04-26T08:29:00Z,752.06,NEFT,966,455,4,1,False,False,0,0
TXN_200180,2024-10-08T15:03:00Z,9631.79,IMPS,1141,1480,3,4,False,False,1,0
TXN_200750,2024-06-26T07:40:00Z,67983.41,RTGS,997,1915,0,2,False,False,1,0
TXN_201303,2024-07-10T06:17:00Z,6198.3,RTGS,2717,1939,5,7,False,False,0,0
TXN_200860,2024-10-06T19:41:00Z,294.34,NEFT,1202,1954,4,8,False,False,1,0
TXN_201402,2024-01-15T15:55:00Z,1498.43,IMPS,2443,2856,5,2,False,False,1,0
TXN_201644,2024-02-16T08:42:00Z,533.7,UPI,3447,861,5,8,True,False,1,0
TXN_200246,2024-04-29T22:49:00Z,2227.41,IMPS,91,1706,4,4,False,True,0,0
TXN_202128,2024-08-10T22:47:00Z,5933.1,IMPS,2858,1337,5,5,False,False,1,0
TXN_200356,2024-03-13T08:37:00Z,2647.08,RTGS,1436,1384,4,4,False,False,1,0
TXN_201356,2024-09-18T22:36:00Z,660.19,UPI,3167,3534,7,9,True,True,1,0
TXN_200691,2024-06-29T14:21:00Z,891.01,UPI,750,398,7,1,False,False,0,0
TXN_201622,2024-07-16T08:16:00Z,11576.53,UPI,55,1130,2,5,False,False,1,0
TXN_200949,2024-06-18T09:37:00Z,48435.69,UPI,3633,3071,5,7,False,False,1,0
TXN_200654,2024-12-29T11:20:00Z,10759.13,RTGS,795,1589,4,5,False,False,1,0
TXN_200102,2024-09-29T17:32:00Z,1864.37,RTGS,2261,1269,7,4,True,False,1,0
TXN_200527,2024-11-19T09:27:00Z,4783.24,IMPS,1446,2198,7,3,False,True,0,0
TXN_200896,2024-09-19T18:34:00Z,2803.77,RTGS,2335,2163,4,1,False,False,1,0
TXN_201971,2024-06-19T07:53:00Z,363.9,NEFT,1164,2323,5,7,False,True,1,0
TXN_201712,2024-11-22T20:03:00Z,9700.62,IMPS,959,2445,2,6,False,True,0,0
TXN_200064,2024-08-25T07:43:00Z,2308.42,IMPS,3392,2078,3,1,False,False,1,0
TXN_201957,2024-01-19T20:09:00Z,2826.31,RTGS,2358,203,4,1,False,False,1,0
TXN_200500,2024-02-10T12:26:00Z,11400.51,NEFT,1071,1319,0,6,False,False,0,0
TXN_201296,2024-12-18T12:36:00Z,14091.97,NEFT,227,3010,2,2,False,False,0,0
TXN_201271,2024-06-11T07:34:00Z,8322.1,NEFT,1229,950,6,9,False,False,1,0
TXN_200593,2024-11-27T13:34:00Z,11382.46,RTGS,1319,2303,1,4,False,False,0,0
TXN_200097,2024-05-02T07:04:00Z,2602.91,NEFT,2504,1174,6,3,False,False,1,0
TXN_200682,2024-02-10T19:53:00Z,1215.56,NEFT,1255,3493,5,9,False,False,1,0
TXN_201048,2024-10-03T09:44:00Z,1543.42,RTGS,2310,966,0,2,False,False,0,0
TXN_200093,2024-03-11T16:25:00Z,7668.88,IMPS,3484,2220,2,3,False,False,1,0
TXN_201945,2024-01-23T10:17:00Z,39886.94,RTGS,1416,3077,4,4,True,False,0,0
TXN_200968,2024-06-12T13:53:00Z,3535.79,NEFT,521,1191,4,6,False,False,0,0
TXN_200293,2024-09-05T20:45:00Z,1093.37,IMPS,233,672,6,1,False,False,1,0
TXN_200425,2024-07-27T11:29:00Z,20260.71,UPI,2092,1090,3,5,False,False,1,0
TXN_202106,2024-06-05T17:27:00Z,2429.34,IMPS,1267,380,6,4,False,True,1,0
TXN_201689,2024-06-20T07:01:00Z,8759.75,IMPS,233,3567,5,3,False,True,1,0
TXN_200805,2024-09-12T09:40:00Z,1936.83,RTGS,183,139,1,8,False,False,0,0
TXN_200575,2024-09-19T11:47:00Z,3055.35,IMPS,1675,347,0,8,False,False,0,0
TXN_201686,2024-06-26T08:29:00Z,530.62,UPI,608,417,0,3,False,False,0,0
TXN_200981,2024-07-13T12:02:00Z,1056.72,UPI,2083,2963,6,7,False,False,0,0
TXN_201807,2024-01-09T12:12:00Z,4734.25,UPI,657,2407,7,5,False,False,0,0
TXN_200106,2024-08-04T17:05:00Z,52567.68,NEFT,2360,2829,3,3,False,False,1,0
TXN_202031,2024-11-17T17:41:00Z,1343.33,UPI,1792,1074,5,9,False,False,1,0
TXN_200707,2024-07-28T06:46:00Z,1312.34,UPI,620,3366,1,9,False,False,1,0
TXN_201393,2024-05-30T09:26:00Z,371.13,IMPS,400,1826,6,4,False,False,0,0
TXN_201005,2024-01-06T11:04:00Z,2995.51,UPI,1071,126,5,4,False,False,0,0
TXN_200343,2024-10-06T11:09:00Z,842.01,IMPS,2055,508,5,2,False,False,1,0
TXN_200617,2024-08-15T09:20:00Z,12821.5,RTGS,101,1042,0,8,False,False,1,0
TXN_200457,2024-08-16T22:48:00Z,2569.84,IMPS,2688,3602,1,5,False,False,0,0
TXN_201843,2024-02-03T20:38:00Z,34610.35,IMPS,1126,2603,7,8,False,False,1,0
TXN_200698,2024-11-09T21:55:00Z,1192.72,NEFT,489,3626,5,7,True,False,1,0
TXN_201044,2024-05-27T16:37:00Z,14535.88,NEFT,674,1175,2,2,False,False,1,0
TXN_201628,2024-04-14T14:26:00Z,3838.3,RTGS,1326,1599,1,8,False,False,0,0
TXN_200640,2024-09-22T08:16:00Z,4609.33,RTGS,2231,1689,2,5,False,False,1,0
TXN_201209,2024-03-16T14:11:00Z,15271.85,RTGS,787,1243,2,5,False,False,0,0
TXN_200081,2024-01-16T20:31:00Z,34527.65,IMPS,422,212,7,3,False,False,0,0
TXN_200145,2024-09-08T08:16:00Z,2867.27,RTGS,1942,3207,1,7,False,False,1,0
TXN_200622,2024-08-14T11:11:00Z,4285.6,NEFT,3595,708,2,4,False,False,1,0
TXN_201241,2024-12-13T06:50:00Z,4952.03,NEFT,1974,44,7,5,False,False,1,0
TXN_201935,2024-06-20T14:17:00Z,139511.49,RTGS,1097,973,2,2,False,False,0,0
TXN_201575,2024-10-28T21:52:00Z,32208.87,NEFT,198,573,7,6,False,False,0,0
TXN_200847,2024-04-22T07:20:00Z,1086.3,NEFT,2661,2681,6,4,False,True,1,0
TXN_201979,2024-05-14T09:10:00Z,8317.86,NEFT,1233,1773,7,8,False,False,1,0
TXN_201978,2024-10-21T08:41:00Z,19478.4,RTGS,2435,2527,3,1,False,True,0,0
TXN_200624,2024-11-13T10:38:00Z,1407.59,IMPS,388,3419,1,8,False,False,0,0
TXN_201952,2024-08-06T18:03:00Z,7406.98,RTGS,1195,1924,7,1,False,False,1,0
TXN_202034,2024-07-18T12:27:00Z,27497.19,IMPS,2049,1233,3,9,False,False,0,0
TXN_201214,2024-01-04T18:12:00Z,13419.99,IMPS,995,853,0,8,False,True,0,0
TXN_201961,2024-12-15T17:58:00Z,9825.31,IMPS,2585,3268,5,2,False,False,0,0
TXN_200439,2024-03-02T13:10:00Z,9080.19,NEFT,1706,322,6,1,False,True,1,0
TXN_201857,2024-03-09T18:52:00Z,2936.27,IMPS,3575,2455,5,1,False,True,1,0
TXN_200127,2024-06-09T13:06:00Z,27420.13,NEFT,2233,3222,0,5,False,False,0,0
TXN_201767,2024-06-15T19:05:00Z,1227.29,UPI,2785,2235,2,1,False,False,0,0
TXN_201319,2024-03-14T11:38:00Z,1288.62,IMPS,866,1020,7,8,False,False,1,0
TXN_201515,2024-08-22T21:13:00Z,464.43,RTGS,1824,2383,6,6,False,False,1,0
TXN_200514,2024-08-19T08:06:00Z,3008.8,NEFT,3366,3233,5,5,False,False,1,0
TXN_201025,2024-04-30T19:18:00Z,21686.39,IMPS,3550,1661,4,4,False,False,1,0
TXN_201474,2024-02-07T06:36:00Z,69051.78,RTGS,1274,1558,5,7,False,False,1,0
TXN_201280,2024-07-08T12:29:00Z,13643.09,RTGS,2428,3623,2,3,False,False,1,0
TXN_202110,2024-07-24T06:57:00Z,6987.36,NEFT,363,2655,6,8,False,False,1,0
TXN_201286,2024-09-17T09:44:00Z,828.89,NEFT,1647,2187,3,5,False,False,0,0
TXN_200376,2024-01-08T17:57:00Z,4093.27,IMPS,3330,916,6,4,False,False,1,0
TXN_200777,2024-06-25T20:13:00Z,9432.41,RTGS,3580,1943,1,8,False,False,1,0
TXN_200902,2024-11-12T09:05:00Z,2295.93,UPI,2615,2024,2,1,False,False,1,0
TXN_201747,2024-02-12T13:51:00Z,2763.57,NEFT,1259,3484,2,8,False,False,0,0
TXN_201659,2024-04-06T12:27:00Z,1046.79,UPI,2696,2472,7,2,False,False,0,0
TXN_202161,2024-12-25T04:32:00Z,76703.17,IMPS,2219,1733,6,6,False,False,0,1
TXN_201178,2024-08-29T22:22:00Z,1166.59,RTGS,1489,2159,4,1,False,False,1,0
TXN_200381,2024-12-27T16:37:00Z,34372.79,RTGS,2157,1880,3,9,False,False,0,0
TXN_200424,2024-03-13T09:56:00Z,4256.16,IMPS,1729,3525,2,3,False,False,0,0
TXN_201400,2024-05-04T17:23:00Z,5091.72,RTGS,3295,1256,1,1,False,False,1,0
TXN_201084,2024-05-06T15:14:00Z,2193.77,IMPS,918,2813,4,5,False,False,1,0
TXN_200141,2024-10-26T15:01:00Z,4445.15,NEFT,2023,3051,2,3,False,False,0,0
TXN_200443,2024-10-25T12:35:00Z,10273.94,RTGS,2931,1389,7,4,False,False,1,0
TXN_202164,2024-08-10T02:57:00Z,102677.95,UPI,1218,369,4,4,False,False,1,1
TXN_202088,2024-11-18T16:55:00Z,4353.01,IMPS,2701,1878,3,7,False,False,1,0
TXN_202177,2024-01-18T02:17:00Z,84265.46,RTGS,2292,3143,2,7,False,False,0,1
TXN_202136,2024-04-02T02:38:00Z,188324.73,NEFT,171,1392,4,9,True,False,0,1
TXN_200804,2024-09-28T18:54:00Z,73106.47,UPI,836,40,4,6,False,False,0,0
TXN_201860,2024-10-13T12:45:00Z,21202.54,RTGS,584,2995,0,5,False,False,1,0
TXN_202082,2024-05-08T11:23:00Z,7224.08,RTGS,153,635,1,3,False,False,0,0
TXN_201437,2024-08-08T17:27:00Z,10719.38,NEFT,3511,331,6,6,False,True,0,0
TXN_201079,2024-10-01T09:00:00Z,480.77,UPI,459,1538,1,8,False,False,0,0
TXN_201300,2024-09-01T10:52:00Z,1793.45,IMPS,3336,2837,3,3,False,False,1,0
TXN_200649,2024-12-16T07:34:00Z,1702.31,UPI,1946,1045,2,5,False,False,0,0
TXN_200906,2024-12-17T15:14:00Z,18642.78,NEFT,288,552,7,3,False,False,0,0
TXN_200502,2024-04-01T16:17:00Z,2006.28,IMPS,3628,2354,6,3,False,False,1,0
TXN_200678,2024-11-15T11:00:00Z,8388.78,NEFT,123,3306,1,6,False,False,0,0
TXN_200653,2024-02-04T15:39:00Z,7414.81,UPI,3374,1167,2,7,False,False,1,0
TXN_201831,2024-03-26T10:59:00Z,8636.09,NEFT,2151,1237,1,3,False,False,0,0
TXN_201284,2024-01-26T22:27:00Z,20045.72,RTGS,946,2900,6,1,False,False,1,0
TXN_201426,2024-12-06T13:58:00Z,2219.13,UPI,587,2602,7,8,False,False,0,0
TXN_200943,2024-04-04T06:54:00Z,764.3,RTGS,2079,3607,1,5,False,True,1,0
TXN_200091,2024-04-06T20:47:00Z,9255.3,IMPS,2569,1065,0,8,False,False,0,0
TXN_200888,2024-07-16T10:24:00Z,2116.93,UPI,1745,225,6,3,False,False,0,0
TXN_200316,2024-11-15T21:27:00Z,2415.86,RTGS,1781,817,0,7,False,False,1,0
TXN_201754,2024-09-16T19:40:00Z,1316.04,RTGS,2496,1503,0,5,False,False,0,0
TXN_200779,2024-10-28T13:57:00Z,5117.54,UPI,2162,1213,4,6,False,False,0,0
TXN_201613,2024-07-23T19:56:00Z,1978.34,UPI,966,2965,6,9,False,False,0,0
TXN_200153,2024-03-19T06:59:00Z,2065.19,RTGS,2831,376,3,2,False,False,0,0
TXN_200785,2024-12-21T20:08:00Z,3424.45,RTGS,1347,675,7,5,False,False,0,0
TXN_201001,2024-11-11T22:20:00Z,6154.45,UPI,2915,1001,6,6,False,False,0,0
TXN_200566,2024-04-26T21:13:00Z,14328.54,RTGS,2019,2022,4,6,False,False,1,0
TXN_201732,2024-03-24T16:57:00Z,18393.37,RTGS,1540,2507,7,6,False,False,1,0
TXN_200712,2024-07-10T17:40:00Z,1765.78,IMPS,1736,1772,1,9,False,False,0,0
TXN_200270,2024-12-05T14:08:00Z,55711.09,UPI,1912,3511,2,2,False,True,0,0
TXN_200485,2024-08-09T11:45:00Z,1898.94,UPI,778,548,1,7,False,False,0,0
TXN_201956,2024-09-22T08:24:00Z,8825.21,IMPS,1805,2787,4,9,False,False,0,0
TXN_200368,2024-03-11T15:33:00Z,3755.41,IMPS,2216,1584,3,1,False,True,0,0
TXN_200021,2024-07-24T15:55:00Z,14418.98,UPI,2682,1283,7,7,False,False,1,0
TXN_201119,2024-04-26T17:43:00Z,5718.51,RTGS,1555,2243,2,3,False,True,1,0
TXN_200655,2024-06-05T15:30:00Z,3543.33,RTGS,262,2570,4,5,False,False,1,0
TXN_200979,2024-09-05T14:28:00Z,3070.54,IMPS,3570,264,7,7,False,False,0,0
TXN_201149,2024-12-09T18:35:00Z,7651.18,UPI,335,3358,4,8,False,False,1,0
TXN_201845,2024-05-09T11:39:00Z,10944.26,RTGS,274,1505,3,1,False,False,1,0
TXN_200374,2024-08-19T08:01:00Z,15416.04,NEFT,2179,1667,2,8,False,False,0,0
TXN_201800,2024-11-10T22:55:00Z,5543.22,NEFT,1484,1707,5,9,True,True,0,0
TXN_200492,2024-10-04T21:08:00Z,713.68,IMPS,2198,1415,3,5,False,False,0,0
TXN_201727,2024-10-26T15:08:00Z,4932.74,NEFT,2454,1865,0,8,False,False,1,0
TXN_200306,2024-12-15T09:55:00Z,227.21,RTGS,2250,433,0,7,False,False,0,0
TXN_201434,2024-12-10T10:21:00Z,14382.53,RTGS,3299,169,1,7,False,False,1,0
TXN_202148,2024-01-19T04:23:00Z,140276.58,RTGS,1998,2116,6,5,False,False,0,1
TXN_200235,2024-06-03T10:09:00Z,6554.52,IMPS,1872,3084,0,8,False,False,0,0
TXN_200953,2024-03-25T20:46:00Z,2817.62,NEFT,2481,2516,7,8,False,False,0,0
TXN_200538,2024-05-30T13:59:00Z,5258.68,IMPS,2270,325,5,5,False,False,0,0
TXN_200302,2024-06-01T10:37:00Z,5355.04,RTGS,1400,740,5,6,False,False,0,0
TXN_200952,2024-08-26T14:40:00Z,13133.59,NEFT,589,3546,3,9,False,False,1,0
TXN_201821,2024-10-08T15:25:00Z,6104.33,NEFT,2742,2675,7,4,False,False,0,0
TXN_200028,2024-08-13T15:29:00Z,55994.31,IMPS,2970,333,7,7,False,True,1,0
TXN_200085,2024-07-03T22:00:00Z,14380.38,RTGS,301,1415,0,7,False,False,0,0
TXN_200907,2024-03-09T16:33:00Z,363.78,RTGS,295,2945,3,5,False,True,0,0
TXN_201633,2024-10-12T12:38:00Z,9316.84,UPI,1605,2290,2,2,False,False,0,0
TXN_201917,2024-10-12T21:25:00Z,799.59,UPI,909,1060,1,9,False,False,1,0
TXN_200289,2024-09-21T13:38:00Z,4236.29,NEFT,1905,3316,7,5,True,False,0,0
TXN_201578,2024-12-26T18:21:00Z,2568.17,IMPS,2549,2075,7,1,True,False,1,0
TXN_200796,2024-11-09T21:25:00Z,8924.34,UPI,2578,1504,2,1,False,False,0,0
TXN_201379,2024-07-24T09:22:00Z,2085.65,IMPS,1113,3359,5,3,False,False,1,0
TXN_200741,2024-09-21T06:10:00Z,2211.34,UPI,2256,3160,0,9,False,False,0,0
TXN_201129,2024-10-05T06:14:00Z,17165.76,UPI,1078,321,0,8,False,True,1,0
TXN_200938,2024-11-04T12:08:00Z,3348.42,RTGS,2888,974,0,2,False,False,0,0
TXN_201715,2024-12-11T17:03:00Z,8855.24,RTGS,294,1604,1,3,False,False,1,0
TXN_201880,2024-02-03T18:23:00Z,3076.24,UPI,2955,1972,4,9,True,False,0,0
TXN_202064,2024-10-05T08:33:00Z,10333.93,UPI,3647,215,4,9,False,False,1,0
TXN_200505,2024-12-02T13:24:00Z,1773.72,UPI,990,1155,1,7,False,False,1,0
TXN_200421,2024-11-24T16:23:00Z,1129.55,NEFT,3636,748,7,5,False,False,0,0
TXN_201063,2024-06-04T20:51:00Z,341.2,IMPS,1879,240,0,9,False,False,1,0
TXN_201141,2024-01-11T14:59:00Z,13393.32,IMPS,709,2471,6,5,False,True,0,0
TXN_202112,2024-04-10T20:51:00Z,2016.03,RTGS,70,1974,0,2,False,False,1,0
TXN_200664,2024-09-26T12:16:00Z,11366.11,RTGS,3095,3023,7,9,False,False,1,0
TXN_201514,2024-11-02T13:00:00Z,31279.56,UPI,649,3557,0,5,False,False,1,0
TXN_200837,2024-06-16T22:15:00Z,33518.5,NEFT,1285,1362,6,9,False,True,0,0
TXN_200243,2024-03-03T13:56:00Z,7091.2,UPI,1677,1574,7,8,False,False,0,0
TXN_200877,2024-10-11T20:26:00Z,2414.27,RTGS,2884,2249,2,7,False,False,0,0
TXN_202000,2024-06-18T20:38:00Z,1939.92,IMPS,3053,1876,1,1,False,False,0,0
TXN_200401,2024-02-22T15:02:00Z,1527.83,NEFT,3249,197,2,7,False,False,0,0
TXN_201634,2024-08-08T17:54:00Z,1266.85,IMPS,778,1385,7,9,False,True,1,0
TXN_200932,2024-03-17T11:37:00Z,9939.49,UPI,2371,1686,7,8,False,False,1,0
TXN_201158,2024-05-22T21:21:00Z,9130.62,NEFT,3339,3087,2,1,False,False,0,0
TXN_201641,2024-01-17T14:26:00Z,41925.01,UPI,688,1507,5,5,False,False,0,0
TXN_200247,2024-09-30T20:10:00Z,2145.93,NEFT,1552,451,0,9,False,False,0,0
TXN_202026,2024-01-10T21:37:00Z,2865.6,UPI,2914,2038,5,9,False,False,1,0
TXN_201527,2024-02-29T17:58:00Z,53343.83,UPI,2452,106,2,1,False,False,0,0
TXN_201328,2024-08-06T14:39:00Z,6778.3,IMPS,1277,3214,2,6,False,False,1,0
TXN_200843,2024-12-19T18:14:00Z,12944.64,IMPS,1404,717,0,4,False,False,1,0
TXN_200377,2024-08-17T21:42:00Z,37067.12,IMPS,1358,2150,1,2,False,False,0,0
TXN_201783,2024-09-06T06:24:00Z,1614.77,UPI,1855,1049,3,2,False,False,0,0
TXN_200320,2024-07-08T08:11:00Z,2140.59,RTGS,1724,3620,3,7,False,True,1,0
TXN_201592,2024-11-04T13:43:00Z,20270.16,NEFT,2907,1122,4,1,False,False,1,0
TXN_201859,2024-10-10T21:42:00Z,9781.95,IMPS,2869,1723,7,5,False,True,1,0
TXN_200852,2024-05-27T15:20:00Z,2207.96,IMPS,1012,1709,4,9,True,False,1,0
TXN_200269,2024-05-11T15:28:00Z,24105.96,IMPS,82,1753,2,9,False,False,0,0
TXN_201439,2024-04-13T22:51:00Z,3524.65,NEFT,2023,170,5,2,True,False,1,0
TXN_201463,2024-05-19T18:20:00Z,17009.76,NEFT,2281,865,2,2,False,False,1,0
TXN_201010,2024-11-21T06:18:00Z,7125.11,UPI,2227,2312,1,6,False,False,0,0
TXN_200298,2024-01-08T12:46:00Z,10849.39,IMPS,1016,1934,2,7,False,False,1,0
TXN_200780,2024-07-13T15:05:00Z,3262.85,UPI,1470,1089,4,1,False,True,0,0
TXN_202133,2024-05-08T22:12:00Z,22063.24,IMPS,2687,1759,3,9,False,False,1,0
TXN_201687,2024-09-28T07:48:00Z,25943.15,UPI,3562,2655,7,8,False,False,0,0
TXN_202154,2024-12-10T16:36:00Z,52146.62,UPI,1402,330,6,24,True,True,0,1
TXN_201564,2024-05-10T08:23:00Z,288.19,NEFT,3015,3449,4,6,False,False,1,0
TXN_200987,2024-02-01T06:26:00Z,9626.25,NEFT,559,1156,7,3,False,True,1,0
TXN_200997,2024-08-21T21:14:00Z,26425.42,UPI,134,2973,2,9,False,False,0,0
TXN_200561,2024-02-06T11:26:00Z,1751.7,RTGS,1933,3331,0,8,False,False,1,0
TXN_202171,2024-06-12T13:04:00Z,3477.06,IMPS,3,2465,3,9,True,False,0,1
TXN_201198,2024-09-18T21:48:00Z,5678.35,RTGS,631,342,2,9,False,False,1,0
TXN_200517,2024-07-14T08:59:00Z,42438.53,IMPS,373,265,5,8,False,False,1,0
TXN_200259,2024-11-13T08:21:00Z,3721.95,NEFT,290,469,7,2,False,False,0,0
TXN_201525,2024-07-07T14:14:00Z,10116.9,IMPS,1636,3592,4,1,False,False,1,0
TXN_201832,2024-11-21T13:51:00Z,520.68,IMPS,1824,3409,7,9,False,False,0,0
TXN_200467,2024-08-17T06:15:00Z,1747.67,UPI,673,2513,0,7,False,False,1,0
TXN_200999,2024-07-26T10:32:00Z,6324.18,NEFT,1204,93,5,3,False,True,0,0
TXN_200631,2024-03-03T20:16:00Z,3369.44,UPI,1162,3235,4,3,False,False,1,0
TXN_200252,2024-06-27T19:12:00Z,1560.38,NEFT,3292,3085,1,1,False,False,0,0
TXN_201844,2024-08-15T18:59:00Z,15871.87,RTGS,282,143,7,8,False,False,0,0
TXN_202195,2024-06-01T17:03:00Z,1858.11,NEFT,241,442,2,21,False,False,0,1
TXN_200546,2024-01-03T11:27:00Z,2137.49,UPI,2511,1350,5,2,False,False,0,0
TXN_201966,2024-02-10T12:09:00Z,1155.57,IMPS,2537,3206,3,8,False,False,1,0
TXN_201374,2024-12-24T18:55:00Z,10919.79,UPI,2322,2172,7,6,False,False,0,0
TXN_201427,2024-08-12T11:20:00Z,1128.36,RTGS,3432,156,3,7,False,False,0,0
TXN_201785,2024-10-23T10:43:00Z,48403.27,IMPS,883,902,7,8,False,False,1,0
TXN_200299,2024-06-16T16:57:00Z,33196.85,UPI,1355,1099,0,2,False,False,0,0
TXN_200917,2024-01-01T07:12:00Z,6393.4,NEFT,626,3303,7,9,False,True,0,0
TXN_200985,2024-07-13T13:35:00Z,17175.64,IMPS,1400,1855,5,8,False,True,1,0
TXN_201106,2024-10-28T21:14:00Z,892.95,UPI,108,953,4,9,False,False,1,0
TXN_201889,2024-05-25T12:07:00Z,5790.12,NEFT,865,1271,2,8,False,False,0,0
TXN_200143,2024-01-29T06:41:00Z,419.73,IMPS,2448,3251,1,8,False,False,1,0
TXN_201745,2024-05-08T20:04:00Z,18452.9,RTGS,2141,3465,2,8,False,False,1,0
TXN_201792,2024-09-24T06:28:00Z,85681.73,IMPS,3274,2335,3,9,False,False,1,0
TXN_200290,2024-03-23T11:17:00Z,9198.99,UPI,1044,344,7,4,False,True,1,0
TXN_200431,2024-07-06T17:32:00Z,5253.08,RTGS,1760,1818,1,4,False,False,1,0
TXN_200109,2024-12-17T13:12:00Z,905.04,RTGS,409,1352,3,5,False,False,1,0
TXN_200831,2024-02-02T20:30:00Z,6748.69,RTGS,2668,1476,6,6,True,False,1,0
TXN_202103,2024-04-26T09:14:00Z,20238.18,RTGS,1787,1861,3,4,False,False,1,0
TXN_201112,2024-09-07T12:43:00Z,3520.52,IMPS,1537,840,3,6,False,False,1,0
TXN_201180,2024-04-25T14:39:00Z,1912.32,IMPS,2275,2159,6,9,False,False,0,0
TXN_200116,2024-04-17T15:09:00Z,3309.7,RTGS,1763,2692,6,8,False,False,0,0
TXN_201580,2024-05-07T11:10:00Z,12905.1,UPI,2553,1394,5,3,False,False,1,0
TXN_200225,2024-01-15T12:15:00Z,851.8,IMPS,1833,635,7,5,False,False,1,0
TXN_201497,2024-11-27T06:44:00Z,2406.7,NEFT,1478,1099,2,9,False,True,0,0
TXN_200255,2024-12-14T19:15:00Z,305.28,RTGS,2981,2120,6,8,False,False,0,0
TXN_200547,2024-11-29T06:23:00Z,4269.9,UPI,2201,622,6,4,False,False,0,0
TXN_201414,2024-07-24T08:31:00Z,7437.92,IMPS,567,630,2,6,False,False,1,0
TXN_200348,2024-02-04T08:47:00Z,4718.84,IMPS,2625,239,0,2,False,False,1,0
TXN_200212,2024-01-10T21:02:00Z,1292.49,RTGS,987,2056,5,7,False,True,0,0
TXN_200072,2024-05-16T20:10:00Z,56635.66,RTGS,283,63,0,5,False,True,0,0
TXN_201936,2024-07-08T20:43:00Z,15313.5,NEFT,611,859,6,4,False,False,0,0
TXN_201506,2024-04-23T09:33:00Z,7553.26,IMPS,1734,3106,7,4,False,False,1,0
TXN_201531,2024-01-04T07:38:00Z,7584.28,UPI,260,3010,6,5,False,False,1,0
TXN_200204,2024-01-26T11:04:00Z,1205.07,NEFT,3119,2705,2,9,False,False,0,0
TXN_201653,2024-11-10T16:49:00Z,21190.81,UPI,483,2219,4,5,False,True,1,0
TXN_200866,2024-05-23T11:46:00Z,4305.93,IMPS,1984,1547,7,6,False,False,1,0
TXN_201728,2024-08-12T20:42:00Z,2284.26,UPI,1651,2591,2,5,False,False,0,0
TXN_200882,2024-12-14T06:07:00Z,12553.71,UPI,1371,542,4,8,False,False,0,0
TXN_200034,2024-03-27T22:49:00Z,4862.25,RTGS,2100,760,0,5,False,False,1,0
TXN_201126,2024-12-20T10:02:00Z,19626.82,RTGS,3576,1131,1,3,False,False,0,0
TXN_200533,2024-10-05T08:00:00Z,1733.83,IMPS,2255,2462,1,7,False,False,1,0
TXN_202083,2024-11-04T17:06:00Z,941.52,UPI,3302,64,0,5,True,False,1,0
TXN_202192,2024-04-04T03:41:00Z,103473.3,NEFT,2943,1855,5,3,False,False,1,1
TXN_201559,2024-07-06T16:35:00Z,4215.46,RTGS,2361,815,0,1,False,False,0,0
TXN_200614,2024-10-29T06:45:00Z,12762.5,NEFT,3372,3256,1,6,False,False,0,0
TXN_201940,2024-04-24T13:05:00Z,1579.6,NEFT,202,1928,3,9,False,False,0,0
TXN_201024,2024-08-28T19:07:00Z,871.37,UPI,2652,2145,5,9,True,False,0,0
TXN_200481,2024-05-03T06:03:00Z,6177.91,IMPS,1701,613,6,5,False,False,0,0
TXN_200510,2024-10-19T10:28:00Z,5036.11,RTGS,3260,3621,5,5,False,False,0,0
TXN_201820,2024-01-09T09:23:00Z,2038.18,IMPS,2194,3515,4,7,True,False,1,0
TXN_201358,2024-08-22T14:39:00Z,4929.13,RTGS,259,885,6,3,False,False,1,0
TXN_201017,2024-09-10T15:39:00Z,1088.81,RTGS,2485,2102,7,7,False,False,1,0
TXN_200403,2024-01-19T07:44:00Z,11484.74,UPI,2455,783,1,8,False,False,1,0
TXN_200727,2024-05-19T15:03:00Z,1584.74,NEFT,916,1407,1,2,False,True,0,0
TXN_200530,2024-11-18T08:53:00Z,2537.45,NEFT,1837,2756,4,2,False,False,1,0
TXN_201526,2024-03-27T16:07:00Z,16561.74,NEFT,1247,2697,1,7,False,False,1,0
TXN_200245,2024-01-12T06:56:00Z,4822.36,RTGS,2570,3264,5,8,False,False,0,0
TXN_201822,2024-07-29T12:27:00Z,749.05,RTGS,571,810,4,5,False,False,0,0
TXN_200176,2024-01-12T14:01:00Z,89667.84,UPI,2148,2101,7,3,False,False,0,0
TXN_201550,2024-03-08T09:58:00Z,889.12,RTGS,1040,2060,7,7,False,False,1,0
TXN_200193,2024-06-13T20:23:00Z,7822.68,IMPS,2286,677,0,2,False,False,0,0
TXN_201264,2024-01-25T15:48:00Z,327.23,IMPS,3316,1418,0,8,False,False,0,0
TXN_201396,2024-12-08T14:56:00Z,23335.39,IMPS,1244,3439,7,8,False,False,0,0
TXN_201717,2024-10-29T16:46:00Z,2285.13,NEFT,1430,1176,0,2,False,False,0,0
TXN_201577,2024-02-10T08:56:00Z,2275.34,UPI,782,2639,3,7,False,False,1,0
TXN_202044,2024-04-08T15:47:00Z,4833.43,UPI,220,2048,4,3,False,False,0,0
TXN_200525,2024-05-09T06:27:00Z,3427.75,UPI,2508,110,2,4,False,False,0,0
TXN_200861,2024-08-06T13:21:00Z,3682.13,IMPS,194,1593,4,2,False,False,0,0
TXN_200872,2024-08-22T20:12:00Z,28919.98,UPI,1725,256,3,9,False,False,0,0
TXN_201612,2024-11-23T09:36:00Z,62787.18,RTGS,2147,3166,5,9,True,False,1,0
TXN_201138,2024-11-26T14:55:00Z,4919.57,IMPS,755,2087,4,5,False,False,0,0
TXN_200998,2024-10-24T21:32:00Z,956.35,RTGS,3554,3185,0,4,True,False,0,0
TXN_200904,2024-02-26T14:18:00Z,15986.22,IMPS,1605,3646,6,6,False,False,1,0
TXN_200940,2024-04-07T15:09:00Z,1837.61,NEFT,2871,3405,4,5,False,True,1,0
TXN_200820,2024-02-02T07:08:00Z,1315.72,UPI,2568,2988,4,2,False,True,0,0
TXN_200946,2024-01-04T21:08:00Z,38385.92,IMPS,3153,312,2,2,False,True,1,0
TXN_200629,2024-03-28T14:49:00Z,6872.69,NEFT,846,451,2,3,False,False,1,0
TXN_201269,2024-07-21T12:39:00Z,2239.05,IMPS,2202,882,3,8,False,True,1,0
TXN_200915,2024-06-28T22:02:00Z,4189.91,RTGS,540,1084,6,3,False,False,1,0
TXN_201852,2024-08-23T17:39:00Z,9473.26,IMPS,2898,1988,6,3,False,False,1,0
TXN_202014,2024-03-24T11:14:00Z,8815.8,NEFT,2630,3208,7,2,False,False,1,0
TXN_200057,2024-02-28T09:30:00Z,2832.55,IMPS,754,3150,0,4,False,False,1,0
TXN_201970,2024-04-15T21:26:00Z,2059.28,UPI,2639,1313,2,8,False,False,0,0
TXN_201392,2024-06-03T14:45:00Z,353.73,NEFT,917,2081,7,4,False,False,1,0
TXN_200758,2024-01-17T21:38:00Z,15014.72,RTGS,3047,3552,7,8,False,False,1,0
TXN_200740,2024-12-06T15:20:00Z,10174.52,RTGS,56,1537,3,9,False,False,0,0
TXN_202075,2024-12-01T20:24:00Z,4469.86,NEFT,1058,861,7,1,False,True,0,0
TXN_201798,2024-02-01T15:38:00Z,19792.38,RTGS,3132,3649,4,7,False,False,0,0
TXN_200951,2024-10-13T22:05:00Z,3779.25,RTGS,1545,1764,6,6,False,False,1,0
TXN_201317,2024-02-16T14:07:00Z,2019.39,NEFT,3492,235,3,1,False,False,0,0
TXN_200835,2024-08-25T19:05:00Z,3828.44,RTGS,1472,1934,7,1,False,False,1,0
TXN_200934,2024-04-14T10:27:00Z,32903.9,IMPS,349,1320,4,2,False,False,1,0
TXN_201388,2024-06-15T16:12:00Z,5002.42,NEFT,3100,2279,6,7,False,False,1,0
TXN_200504,2024-10-30T13:26:00Z,15285.89,NEFT,1732,2359,1,8,False,False,0,0
TXN_202155,2024-05-26T12:30:00Z,32741.64,RTGS,1138,2658,27,2,False,False,1,1
TXN_200635,2024-01-24T07:22:00Z,7549.85,UPI,678,1483,0,7,False,True,0,0
TXN_201888,2024-07-06T12:28:00Z,8864.55,UPI,338,3040,2,8,False,False,0,0
TXN_201812,2024-07-05T22:38:00Z,12285.29,UPI,1571,1891,6,8,False,False,1,0
TXN_202178,2024-06-30T17:22:00Z,1764.37,NEFT,272,1728,6,37,False,False,0,1
TXN_201801,2024-07-25T19:15:00Z,4791.39,UPI,1426,84,2,7,False,False,0,0
TXN_202137,2024-09-19T03:17:00Z,153992.96,UPI,1086,1154,0,4,False,False,0,1
TXN_200195,2024-02-08T17:26:00Z,8001.97,RTGS,270,1820,0,5,False,True,0,0
TXN_200794,2024-12-13T12:00:00Z,3203.72,RTGS,518,998,1,1,False,True,1,0
TXN_201737,2024-09-19T07:24:00Z,1141.74,RTGS,1254,1836,2,8,False,False,0,0
TXN_200782,2024-08-30T16:20:00Z,9283.01,RTGS,3356,643,4,4,False,False,1,0
TXN_201708,2024-09-25T16:52:00Z,3257.75,IMPS,3384,2340,3,1,False,False,0,0
TXN_201067,2024-10-23T11:30:00Z,6367.18,IMPS,214,1647,2,5,False,False,0,0
TXN_201799,2024-09-15T21:52:00Z,3515.62,RTGS,518,2203,4,9,False,False,0,0
TXN_201596,2024-01-31T17:17:00Z,2860.76,IMPS,429,3156,0,1,False,False,0,0
TXN_202172,2024-01-15T13:48:00Z,3571.64,RTGS,3165,845,38,7,False,False,1,1
TXN_201948,2024-02-12T21:29:00Z,7262.64,UPI,3388,2200,1,3,False,False,1,0
TXN_201224,2024-06-04T10:25:00Z,3003.16,IMPS,3297,2403,7,6,False,False,1,0
TXN_200357,2024-08-10T16:27:00Z,1985.83,UPI,2641,2922,0,8,False,False,1,0
TXN_202054,2024-08-18T06:46:00Z,6863.12,RTGS,1011,1079,7,5,False,False,1,0
TXN_201422,2024-06-23T10:03:00Z,8152.83,RTGS,3259,618,4,3,True,False,1,0
TXN_200332,2024-08-20T22:29:00Z,2174.8,NEFT,3282,2187,5,9,False,False,1,0
TXN_202193,2024-08-01T04:56:00Z,102665.22,IMPS,1259,1420,5,1,False,False,1,1
TXN_201274,2024-12-09T10:46:00Z,10318.85,RTGS,1059,893,5,2,False,False,0,0
TXN_201491,2024-06-24T10:14:00Z,10761.25,NEFT,2409,540,5,8,False,False,1,0
TXN_201255,2024-10-09T08:23:00Z,3446.69,IMPS,2530,1795,7,9,False,False,1,0
TXN_200711,2024-11-11T06:27:00Z,12878.28,IMPS,897,3262,5,4,False,True,0,0
TXN_201462,2024-05-06T20:40:00Z,5515.46,RTGS,2465,741,1,1,False,False,0,0
TXN_200426,2024-07-03T07:18:00Z,5348.75,UPI,2485,2413,2,8,False,False,0,0
TXN_200734,2024-04-30T20:52:00Z,1485.17,UPI,549,973,5,5,False,False,1,0
TXN_201551,2024-01-18T22:24:00Z,18503.97,NEFT,2367,1298,6,4,False,False,1,0
TXN_200656,2024-12-05T22:20:00Z,3435.97,UPI,1620,1122,3,8,False,False,0,0
TXN_201753,2024-12-10T07:00:00Z,3238.15,IMPS,3644,1924,6,4,False,False,0,0
TXN_200372,2024-01-01T07:39:00Z,35627.23,IMPS,3173,1715,3,2,False,False,0,0
TXN_201738,2024-05-29T21:08:00Z,904.95,UPI,478,1810,5,9,False,False,0,0
TXN_202072,2024-09-08T18:45:00Z,3246.07,UPI,3040,1154,1,2,False,False,1,0
TXN_202142,2024-10-22T10:57:00Z,2114.69,UPI,4,138,2,2,True,False,1,1
TXN_201464,2024-01-22T11:28:00Z,15365.33,NEFT,923,1859,2,1,False,True,1,0
TXN_201629,2024-03-12T09:15:00Z,505.79,UPI,548,2996,4,3,False,False,0,0
TXN_200521,2024-05-10T17:31:00Z,15375.18,IMPS,88,1788,2,8,False,True,0,0
TXN_201213,2024-09-24T10:23:00Z,426.93,UPI,173,1235,7,2,False,False,1,0
TXN_200294,2024-07-11T06:04:00Z,3822.89,RTGS,3604,1190,2,8,False,False,1,0
TXN_201297,2024-02-27T15:05:00Z,4544.6,RTGS,177,2754,4,6,False,False,1,0
TXN_200536,2024-02-26T14:18:00Z,1438.32,IMPS,938,536,2,1,False,False,1,0
TXN_200446,2024-01-23T08:17:00Z,3122.76,NEFT,2595,2451,2,7,False,False,1,0
TXN_201382,2024-12-26T16:26:00Z,14790.5,UPI,3565,2040,5,2,False,False,0,0
TXN_200373,2024-01-20T06:03:00Z,22192.65,UPI,2915,1704,6,8,False,False,1,0
TXN_201987,2024-05-28T07:55:00Z,12412.36,UPI,3511,1175,1,7,False,False,1,0
TXN_201218,2024-07-08T11:51:00Z,22175.9,NEFT,3626,1505,0,2,False,False,0,0
TXN_201990,2024-01-25T09:21:00Z,4162.36,IMPS,1759,3533,6,4,False,False,0,0
TXN_200610,2024-09-07T18:58:00Z,59152.32,IMPS,1587,1801,5,2,False,True,1,0
TXN_200772,2024-09-10T07:59:00Z,28135.77,UPI,76,1588,2,9,False,False,1,0
TXN_202092,2024-08-08T15:26:00Z,8152.45,IMPS,2337,1206,5,4,False,False,0,0
TXN_201471,2024-09-01T19:52:00Z,997.56,IMPS,738,693,0,5,False,False,0,0
TXN_200228,2024-05-07T13:40:00Z,3720.84,NEFT,1114,1288,7,7,False,True,1,0
TXN_200976,2024-10-18T07:58:00Z,5092.63,RTGS,3270,2137,2,5,False,True,1,0
TXN_200088,2024-03-01T15:57:00Z,1911.02,IMPS,823,339,1,7,False,False,1,0
TXN_201011,2024-12-06T21:57:00Z,3828.9,NEFT,1030,505,3,6,False,False,0,0
TXN_200715,2024-11-02T19:41:00Z,3109.25,IMPS,1897,3295,6,9,False,False,1,0
TXN_201834,2024-10-24T13:21:00Z,730.82,NEFT,1281,71,5,1,False,False,0,0
TXN_200773,2024-07-31T14:12:00Z,3343.98,RTGS,1253,1404,2,7,False,False,1,0
TXN_200379,2024-09-09T16:47:00Z,5590.11,UPI,765,713,4,3,False,False,0,0
TXN_200651,2024-06-26T08:56:00Z,3607.42,UPI,513,3483,5,3,False,False,1,0
TXN_200580,2024-04-16T20:15:00Z,4905.73,IMPS,1214,1126,3,7,False,False,0,0
TXN_200037,2024-04-01T19:09:00Z,2368.12,NEFT,1904,3400,2,4,False,True,0,0
TXN_200156,2024-06-15T22:19:00Z,38296.93,IMPS,2103,3467,0,3,False,False,1,0
TXN_201638,2024-11-19T18:52:00Z,273.63,UPI,2929,2622,6,3,False,False,0,0
TXN_200970,2024-11-08T07:47:00Z,14200.83,IMPS,2266,2034,2,4,False,False,1,0
TXN_201054,2024-05-02T09:25:00Z,2026.5,UPI,653,3355,6,1,False,False,0,0
TXN_200087,2024-02-26T09:30:00Z,2086.93,UPI,3031,1076,0,5,False,True,0,0
TXN_201981,2024-08-10T19:59:00Z,1352.39,NEFT,1243,410,5,5,False,False,1,0
TXN_202059,2024-06-21T19:06:00Z,7220.1,NEFT,3065,1267,7,8,False,False,1,0
TXN_201347,2024-11-18T11:32:00Z,30102.37,NEFT,3353,307,0,2,False,False,0,0
TXN_201500,2024-04-02T17:29:00Z,32366.95,NEFT,1853,1458,7,2,False,True,0,0
TXN_201086,2024-01-27T17:40:00Z,5341.57,UPI,3538,364,3,8,False,False,0,0
TXN_200231,2024-07-04T09:29:00Z,844.07,RTGS,2600,3342,6,6,False,False,1,0
TXN_202191,2024-02-15T03:09:00Z,184639.34,NEFT,676,2396,0,3,False,False,1,1
TXN_200916,2024-05-21T14:35:00Z,3000.89,UPI,929,2675,7,4,False,False,1,0
TXN_201498,2024-03-11T21:01:00Z,63044.51,NEFT,557,98,5,6,False,True,0,0
TXN_202030,2024-04-27T06:17:00Z,620.99,UPI,1547,2802,6,8,False,False,0,0
TXN_200216,2024-08-02T09:06:00Z,2759.84,UPI,1919,2514,4,9,False,False,0,0
TXN_200273,2024-10-22T20:17:00Z,13236.03,UPI,912,3612,7,1,False,False,1,0
TXN_200962,2024-07-31T16:54:00Z,1853.36,RTGS,748,3188,3,6,False,False,1,0
TXN_201709,2024-10-07T11:46:00Z,10004.79,NEFT,624,1513,4,5,False,False,1,0
TXN_202007,2024-03-03T08:23:00Z,2087.98,RTGS,3029,178,2,6,False,True,1,0
TXN_200071,2024-11-13T15:00:00Z,80574.95,UPI,837,1627,5,8,True,False,1,0
TXN_200825,2024-01-07T07:44:00Z,4168.79,UPI,2083,1920,4,6,False,False,0,0
TXN_200272,2024-04-26T10:52:00Z,805.51,RTGS,2712,1104,4,4,False,False,1,0
TXN_200325,2024-03-04T21:58:00Z,5823.75,UPI,2453,2849,4,7,False,False,0,0
TXN_200724,2024-07-17T11:15:00Z,345.11,NEFT,1583,2847,0,1,False,False,1,0
TXN_201739,2024-08-14T20:47:00Z,673.34,UPI,1501,1969,0,7,False,False,1,0
TXN_201252,2024-07-21T22:41:00Z,8618.02,NEFT,277,619,4,4,False,False,0,0
TXN_202147,2024-07-24T08:54:00Z,5073.95,IMPS,2691,2881,23,1,False,False,1,1
TXN_200341,2024-01-26T16:01:00Z,24359.37,NEFT,1755,3069,5,3,False,False,1,0
TXN_200433,2024-08-03T09:33:00Z,10273.09,IMPS,2337,2664,1,7,False,False,1,0
TXN_201627,2024-01-06T09:37:00Z,2156.06,UPI,3485,3578,3,4,False,False,0,0
TXN_200335,2024-01-04T11:25:00Z,5370.07,RTGS,184,949,4,9,False,False,1,0
TXN_201256,2024-08-26T08:14:00Z,2829.64,UPI,2159,2872,4,2,False,False,0,0
TXN_202168,2024-07-10T02:03:00Z,57543.2,IMPS,1499,76,5,5,False,False,1,1
TXN_200471,2024-03-12T10:31:00Z,59860.94,IMPS,2214,2614,0,5,False,False,1,0
TXN_200813,2024-07-30T18:10:00Z,364.32,RTGS,2325,2076,3,4,False,False,1,0
TXN_200540,2024-10-23T09:58:00Z,7842.29,IMPS,2176,105,5,5,False,False,1,0
TXN_200122,2024-10-20T18:36:00Z,557.84,RTGS,3451,238,2,7,False,False,0,0
TXN_202005,2024-04-16T18:21:00Z,9023.59,UPI,318,750,1,6,False,False,0,0
TXN_200577,2024-12-24T11:03:00Z,13168.39,UPI,960,376,7,8,False,False,0,0
TXN_201345,2024-03-21T09:07:00Z,1792.08,NEFT,1335,1794,6,7,True,False,0,0
TXN_200879,2024-07-02T12:01:00Z,24641.59,RTGS,1445,2528,0,4,False,False,1,0
TXN_200988,2024-03-27T11:29:00Z,7594.14,UPI,2518,3114,4,2,False,False,1,0
TXN_200923,2024-05-29T22:15:00Z,7318.9,UPI,2597,1196,4,4,False,False,1,0
TXN_200104,2024-01-07T18:15:00Z,3167.26,NEFT,2799,2714,6,6,True,False,1,0
TXN_200423,2024-09-28T13:14:00Z,503.04,NEFT,1665,349,5,7,False,False,1,0
TXN_202047,2024-08-09T21:52:00Z,7301.15,RTGS,1991,1475,7,6,False,False,0,0
TXN_200761,2024-01-01T16:43:00Z,43256.84,UPI,1672,2067,1,3,False,False,0,0
TXN_201988,2024-11-04T14:43:00Z,4650.75,UPI,649,2872,6,1,False,False,0,0
TXN_201959,2024-06-13T18:11:00Z,28202.63,RTGS,2976,1974,7,6,False,False,1,0
TXN_201169,2024-09-19T20:28:00Z,4546.04,NEFT,872,1978,7,2,False,False,0,0
TXN_200020,2024-10-15T16:21:00Z,1960.99,RTGS,2254,970,0,9,False,False,0,0
TXN_201517,2024-01-06T18:50:00Z,3166.61,UPI,2324,2630,1,6,False,False,0,0
TXN_201997,2024-03-29T13:42:00Z,1024.22,UPI,34,1094,7,8,False,True,0,0
TXN_200333,2024-02-24T19:21:00Z,13125.35,RTGS,2777,2961,6,5,False,False,0,0
TXN_201581,2024-12-12T06:49:00Z,1903.02,IMPS,2829,1819,1,2,False,False,0,0
TXN_200720,2024-01-25T22:25:00Z,1855.73,RTGS,1238,1410,2,8,False,False,1,0
TXN_202060,2024-10-06T17:58:00Z,3315.74,UPI,2486,2589,6,2,False,False,1,0
TXN_201788,2024-11-11T07:25:00Z,9364.48,RTGS,2931,1945,4,9,False,False,1,0
TXN_201244,2024-07-06T12:00:00Z,146.9,IMPS,1163,1461,4,4,False,False,1,0
TXN_201008,2024-03-16T20:32:00Z,4132.55,IMPS,1425,1594,0,3,False,False,1,0
TXN_200569,2024-03-06T13:07:00Z,14869.26,NEFT,1246,1388,1,7,False,False,0,0
TXN_201101,2024-01-15T20:44:00Z,2596.94,IMPS,282,90,3,8,False,False,1,0
TXN_201863,2024-04-19T14:45:00Z,2853.35,RTGS,341,3055,0,2,False,False,0,0
TXN_200069,2024-06-21T06:04:00Z,1261.72,UPI,119,2618,4,1,False,False,1,0
TXN_200384,2024-05-05T07:04:00Z,8564.89,IMPS,2371,752,2,7,False,False,0,0
TXN_200487,2024-11-15T21:44:00Z,12629.79,NEFT,3488,1536,1,5,False,False,1,0
TXN_201643,2024-12-05T16:51:00Z,9417.38,NEFT,670,342,0,5,False,False,0,0
TXN_201658,2024-08-01T17:05:00Z,7732.22,IMPS,743,657,3,3,False,False,0,0
TXN_202002,2024-09-26T16:00:00Z,1532.57,IMPS,159,2334,0,7,False,False,0,0
TXN_200683,2024-06-01T12:36:00Z,2174.17,IMPS,2216,3234,0,2,False,False,0,0
TXN_202145,2024-12-25T04:22:00Z,91763.87,UPI,121,2768,3,8,False,False,1,1
TXN_200390,2024-07-03T16:54:00Z,58856.91,NEFT,154,3178,1,1,False,False,0,0
TXN_201671,2024-07-29T21:09:00Z,1352.93,RTGS,1716,3298,4,4,False,False,0,0
TXN_201467,2024-10-03T15:05:00Z,5851.59,NEFT,652,149,6,9,False,False,0,0
TXN_200361,2024-10-21T14:11:00Z,1001.27,RTGS,1614,1022,2,7,False,False,1,0
TXN_201775,2024-04-12T16:46:00Z,5855.24,IMPS,707,1608,2,6,False,False,0,0
TXN_201609,2024-08-24T18:02:00Z,829.45,RTGS,113,2777,6,2,False,False,0,0
TXN_200396,2024-10-28T15:53:00Z,1848.08,RTGS,2174,1366,6,8,False,False,0,0
TXN_200014,2024-06-12T11:39:00Z,28821.05,IMPS,3298,3621,2,1,False,False,1,0
TXN_201259,2024-06-25T13:59:00Z,41784.75,UPI,3283,1783,6,1,False,True,0,0
TXN_200157,2024-06-21T15:06:00Z,7576.2,NEFT,1334,3027,1,5,False,False,1,0
TXN_200696,2024-07-25T22:29:00Z,4150.8,NEFT,1144,1312,1,2,False,True,1,0
TXN_201508,2024-08-13T21:56:00Z,2535.26,NEFT,1416,1296,1,8,False,False,1,0
TXN_202115,2024-07-06T09:28:00Z,14680.02,RTGS,1586,1212,5,7,False,False,0,0
TXN_201389,2024-12-08T18:12:00Z,3666.78,RTGS,1883,3094,4,6,False,False,1,0
TXN_201740,2024-10-21T08:38:00Z,4070.82,NEFT,588,1301,6,8,False,False,1,0
TXN_200894,2024-03-11T06:33:00Z,18094.91,NEFT,2591,3204,4,4,False,False,0,0
TXN_201272,2024-09-29T12:41:00Z,65830.34,IMPS,585,3369,3,8,False,False,1,0
TXN_201094,2024-02-18T06:50:00Z,8983.43,UPI,3502,648,6,3,False,False,0,0
TXN_200464,2024-12-23T14:37:00Z,1623.37,RTGS,2478,1798,6,3,False,False,0,0
TXN_201120,2024-12-05T20:58:00Z,3450.04,RTGS,3626,2005,4,8,False,False,1,0
TXN_202093,2024-10-18T21:01:00Z,1114.63,IMPS,906,1928,1,6,False,False,0,0
TXN_201369,2024-10-03T11:49:00Z,12853.73,NEFT,1069,1290,4,2,False,False,0,0
TXN_200957,2024-03-13T15:05:00Z,3984.43,RTGS,1997,660,4,3,False,False,0,0
TXN_202006,2024-06-15T09:05:00Z,2104.38,UPI,3221,1276,0,7,False,False,1,0
TXN_201089,2024-10-13T19:16:00Z,12625.19,RTGS,996,179,4,5,False,False,0,0
TXN_200337,2024-10-22T13:09:00Z,333.56,UPI,1688,290,2,8,False,False,1,0
TXN_202162,2024-07-16T08:04:00Z,549.96,UPI,3132,2299,4,42,False,False,0,1
TXN_200480,2024-08-10T20:11:00Z,2821.38,IMPS,598,1441,5,9,False,False,0,0
TXN_201611,2024-10-24T10:40:00Z,20944.87,IMPS,1986,153,5,9,False,False,0,0
TXN_201265,2024-11-12T07:21:00Z,1439.43,NEFT,2277,1546,7,4,False,False,1,0
TXN_201679,2024-07-19T16:44:00Z,11682.09,UPI,3292,3317,6,2,False,False,1,0
TXN_200409,2024-11-27T19:20:00Z,982.14,UPI,73,508,0,7,False,False,0,0
TXN_202091,2024-06-22T12:18:00Z,12011.59,IMPS,1063,1609,2,5,False,False,1,0
TXN_201338,2024-12-16T10:02:00Z,6453.51,NEFT,3260,2094,1,9,False,False,0,0
TXN_201998,2024-01-07T13:05:00Z,3447.93,RTGS,519,135,6,4,True,False,0,0
TXN_201802,2024-11-13T08:57:00Z,129478.4,RTGS,968,2941,7,3,True,False,0,0
TXN_201594,2024-05-18T07:49:00Z,18013.38,NEFT,1452,1556,1,7,False,True,1,0
TXN_200638,2024-09-27T15:38:00Z,4577.93,UPI,452,3032,5,6,False,False,0,0
TXN_201684,2024-03-27T18:36:00Z,4831.66,NEFT,723,3367,1,6,True,False,0,0
TXN_201915,2024-12-25T15:43:00Z,32441.63,IMPS,2450,1667,2,4,False,False,1,0
TXN_201302,2024-08-04T11:22:00Z,679.27,RTGS,3332,1358,1,1,False,False,1,0
TXN_200305,2024-11-17T12:39:00Z,1370.28,UPI,3436,2681,5,6,False,False,1,0
TXN_200604,2024-04-06T19:48:00Z,5737.22,RTGS,1868,1009,4,5,False,False,0,0
TXN_201521,2024-04-04T13:13:00Z,2886.96,UPI,713,3005,2,6,True,False,1,0
TXN_202140,2024-05-11T03:16:00Z,83522.29,RTGS,2075,338,5,9,False,False,1,1
TXN_201340,2024-11-17T11:14:00Z,48798.77,IMPS,2329,2800,3,6,False,False,0,0
TXN_201187,2024-11-19T20:46:00Z,1949.35,RTGS,2762,302,4,4,False,False,0,0
TXN_201459,2024-12-26T14:17:00Z,3838.97,NEFT,1597,2806,3,8,False,False,0,0
TXN_201049,2024-11-28T18:04:00Z,4435.37,NEFT,2954,2359,5,9,False,False,1,0
TXN_200927,2024-07-10T10:51:00Z,8519.85,RTGS,2727,3648,2,4,False,False,1,0
TXN_200863,2024-03-03T06:33:00Z,2337.03,UPI,1110,3623,5,7,False,False,1,0
TXN_201985,2024-01-01T07:05:00Z,5920.79,IMPS,2853,2365,4,1,True,False,0,0
TXN_201933,2024-05-08T19:30:00Z,13143.05,UPI,3087,635,7,6,False,True,1,0
TXN_201217,2024-10-18T16:56:00Z,2644.52,UPI,2035,627,0,3,False,False,0,0
TXN_201403,2024-01-15T20:54:00Z,1407.64,RTGS,2252,2191,6,6,False,False,1,0
TXN_202008,2024-10-13T11:11:00Z,6263.47,IMPS,1649,1489,6,4,False,False,1,0
TXN_201900,2024-10-02T16:26:00Z,10058.56,NEFT,2999,1541,4,6,False,False,0,0
TXN_200297,2024-05-14T07:21:00Z,6331.07,RTGS,1013,2087,4,5,False,False,1,0
TXN_200919,2024-04-27T15:04:00Z,40495.57,UPI,617,2127,2,6,True,False,1,0
TXN_200501,2024-12-07T17:15:00Z,3522.34,UPI,823,2748,5,1,False,False,1,0
TXN_201665,2024-08-09T18:25:00Z,10126.15,IMPS,1486,1696,7,4,True,False,0,0
TXN_201323,2024-05-25T16:53:00Z,3422.85,NEFT,3093,1605,4,1,False,False,0,0
TXN_200056,2024-12-15T16:35:00Z,8772.12,IMPS,3477,460,6,6,True,False,0,0
TXN_200531,2024-03-03T13:06:00Z,7086.8,NEFT,3099,1206,5,2,False,False,0,0
TXN_200185,2024-10-20T08:21:00Z,311.15,IMPS,1903,2878,4,1,False,False,1,0
TXN_200892,2024-11-02T09:13:00Z,327.94,UPI,2475,1356,2,9,False,False,0,0
TXN_200687,2024-01-05T19:11:00Z,1155.01,UPI,633,3293,5,3,False,False,0,0
TXN_200009,2024-05-06T18:21:00Z,4677.43,RTGS,1305,3435,7,4,False,False,1,0
TXN_200608,2024-01-21T14:45:00Z,27606.78,UPI,232,402,3,8,False,False,1,0
TXN_201033,2024-03-10T13:52:00Z,11818.51,NEFT,2000,894,3,1,False,False,1,0
TXN_200418,2024-03-31T13:11:00Z,2876.94,RTGS,3263,1492,5,3,False,False,1,0
TXN_201144,2024-01-23T12:59:00Z,63111.99,IMPS,3223,1314,1,3,False,False,1,0
TXN_201070,2024-06-26T15:42:00Z,7826.07,IMPS,923,3335,1,9,False,False,0,0
TXN_200587,2024-04-03T11:54:00Z,9031.33,IMPS,839,878,5,9,False,False,1,0
TXN_201069,2024-11-25T06:47:00Z,3959.62,UPI,1645,1566,4,9,False,False,1,0
TXN_200092,2024-12-25T08:54:00Z,28352.37,NEFT,1396,577,1,6,False,True,1,0
TXN_201122,2024-09-24T13:18:00Z,27103.31,NEFT,715,1850,7,6,False,False,1,0
TXN_201544,2024-05-20T20:50:00Z,63444.75,NEFT,284,1308,7,5,False,False,1,0
TXN_200233,2024-05-28T11:14:00Z,818.9,RTGS,2037,3498,4,9,False,False,1,0
TXN_200287,2024-03-27T13:44:00Z,4645.14,NEFT,109,235,2,3,False,False,1,0
TXN_201322,2024-12-02T18:23:00Z,11605.19,IMPS,1352,2899,5,7,False,False,1,0
TXN_202033,2024-12-25T15:34:00Z,8825.89,RTGS,3521,557,3,3,False,False,0,0
TXN_201944,2024-03-20T18:19:00Z,18969.61,UPI,3104,2405,4,8,False,False,1,0
TXN_200662,2024-04-24T09:51:00Z,1184.61,NEFT,2910,1131,6,2,False,False,1,0
TXN_200609,2024-04-13T13:37:00Z,6917.12,UPI,2320,1385,6,7,False,False,0,0
TXN_201774,2024-12-12T21:06:00Z,1581.73,RTGS,1805,74,4,2,False,False,0,0
TXN_200876,2024-04-07T07:09:00Z,23686.97,IMPS,2538,2190,2,3,False,False,0,0
TXN_200967,2024-04-02T09:39:00Z,95315.92,UPI,2956,3441,1,2,False,False,0,0
TXN_201139,2024-07-28T19:46:00Z,7017.0,NEFT,3266,1079,5,3,False,False,1,0
TXN_201312,2024-01-25T09:54:00Z,2331.09,RTGS,254,2276,7,9,False,False,0,0
TXN_201074,2024-10-09T06:49:00Z,63205.14,IMPS,1268,1103,7,5,False,False,1,0
TXN_201656,2024-01-05T06:18:00Z,2563.39,UPI,356,847,4,2,False,False,0,0
TXN_201002,2024-06-08T20:39:00Z,3682.01,IMPS,2622,327,4,6,False,False,1,0
TXN_201850,2024-11-19T21:42:00Z,6763.06,UPI,1150,1102,7,1,False,False,1,0
TXN_201419,2024-09-30T22:56:00Z,68500.44,RTGS,784,3091,3,7,False,False,0,0
TXN_200898,2024-09-05T16:17:00Z,22928.57,UPI,2602,3558,7,2,False,True,1,0
TXN_200136,2024-09-17T07:24:00Z,6353.98,UPI,2826,344,4,1,False,False,0,0
TXN_202141,2024-11-18T03:59:00Z,154346.27,NEFT,2279,1577,1,2,False,False,0,1
TXN_200865,2024-11-21T16:01:00Z,27285.47,IMPS,1325,1222,5,1,False,False,0,0
TXN_201973,2024-11-24T19:42:00Z,2951.63,NEFT,2610,2099,3,4,False,False,0,0
TXN_200756,2024-02-02T18:02:00Z,4305.51,UPI,1066,1510,3,7,False,False,0,0
TXN_200841,2024-12-24T15:23:00Z,4487.24,NEFT,3047,2984,6,3,False,False,1,0
TXN_201432,2024-03-24T14:18:00Z,6326.29,NEFT,3240,595,6,5,False,False,1,0
TXN_200162,2024-10-11T13:34:00Z,22594.83,UPI,1196,3558,7,1,False,False,0,0
TXN_201816,2024-03-04T17:07:00Z,717.41,UPI,2415,1965,7,9,False,False,1,0
TXN_200679,2024-01-04T09:12:00Z,2361.27,NEFT,3647,3266,3,3,False,False,0,0
TXN_201921,2024-04-29T17:22:00Z,3342.93,NEFT,3288,820,3,5,True,False,0,0
TXN_200276,2024-08-26T16:37:00Z,1414.85,IMPS,1536,2004,6,1,False,False,1,0
TXN_200630,2024-10-19T17:19:00Z,8382.24,IMPS,3416,3141,2,1,False,False,1,0
TXN_200738,2024-02-20T10:06:00Z,11768.41,NEFT,3333,3559,4,5,False,False,1,0
TXN_201184,2024-10-01T20:21:00Z,3521.54,RTGS,2456,2145,5,7,False,False,0,0
TXN_201022,2024-03-04T06:00:00Z,37791.65,RTGS,3045,2659,6,9,False,False,1,0
TXN_201825,2024-08-05T06:59:00Z,4734.9,UPI,913,503,7,3,False,False,0,0
TXN_200818,2024-03-04T18:18:00Z,2879.79,IMPS,1545,3390,3,9,True,False,0,0
TXN_200232,2024-06-25T10:35:00Z,6705.78,IMPS,41,2337,2,4,False,False,0,0
TXN_200103,2024-08-16T22:41:00Z,16259.93,IMPS,668,3545,2,1,False,False,1,0
TXN_200964,2024-08-05T12:26:00Z,3496.62,IMPS,1740,497,6,2,False,False,0,0
TXN_200675,2024-07-10T08:18:00Z,2227.12,UPI,1017,163,7,4,False,False,1,0
TXN_201617,2024-11-12T22:39:00Z,1890.31,NEFT,50,2717,1,3,False,False,0,0
TXN_202058,2024-03-05T08:58:00Z,1411.17,NEFT,2272,2983,1,4,False,False,1,0
TXN_201759,2024-04-05T14:53:00Z,52604.88,RTGS,3533,3351,1,4,False,False,0,0
TXN_201610,2024-11-05T18:52:00Z,5318.25,IMPS,2026,2457,7,5,False,False,0,0
TXN_200748,2024-09-15T10:52:00Z,6919.19,NEFT,759,336,2,6,False,False,0,0
TXN_201704,2024-02-09T09:48:00Z,4003.93,NEFT,890,2766,3,8,False,False,0,0
TXN_200759,2024-04-29T20:35:00Z,3906.2,IMPS,1127,555,1,7,False,False,0,0
TXN_200799,2024-05-18T08:03:00Z,9325.08,RTGS,2080,566,6,5,False,True,0,0
TXN_201351,2024-05-27T13:16:00Z,1975.67,IMPS,3548,1354,4,1,False,False,1,0
TXN_201501,2024-08-17T14:34:00Z,5463.56,RTGS,1167,2968,7,7,False,False,0,0
TXN_201851,2024-02-29T20:16:00Z,3964.31,RTGS,1495,725,0,1,True,False,1,0
TXN_202037,2024-01-20T14:51:00Z,1827.45,RTGS,848,436,5,3,False,False,0,0
TXN_200824,2024-06-17T11:13:00Z,3501.83,IMPS,3374,205,3,6,False,False,0,0
TXN_201893,2024-04-26T12:26:00Z,10395.97,NEFT,1121,412,0,7,False,False,0,0
TXN_202070,2024-10-19T21:29:00Z,6676.6,IMPS,3374,1605,4,5,False,False,1,0
TXN_200441,2024-03-29T20:39:00Z,20176.26,IMPS,2906,2697,3,2,False,False,1,0
TXN_200310,2024-12-14T15:25:00Z,2341.92,RTGS,613,2624,4,8,False,False,0,0
TXN_200586,2024-11-24T06:36:00Z,10966.53,RTGS,1898,925,2,2,False,False,1,0
TXN_200732,2024-09-30T10:46:00Z,1735.94,UPI,3314,3288,3,5,False,False,0,0
TXN_200084,2024-01-09T08:45:00Z,5406.03,RTGS,2707,960,5,5,False,False,0,0
TXN_200944,2024-06-30T18:49:00Z,1833.03,IMPS,1571,1496,6,9,False,False,0,0
TXN_200327,2024-09-02T10:24:00Z,6150.36,RTGS,3428,1672,4,7,False,False,0,0
TXN_200884,2024-07-08T21:53:00Z,37896.84,UPI,1578,3108,3,6,False,False,0,0
TXN_201329,2024-06-14T09:51:00Z,2975.89,IMPS,2889,538,4,6,False,True,0,0
TXN_201168,2024-01-03T22:51:00Z,4757.71,UPI,941,1416,6,7,False,False,0,0
TXN_201318,2024-06-03T08:57:00Z,1653.07,IMPS,2508,1036,6,1,False,False,0,0
TXN_201293,2024-06-02T10:40:00Z,2621.74,UPI,2567,2413,0,2,False,False,1,0
TXN_201335,2024-06-10T08:10:00Z,10352.15,NEFT,492,2217,7,9,False,False,1,0
TXN_200643,2024-06-20T06:47:00Z,1562.1,NEFT,1652,2373,0,2,False,False,0,0
TXN_200001,2024-02-10T14:13:00Z,13721.07,NEFT,211,311,5,3,False,False,1,0
TXN_201152,2024-07-10T20:45:00Z,2465.77,IMPS,597,2804,5,9,False,False,0,0
TXN_201601,2024-03-03T17:33:00Z,2191.88,IMPS,1800,1507,2,3,False,True,0,0
TXN_201585,2024-02-16T16:53:00Z,10335.69,IMPS,1135,107,0,6,False,False,1,0
TXN_202003,2024-06-13T09:17:00Z,1184.21,RTGS,1278,510,1,5,False,False,1,0
TXN_200326,2024-07-23T13:01:00Z,9718.57,NEFT,1437,522,4,5,False,False,1,0
TXN_200496,2024-04-10T19:25:00Z,834.89,UPI,226,2338,0,5,False,False,0,0
TXN_200519,2024-09-21T11:56:00Z,2841.89,IMPS,2658,1669,2,6,False,False,1,0
TXN_200606,2024-09-26T19:16:00Z,1190.27,UPI,2671,2506,0,3,True,False,1,0
TXN_202150,2024-09-23T04:24:00Z,66579.14,UPI,1672,1000,1,6,False,False,0,1
TXN_200601,2024-02-06T07:12:00Z,17114.25,RTGS,2907,1558,7,1,False,False,1,0
TXN_200730,2024-10-12T12:37:00Z,8746.53,RTGS,2370,757,3,3,False,False,0,0
TXN_201366,2024-01-30T07:24:00Z,2753.07,RTGS,2756,3098,1,9,True,False,1,0
TXN_201884,2024-09-23T17:42:00Z,711.34,NEFT,112,1240,5,9,False,False,0,0
TXN_201692,2024-06-04T09:38:00Z,2667.75,RTGS,1628,1172,7,2,False,False,1,0
TXN_201096,2024-03-10T19:41:00Z,13205.36,UPI,3617,1866,6,8,False,False,1,0
TXN_200914,2024-08-19T14:01:00Z,18461.75,IMPS,463,3354,1,2,False,False,1,0
TXN_200029,2024-11-09T17:50:00Z,2963.37,RTGS,2524,1005,6,5,False,False,1,0
TXN_200869,2024-11-20T08:43:00Z,6295.82,IMPS,2796,207,1,4,False,False,1,0
TXN_200229,2024-09-18T14:57:00Z,2234.99,NEFT,645,2475,5,2,True,False,0,0
TXN_201100,2024-07-19T11:16:00Z,7613.63,NEFT,1302,2215,4,8,False,False,1,0
TXN_201131,2024-01-16T19:25:00Z,5973.5,IMPS,2128,1361,4,7,False,False,1,0
TXN_200254,2024-08-13T13:02:00Z,28872.67,IMPS,2291,3044,0,1,False,False,1,0
TXN_200329,2024-04-16T11:26:00Z,5209.15,UPI,1699,1796,6,4,False,False,0,0
TXN_201190,2024-05-16T18:17:00Z,5456.04,NEFT,718,2752,7,9,False,False,1,0
TXN_202032,2024-09-07T06:15:00Z,1906.22,IMPS,706,3520,7,9,False,False,1,0
TXN_201814,2024-08-28T07:25:00Z,5816.63,NEFT,2698,3536,5,8,False,False,0,0
TXN_200842,2024-05-04T15:23:00Z,3170.49,NEFT,113,1707,0,3,True,False,0,0
TXN_200920,2024-09-19T13:59:00Z,6207.19,RTGS,1210,686,1,7,False,False,0,0
TXN_200152,2024-10-12T16:28:00Z,716.83,IMPS,2824,1442,0,3,False,False,1,0
TXN_200046,2024-09-25T06:58:00Z,53630.34,UPI,1526,2053,5,9,True,False,1,0
TXN_201410,2024-06-05T14:49:00Z,9891.46,RTGS,3297,2144,4,5,False,False,1,0
TXN_201976,2024-07-26T19:25:00Z,989.13,NEFT,2078,2773,3,2,False,False,0,0
TXN_200292,2024-06-19T22:50:00Z,4448.76,IMPS,1819,2872,2,5,False,False,0,0
TXN_201523,2024-04-24T19:23:00Z,28933.5,NEFT,2040,2707,2,3,False,True,1,0
TXN_202173,2024-12-11T22:59:00Z,2077.54,UPI,1,1041,6,1,True,False,0,1
TXN_202156,2024-12-12T03:31:00Z,90905.47,RTGS,1906,1527,5,2,False,False,1,1
TXN_200217,2024-01-04T17:43:00Z,3836.57,RTGS,1958,1189,4,6,False,True,1,0
TXN_201055,2024-09-08T14:42:00Z,5031.48,UPI,1510,972,4,9,False,False,1,0
TXN_200990,2024-04-17T08:29:00Z,43729.37,UPI,1537,1509,4,6,False,False,1,0
TXN_200674,2024-06-07T15:16:00Z,882.55,RTGS,3243,989,3,7,False,False,0,0
TXN_200432,2024-04-16T16:50:00Z,1525.94,NEFT,840,1393,7,1,False,False,1,0
TXN_200789,2024-10-15T20:31:00Z,5283.6,NEFT,1841,2432,5,4,False,False,1,0
TXN_201320,2024-06-07T13:35:00Z,2385.07,IMPS,1774,77,6,4,False,False,1,0
TXN_200507,2024-09-19T10:32:00Z,3637.77,IMPS,558,982,3,6,False,False,0,0
TXN_200581,2024-04-18T19:38:00Z,3073.98,NEFT,3632,3363,2,4,False,False,1,0
TXN_201391,2024-05-24T14:31:00Z,3317.92,NEFT,332,232,7,2,False,False,0,0
TXN_201167,2024-11-05T22:24:00Z,1763.83,RTGS,409,3542,1,1,False,False,1,0
TXN_200993,2024-05-04T21:22:00Z,2470.94,RTGS,52,664,6,3,False,True,1,0
TXN_202198,2024-10-30T04:32:00Z,183304.92,RTGS,1338,274,2,4,False,False,1,1
TXN_201953,2024-08-03T09:53:00Z,3018.65,NEFT,2712,1559,2,3,True,False,1,0
TXN_200992,2024-01-03T07:00:00Z,9468.75,IMPS,1947,1663,2,7,False,False,0,0
TXN_201469,2024-07-02T13:46:00Z,1728.56,RTGS,175,1803,1,4,False,False,1,0
TXN_200488,2024-11-23T18:45:00Z,63533.27,IMPS,2582,2997,2,6,False,False,0,0
TXN_201251,2024-09-28T17:25:00Z,1631.85,NEFT,3250,1143,0,4,False,False,1,0
TXN_200511,2024-11-10T16:18:00Z,5041.84,IMPS,692,1029,0,8,False,True,1,0
TXN_202018,2024-11-26T09:22:00Z,18485.97,UPI,1242,2037,5,1,False,False,0,0
TXN_200315,2024-06-27T17:51:00Z,5192.64,UPI,255,1503,2,2,False,False,0,0
TXN_201714,2024-09-24T17:30:00Z,5564.72,IMPS,481,1088,6,1,False,False,0,0
TXN_201811,2024-02-18T10:29:00Z,14018.58,IMPS,221,1323,1,8,False,False,1,0
TXN_200042,2024-05-21T11:32:00Z,1964.96,UPI,3004,2129,0,8,False,False,0,0
TXN_201292,2024-10-15T13:01:00Z,72610.66,IMPS,403,3586,2,2,False,False,1,0
TXN_200025,2024-05-19T07:19:00Z,7719.66,NEFT,910,2305,2,3,False,False,1,0
TXN_200703,2024-05-12T15:51:00Z,1525.76,RTGS,1813,1816,4,5,False,False,0,0
TXN_200266,2024-05-17T21:27:00Z,2650.6,NEFT,1263,3109,2,9,False,False,1,0
TXN_200340,2024-03-21T14:25:00Z,4262.8,NEFT,789,2186,7,6,False,False,0,0
TXN_201588,2024-12-05T12:50:00Z,15432.69,UPI,2930,3372,5,9,False,False,0,0
TXN_200281,2024-07-25T10:19:00Z,14919.0,IMPS,1272,3206,3,7,False,False,1,0
TXN_201519,2024-09-03T21:14:00Z,5735.72,IMPS,55,487,7,2,False,False,0,0
TXN_201716,2024-01-29T15:24:00Z,14747.53,RTGS,1216,892,1,2,False,False,0,0
TXN_201399,2024-05-12T11:23:00Z,505.06,NEFT,1217,2856,6,3,False,False,1,0
TXN_201479,2024-01-06T16:18:00Z,3239.38,NEFT,2136,2218,0,5,False,True,1,0
TXN_200661,2024-12-20T19:40:00Z,21425.87,NEFT,3204,176,7,1,False,False,0,0
TXN_200995,2024-10-02T17:58:00Z,3851.76,RTGS,3023,2344,7,7,False,False,0,0
TXN_201824,2024-09-11T06:18:00Z,9092.84,RTGS,676,2110,5,6,False,False,1,0
TXN_200353,2024-11-22T18:13:00Z,13953.75,IMPS,2575,3244,3,1,False,False,1,0
TXN_200134,2024-08-05T16:17:00Z,574.47,RTGS,454,2475,2,7,False,False,1,0
TXN_201765,2024-04-22T20:04:00Z,9555.81,IMPS,2416,2176,2,7,False,False,1,0
TXN_201080,2024-07-18T12:56:00Z,3367.48,IMPS,1813,2780,2,1,False,False,0,0
TXN_200026,2024-12-01T20:00:00Z,6127.85,NEFT,3416,1911,5,9,False,True,0,0
TXN_200701,2024-01-27T14:57:00Z,380.19,NEFT,1664,707,4,8,False,False,1,0
TXN_200219,2024-03-13T07:46:00Z,17161.81,NEFT,261,682,1,5,False,False,0,0
TXN_201311,2024-02-19T11:45:00Z,5951.8,RTGS,1238,3516,1,4,False,False,1,0
TXN_200089,2024-03-26T21:11:00Z,4566.86,RTGS,1420,1532,3,8,False,False,1,0
TXN_201977,2024-04-08T18:45:00Z,9849.53,UPI,1720,2232,1,5,False,False,0,0
TXN_201635,2024-04-02T08:10:00Z,4898.9,RTGS,2504,1097,3,4,False,False,1,0
TXN_202166,2024-12-07T02:37:00Z,183616.15,RTGS,688,1422,0,9,False,False,0,1
TXN_200731,2024-01-01T16:23:00Z,4761.36,IMPS,3230,779,5,5,False,False,0,0
TXN_200554,2024-04-25T06:26:00Z,7668.84,RTGS,1091,733,5,7,False,False,1,0
TXN_201776,2024-10-01T12:15:00Z,8014.6,NEFT,2324,2902,5,3,False,False,0,0
TXN_202111,2024-03-16T18:39:00Z,760.12,RTGS,630,1951,4,4,False,True,0,0
TXN_201211,2024-09-21T20:17:00Z,11407.71,NEFT,350,117,1,1,False,False,1,0
TXN_200210,2024-02-27T13:47:00Z,5225.28,UPI,2000,2848,0,5,False,False,0,0
TXN_201502,2024-11-01T07:32:00Z,3849.47,RTGS,1503,1385,3,1,True,False,1,0
TXN_201276,2024-01-21T21:41:00Z,1830.9,UPI,2403,2994,7,7,False,True,0,0
TXN_201409,2024-05-24T19:03:00Z,14307.95,IMPS,1481,2704,5,5,False,False,1,0
TXN_201584,2024-02-15T09:01:00Z,9085.18,RTGS,2007,2187,0,1,False,True,1,0
TXN_200274,2024-10-18T18:44:00Z,842.18,NEFT,376,1569,5,8,False,False,1,0
TXN_200845,2024-10-03T13:04:00Z,2121.96,UPI,1567,686,6,2,False,False,0,0
TXN_202117,2024-02-17T19:30:00Z,2710.34,UPI,686,623,7,1,False,False,1,0
TXN_200189,2024-02-06T08:28:00Z,1322.43,NEFT,2545,2292,7,9,False,False,1,0
TXN_201175,2024-04-28T14:36:00Z,2815.56,IMPS,2482,2330,3,7,False,True,1,0
TXN_202176,2024-07-06T14:08:00Z,19181.82,RTGS,1,76,5,2,True,False,1,1
TXN_200792,2024-08-26T08:22:00Z,16409.58,RTGS,1491,188,2,3,False,False,1,0
TXN_200921,2024-10-28T09:45:00Z,2634.96,RTGS,319,2129,0,8,False,False,0,0
TXN_200755,2024-07-28T17:47:00Z,948.09,UPI,110,2723,4,8,False,False,1,0
TXN_201012,2024-04-30T18:28:00Z,655.32,IMPS,521,2057,0,6,False,False,0,0
TXN_200909,2024-07-29T21:54:00Z,27356.75,UPI,2064,1655,2,8,False,False,1,0
TXN_200700,2024-12-10T17:09:00Z,6486.15,NEFT,700,2644,0,1,False,False,0,0
TXN_200559,2024-05-31T19:42:00Z,16526.11,NEFT,3207,3064,7,1,False,False,0,0
TXN_200602,2024-11-14T15:10:00Z,12539.95,UPI,3098,1890,3,5,False,False,0,0
TXN_200709,2024-09-04T19:24:00Z,3171.01,UPI,1165,296,3,1,False,False,1,0
TXN_202099,2024-02-15T14:59:00Z,2477.41,UPI,2067,75,6,7,False,False,1,0
TXN_201398,2024-03-07T12:47:00Z,37329.81,NEFT,2503,54,6,6,False,False,1,0
TXN_200241,2024-04-26T13:15:00Z,14874.83,IMPS,3321,696,1,1,False,False,0,0
TXN_201518,2024-06-22T17:24:00Z,639.19,NEFT,315,2930,1,3,False,False,1,0
TXN_200174,2024-06-18T12:49:00Z,4971.66,RTGS,942,2398,3,4,False,True,1,0
TXN_201108,2024-04-06T14:02:00Z,11864.02,RTGS,2692,2233,4,6,False,False,0,0
TXN_202108,2024-06-02T06:06:00Z,13900.07,NEFT,2036,647,6,8,False,False,0,0
TXN_200729,2024-12-01T21:03:00Z,2401.97,IMPS,2435,3591,6,3,False,False,1,0
TXN_200422,2024-09-17T09:56:00Z,3682.29,IMPS,1834,2793,4,2,False,False,0,0
TXN_200362,2024-06-09T18:14:00Z,7379.03,RTGS,1251,3420,6,4,False,False,1,0
TXN_201871,2024-03-23T12:51:00Z,2054.65,RTGS,1729,2681,2,4,False,False,1,0
TXN_202066,2024-05-12T06:23:00Z,18251.87,UPI,799,3476,7,2,False,False,0,0
TXN_200365,2024-02-26T19:23:00Z,1545.06,NEFT,2541,2431,4,5,False,False,1,0
TXN_201137,2024-06-30T14:04:00Z,5463.06,RTGS,352,221,1,7,False,False,0,0
TXN_200397,2024-05-27T10:32:00Z,5994.43,IMPS,319,2238,7,6,False,True,1,0
TXN_200524,2024-10-28T09:14:00Z,3433.1,RTGS,1953,79,1,3,False,False,1,0
TXN_200400,2024-07-18T15:50:00Z,6324.56,IMPS,2090,1000,7,7,False,False,0,0
TXN_200874,2024-11-23T15:22:00Z,2793.69,UPI,154,1811,3,3,False,False,1,0
TXN_201395,2024-08-24T22:53:00Z,20368.4,IMPS,2309,2179,0,6,False,False,1,0
TXN_200450,2024-08-13T11:58:00Z,2553.2,NEFT,2321,3058,4,9,False,False,1,0
TXN_201905,2024-01-16T10:44:00Z,3657.52,IMPS,2898,780,1,2,False,True,0,0
TXN_202017,2024-10-24T22:03:00Z,1546.2,NEFT,950,351,7,7,False,False,1,0
TXN_201598,2024-01-30T09:56:00Z,2932.14,IMPS,2089,2332,2,6,False,False,1,0
TXN_201865,2024-11-13T08:10:00Z,9225.4,RTGS,892,2225,6,6,False,False,0,0
TXN_202022,2024-04-27T13:55:00Z,1455.04,IMPS,1039,1893,6,8,False,False,1,0
TXN_200499,2024-02-10T11:27:00Z,5093.25,NEFT,1624,2165,0,5,False,False,0,0
TXN_201305,2024-07-09T22:50:00Z,7691.95,NEFT,1619,1663,6,8,False,False,0,0
TXN_200594,2024-01-30T09:08:00Z,2652.86,IMPS,3398,1418,3,1,False,False,0,0
TXN_201301,2024-12-10T08:07:00Z,6045.76,NEFT,837,3459,2,9,False,False,0,0
TXN_200412,2024-09-25T22:21:00Z,2979.38,IMPS,803,2476,7,3,False,False,0,0
TXN_201815,2024-08-05T20:29:00Z,21487.37,RTGS,2946,1240,5,2,False,False,0,0
TXN_202024,2024-08-14T20:06:00Z,36891.08,RTGS,3173,593,0,3,True,False,1,0
TXN_201246,2024-08-14T11:09:00Z,8252.58,IMPS,655,3188,3,9,False,False,1,0
TXN_201091,2024-02-29T21:38:00Z,819.67,NEFT,753,773,2,1,False,False,1,0
TXN_200509,2024-12-24T18:22:00Z,1389.77,RTGS,910,3009,5,5,False,False,0,0
TXN_201456,2024-03-09T21:25:00Z,9206.79,UPI,1691,429,5,2,False,False,1,0
TXN_201879,2024-07-13T22:06:00Z,12297.55,NEFT,3507,2256,6,7,False,False,0,0
TXN_200922,2024-12-23T20:33:00Z,685.7,IMPS,2403,854,3,1,False,False,0,0
TXN_200160,2024-03-20T06:59:00Z,1061.6,IMPS,1582,495,4,4,False,False,1,0
TXN_200714,2024-01-03T13:29:00Z,66.89,IMPS,983,2575,6,3,False,False,0,0
TXN_200893,2024-08-24T16:01:00Z,1819.47,IMPS,745,2763,2,6,False,False,1,0
TXN_202199,2024-01-01T03:12:00Z,187341.76,NEFT,2611,2741,3,7,False,False,1,1
TXN_201059,2024-01-13T20:35:00Z,16375.18,IMPS,1887,3617,3,9,False,False,1,0
TXN_200339,2024-02-27T17:55:00Z,1433.15,RTGS,328,1650,3,1,True,False,1,0
TXN_202068,2024-09-04T11:13:00Z,15626.23,RTGS,1538,1014,7,4,False,False,0,0
TXN_200690,2024-12-03T20:47:00Z,20491.94,NEFT,2848,3150,6,7,False,False,0,0
TXN_201663,2024-01-05T11:16:00Z,12828.28,NEFT,2848,3558,0,1,False,False,0,0
TXN_200146,2024-02-14T15:23:00Z,786.53,UPI,2570,571,0,7,False,False,0,0
TXN_202067,2024-02-27T22:37:00Z,2027.0,RTGS,1128,1117,4,9,False,False,1,0
TXN_201779,2024-02-21T17:18:00Z,1874.7,UPI,3170,2114,1,4,False,True,1,0
TXN_200137,2024-07-26T09:24:00Z,877.96,RTGS,3495,3434,3,2,False,False,0,0
TXN_201304,2024-12-23T21:06:00Z,2564.54,RTGS,346,398,5,4,False,False,0,0
TXN_200161,2024-09-15T14:47:00Z,2520.81,UPI,3295,1132,3,8,False,False,0,0
TXN_200022,2024-05-05T13:13:00Z,6520.75,NEFT,2583,1141,5,3,False,False,0,0
TXN_200003,2024-07-07T08:51:00Z,7415.06,NEFT,3096,1952,3,1,False,False,1,0
TXN_201837,2024-03-01T16:57:00Z,4017.12,NEFT,3261,1023,0,5,False,False,1,0
TXN_201543,2024-04-05T06:04:00Z,1384.53,IMPS,650,1790,0,9,False,True,0,0
TXN_201394,2024-09-07T18:09:00Z,4174.08,NEFT,1832,1396,3,1,False,False,1,0
TXN_200776,2024-05-16T20:30:00Z,7335.47,IMPS,3393,3106,2,2,False,False,0,0
TXN_202131,2024-05-25T20:55:00Z,10210.67,IMPS,664,2705,3,3,False,False,1,0
TXN_200668,2024-03-10T12:44:00Z,7152.36,RTGS,892,55,0,7,False,False,0,0
TXN_200220,2024-01-28T20:53:00Z,2926.92,NEFT,2771,3233,4,1,False,False,1,0
TXN_201412,2024-08-24T14:13:00Z,8007.02,UPI,3380,962,6,3,False,False,1,0
TXN_200819,2024-11-28T09:39:00Z,3384.28,UPI,1895,2275,1,9,False,False,1,0
TXN_202186,2024-02-01T03:01:00Z,142447.39,NEFT,555,645,3,3,False,False,0,1
TXN_201488,2024-11-03T18:25:00Z,23784.19,RTGS,692,1176,7,6,False,False,0,0
TXN_200117,2024-06-11T21:59:00Z,1993.88,IMPS,3647,1840,0,9,False,False,1,0
TXN_201536,2024-08-05T19:15:00Z,4217.08,NEFT,3645,2242,4,8,False,False,0,0
TXN_201579,2024-02-07T20:16:00Z,13052.74,NEFT,3013,1820,3,8,False,False,1,0
TXN_200484,2024-11-21T15:24:00Z,7345.87,RTGS,2852,2554,2,4,False,False,0,0
TXN_200170,2024-12-28T21:18:00Z,29299.58,IMPS,2639,1852,7,5,False,False,1,0
TXN_200558,2024-02-15T17:05:00Z,9606.11,RTGS,2202,3140,3,8,False,False,1,0
TXN_201603,2024-10-29T08:24:00Z,13954.21,IMPS,318,1390,6,7,False,False,0,0
TXN_201605,2024-06-15T20:35:00Z,13680.63,NEFT,181,818,5,7,False,False,1,0
TXN_200399,2024-07-09T09:58:00Z,19068.48,NEFT,322,1326,4,1,False,False,1,0
TXN_202062,2024-05-06T06:34:00Z,28735.68,UPI,1069,2355,0,5,False,False,0,0
TXN_202001,2024-04-30T14:46:00Z,46402.08,IMPS,2126,2057,1,8,False,False,0,0
TXN_201743,2024-09-06T20:03:00Z,1023.05,IMPS,1355,2845,0,4,False,False,1,0
TXN_201809,2024-01-08T07:13:00Z,2142.98,RTGS,2189,2366,3,2,False,False,1,0
TXN_200386,2024-12-11T15:30:00Z,1850.59,NEFT,3625,3375,0,9,False,False,0,0
TXN_200859,2024-03-01T10:16:00Z,8204.84,RTGS,1069,1360,2,3,False,False,0,0
TXN_200043,2024-02-26T12:13:00Z,8568.77,RTGS,2858,939,1,1,False,False,0,0
TXN_201455,2024-09-25T08:33:00Z,5596.94,UPI,1489,79,7,5,False,False,1,0
TXN_201243,2024-06-10T18:41:00Z,2817.85,UPI,442,743,4,5,True,False,1,0
TXN_201239,2024-02-02T12:47:00Z,54670.73,NEFT,3379,580,4,6,False,False,1,0
TXN_202056,2024-11-02T12:42:00Z,69087.02,UPI,3163,886,7,3,False,False,1,0
TXN_201128,2024-01-25T12:24:00Z,3832.52,NEFT,1039,2754,6,7,False,False,0,0
TXN_200437,2024-07-26T20:02:00Z,1627.89,UPI,562,2764,7,2,False,False,0,0
TXN_201683,2024-06-02T06:29:00Z,2591.71,NEFT,1143,3059,4,4,False,True,1,0
TXN_200178,2024-11-21T10:14:00Z,2189.98,NEFT,474,1238,2,7,False,False,0,0
TXN_201040,2024-12-26T19:12:00Z,8314.77,RTGS,846,2406,0,9,False,False,0,0
TXN_202094,2024-08-03T13:39:00Z,2294.13,UPI,1783,1116,2,8,False,False,0,0
TXN_200476,2024-11-19T15:58:00Z,10007.82,UPI,1852,1483,1,2,False,False,1,0
TXN_201406,2024-11-20T13:16:00Z,13600.67,NEFT,760,1756,5,2,False,False,0,0
TXN_200924,2024-09-11T14:56:00Z,16419.4,NEFT,2508,1745,0,7,False,False,1,0
TXN_200416,2024-01-11T06:37:00Z,4917.58,UPI,1186,2106,4,6,False,False,1,0
TXN_200202,2024-09-26T06:58:00Z,42611.43,UPI,1905,2837,2,8,False,False,0,0
TXN_201848,2024-10-12T08:00:00Z,2429.86,NEFT,851,221,6,1,False,False,0,0
TXN_200164,2024-06-20T08:41:00Z,9157.38,UPI,2687,3640,1,9,False,False,0,0
TXN_201154,2024-06-12T08:56:00Z,7048.81,RTGS,1959,3463,3,3,False,True,0,0
TXN_201156,2024-05-11T14:07:00Z,8761.32,UPI,3351,990,1,5,False,True,0,0
TXN_201015,2024-08-17T22:21:00Z,2736.03,UPI,286,3164,3,9,False,False,1,0
TXN_201571,2024-02-10T20:31:00Z,58681.36,UPI,137,961,4,2,False,True,1,0
TXN_201458,2024-01-04T08:43:00Z,5609.86,NEFT,1540,909,3,1,False,False,1,0
TXN_200885,2024-10-08T20:21:00Z,1024.59,UPI,964,763,4,5,False,False,1,0
TXN_200723,2024-03-14T06:02:00Z,1499.01,IMPS,2516,2690,4,4,False,False,1,0
TXN_200829,2024-09-28T07:50:00Z,6246.97,NEFT,1244,663,6,4,False,False,0,0
TXN_200389,2024-02-16T19:00:00Z,14012.01,IMPS,2437,387,0,8,False,False,1,0
TXN_201545,2024-02-16T15:09:00Z,1817.29,IMPS,3303,186,6,3,False,True,1,0
TXN_201901,2024-11-05T21:43:00Z,5653.42,UPI,3394,2091,2,3,False,True,1,0
TXN_200105,2024-07-24T07:45:00Z,2993.53,IMPS,2419,2168,5,2,False,False,1,0
TXN_200562,2024-04-26T20:47:00Z,1931.7,IMPS,2763,2960,5,5,False,False,1,0
TXN_201974,2024-10-18T17:19:00Z,3301.36,RTGS,2916,2633,0,9,False,False,0,0
TXN_201097,2024-11-17T16:20:00Z,2491.74,NEFT,3296,2288,6,5,False,False,0,0
TXN_201817,2024-10-07T06:33:00Z,4895.56,UPI,1471,136,2,6,False,False,0,0
TXN_201808,2024-01-16T15:30:00Z,2605.22,IMPS,3571,727,1,6,False,False,0,0
TXN_201105,2024-07-08T12:16:00Z,785.96,RTGS,66,2722,5,5,False,False,1,0
TXN_200378,2024-04-23T13:04:00Z,7001.99,RTGS,2189,2122,7,7,False,False,0,0
TXN_201267,2024-02-12T13:14:00Z,31327.78,UPI,418,3101,5,3,False,False,0,0
TXN_201380,2024-12-12T07:47:00Z,24435.15,UPI,956,1008,5,2,False,False,1,0
TXN_200171,2024-07-22T11:42:00Z,3532.05,RTGS,335,508,2,3,False,False,0,0
TXN_200625,2024-04-20T16:51:00Z,4084.27,UPI,1690,175,5,7,False,False,0,0
TXN_202016,2024-07-12T11:04:00Z,4560.38,IMPS,2445,3221,7,1,False,False,0,0
TXN_200899,2024-08-09T14:11:00Z,3946.99,IMPS,224,1212,6,3,False,False,0,0
TXN_200393,2024-11-03T10:45:00Z,26266.68,NEFT,2914,2435,4,4,False,True,0,0
TXN_200375,2024-11-12T12:03:00Z,1619.71,NEFT,987,2135,4,1,False,False,0,0
TXN_201078,2024-10-10T20:20:00Z,3880.47,IMPS,2122,3597,5,5,False,False,1,0
TXN_200179,2024-02-16T16:33:00Z,9757.36,NEFT,1112,1821,0,9,False,False,1,0
TXN_201203,2024-12-03T21:30:00Z,15235.77,UPI,1515,3055,0,5,False,True,1,0
TXN_201196,2024-06-27T10:41:00Z,26229.55,NEFT,3467,3318,6,9,False,False,0,0
TXN_201881,2024-02-21T09:02:00Z,34875.09,NEFT,2201,1210,0,4,False,True,0,0
TXN_200708,2024-03-17T19:29:00Z,18099.05,RTGS,1592,3258,2,7,False,False,0,0
TXN_200454,2024-02-11T20:20:00Z,8741.24,IMPS,3403,1965,5,7,False,False,1,0
TXN_201572,2024-06-23T16:01:00Z,2006.59,UPI,1660,721,5,5,False,False,0,0
TXN_201368,2024-12-17T08:53:00Z,19895.4,UPI,665,2396,6,8,False,False,1,0
TXN_200556,2024-05-03T19:21:00Z,8573.2,NEFT,327,3076,6,6,False,False,0,0
TXN_201226,2024-11-16T19:09:00Z,5890.94,IMPS,1267,2422,7,5,False,False,0,0
TXN_200319,2024-08-14T06:00:00Z,5325.74,IMPS,904,2003,6,5,False,False,0,0
TXN_201421,2024-03-11T21:55:00Z,714.17,IMPS,3601,2458,2,1,False,False,0,0
TXN_201454,2024-05-30T15:32:00Z,21603.73,NEFT,1818,740,1,5,False,True,1,0
TXN_200321,2024-10-18T14:38:00Z,109245.28,UPI,2920,657,3,2,False,False,0,0
TXN_200007,2024-01-09T14:04:00Z,3388.26,UPI,900,3546,0,9,False,False,1,0
TXN_200926,2024-02-15T11:49:00Z,9079.2,NEFT,838,2328,3,2,False,False,1,0
TXN_201482,2024-07-04T08:34:00Z,388.97,IMPS,3163,2697,3,7,False,False,0,0
TXN_201702,2024-04-02T19:55:00Z,17975.48,NEFT,913,1356,5,4,False,False,0,0
TXN_200815,2024-01-29T06:13:00Z,5127.3,IMPS,430,2824,7,1,False,False,0,0
TXN_200323,2024-07-05T12:15:00Z,33427.6,NEFT,2990,601,3,7,False,False,0,0
TXN_201485,2024-10-23T08:51:00Z,8662.68,NEFT,3069,2737,4,9,False,False,0,0
TXN_200765,2024-03-24T19:49:00Z,8963.03,UPI,1751,2458,5,5,False,False,1,0
TXN_200338,2024-09-19T14:35:00Z,4216.2,RTGS,1274,673,1,8,False,False,1,0
TXN_200838,2024-10-12T06:28:00Z,906.7,IMPS,1667,583,0,2,False,False,0,0
TXN_201804,2024-05-05T14:12:00Z,7405.19,RTGS,3133,1861,5,7,False,False,1,0
TXN_200583,2024-09-02T16:47:00Z,42662.84,UPI,994,1556,3,7,False,False,1,0
TXN_201567,2024-08-07T13:20:00Z,289.59,RTGS,442,2685,4,9,False,False,0,0
TXN_200011,2024-12-07T20:23:00Z,1267.77,UPI,1296,2419,0,7,False,False,1,0
TXN_201236,2024-07-15T15:14:00Z,65254.41,NEFT,2232,1363,3,3,False,False,0,0
TXN_201132,2024-08-11T19:27:00Z,8971.25,UPI,2109,49,7,7,False,False,1,0
TXN_201136,2024-05-21T06:15:00Z,11517.61,UPI,2406,1638,3,9,False,False,1,0
TXN_201968,2024-02-19T14:34:00Z,14484.83,RTGS,831,1555,2,5,False,False,1,0
TXN_201770,2024-02-23T21:28:00Z,8236.91,IMPS,2636,2261,5,7,False,False,0,0
TXN_200822,2024-01-07T21:05:00Z,612.42,NEFT,1888,2003,4,5,False,False,1,0
TXN_200192,2024-07-19T08:59:00Z,639.32,NEFT,302,1917,4,5,False,False,0,0
TXN_200063,2024-01-20T14:54:00Z,3695.65,UPI,3241,389,6,7,False,False,0,0
TXN_201896,2024-11-22T07:39:00Z,1247.18,RTGS,742,2683,4,2,False,False,0,0
TXN_202170,2024-05-02T04:58:00Z,121066.95,UPI,2511,1745,1,5,False,False,0,1
TXN_202138,2024-02-19T02:29:00Z,149440.65,RTGS,1589,2345,5,8,False,False,0,1
TXN_200324,2024-10-31T11:36:00Z,3110.36,UPI,2091,3581,3,3,True,False,0,0
TXN_200526,2024-09-14T15:31:00Z,14519.24,UPI,855,2659,1,8,False,False,0,0
TXN_200515,2024-05-31T12:57:00Z,7350.5,RTGS,2536,2224,7,9,False,True,0,0
TXN_201828,2024-07-23T14:58:00Z,3489.32,UPI,1302,266,4,3,True,False,0,0
TXN_200669,2024-01-27T07:54:00Z,11956.17,RTGS,2964,3040,3,7,False,False,1,0
TXN_200144,2024-02-13T17:26:00Z,16724.3,NEFT,3599,3077,4,2,False,False,0,0
TXN_202023,2024-11-01T11:51:00Z,1332.34,NEFT,1844,2864,1,5,False,False,0,0
TXN_201125,2024-09-02T19:26:00Z,13105.88,RTGS,159,2591,2,2,True,False,0,0
TXN_201846,2024-11-28T17:03:00Z,23356.49,RTGS,1352,1878,6,9,False,False,0,0
TXN_201355,2024-11-06T20:31:00Z,9981.95,RTGS,3316,1228,2,5,False,False,1,0
TXN_200044,2024-07-19T12:10:00Z,4537.14,RTGS,1187,2785,1,1,False,False,1,0
TXN_200132,2024-07-05T19:44:00Z,2690.84,RTGS,621,1877,6,5,False,False,1,0
TXN_200676,2024-01-24T20:46:00Z,968.35,NEFT,822,2225,5,9,False,False,1,0
TXN_201769,2024-02-14T08:58:00Z,372.24,RTGS,493,2171,6,9,False,False,1,0
TXN_201153,2024-09-21T17:23:00Z,20944.53,NEFT,538,657,1,9,False,False,1,0
TXN_201441,2024-04-29T21:04:00Z,39930.43,IMPS,1111,1110,1,5,False,True,0,0
TXN_200053,2024-09-26T07:25:00Z,8375.54,IMPS,1773,1016,2,9,False,False,0,0
TXN_200522,2024-06-06T14:07:00Z,16304.28,RTGS,3601,1866,4,6,False,False,0,0
TXN_200226,2024-07-04T18:02:00Z,19413.46,UPI,1483,1819,0,2,False,False,1,0
TXN_201670,2024-12-10T08:20:00Z,3877.48,UPI,1434,3225,7,4,False,False,1,0
TXN_201121,2024-07-26T21:35:00Z,8200.05,NEFT,2213,825,6,4,False,False,0,0
TXN_200960,2024-12-28T14:05:00Z,3305.86,NEFT,1558,631,1,2,False,True,1,0
TXN_201636,2024-03-08T14:40:00Z,2476.16,NEFT,1253,1311,1,4,False,False,0,0
TXN_200833,2024-04-23T09:04:00Z,724.12,UPI,2316,1462,4,4,True,False,0,0
TXN_201023,2024-08-30T15:30:00Z,2004.61,IMPS,3274,3525,0,6,False,False,1,0
TXN_200534,2024-01-04T20:58:00Z,37602.46,IMPS,1791,58,2,3,True,False,1,0
TXN_201595,2024-02-01T14:11:00Z,7863.7,NEFT,3170,3591,0,3,False,True,1,0
TXN_200234,2024-09-27T19:19:00Z,1773.3,RTGS,778,2131,2,2,False,True,0,0
TXN_202046,2024-03-24T12:45:00Z,1999.65,NEFT,1683,696,1,6,False,True,1,0
TXN_200549,2024-08-26T13:36:00Z,3158.97,UPI,530,2128,2,6,False,False,1,0
TXN_201484,2024-01-27T17:32:00Z,6891.95,NEFT,3260,2069,1,1,False,False,1,0
TXN_202121,2024-10-08T08:53:00Z,6980.75,IMPS,2791,3344,5,9,False,False,0,0
TXN_200807,2024-12-25T21:31:00Z,1293.93,IMPS,1596,198,1,5,False,False,0,0
TXN_200754,2024-12-17T11:08:00Z,1561.55,UPI,2531,3349,7,9,False,False,0,0
TXN_200169,2024-11-06T12:06:00Z,1385.75,IMPS,3590,3306,2,4,False,False,0,0
TXN_201999,2024-03-14T12:08:00Z,1570.03,NEFT,1970,646,7,3,False,False,0,0
TXN_200059,2024-10-09T10:07:00Z,23363.83,NEFT,2979,1064,4,8,False,False,1,0
TXN_200681,2024-09-15T21:29:00Z,1206.85,IMPS,993,2082,5,7,False,False,0,0
TXN_200816,2024-08-24T18:38:00Z,9239.69,RTGS,1852,3264,6,4,False,True,0,0
TXN_202159,2024-07-08T03:22:00Z,40202.79,IMPS,1067,2350,4,9,False,False,0,1
TXN_201179,2024-03-16T13:51:00Z,1024.53,UPI,885,2492,5,3,True,False,1,0
TXN_201678,2024-08-19T08:48:00Z,3821.69,RTGS,3501,3464,0,4,False,False,1,0
TXN_200790,2024-09-18T18:36:00Z,7674.43,NEFT,31,1114,1,2,False,True,0,0
TXN_201266,2024-08-27T19:41:00Z,8029.01,NEFT,3037,2318,0,9,False,False,0,0
TXN_200595,2024-05-07T22:23:00Z,1777.69,NEFT,3189,2769,1,6,False,False,1,0
TXN_200762,2024-02-20T16:59:00Z,15679.25,UPI,992,1429,2,2,False,False,0,0
TXN_200868,2024-06-14T16:18:00Z,1081.76,RTGS,990,1362,6,2,False,False,1,0
TXN_202105,2024-08-12T08:49:00Z,3329.81,RTGS,2110,945,1,3,False,False,1,0
TXN_202197,2024-04-03T07:54:00Z,5007.05,UPI,2086,1039,2,48,True,True,1,1
TXN_201287,2024-01-14T13:31:00Z,5935.54,RTGS,1986,1444,6,9,False,False,1,0
TXN_200349,2024-02-20T09:07:00Z,8571.67,NEFT,562,2374,6,1,False,False,1,0
TXN_201654,2024-04-09T14:44:00Z,430.38,RTGS,84,3174,4,9,False,False,0,0
TXN_201316,2024-12-16T10:07:00Z,2592.49,UPI,1990,2494,3,9,False,False,0,0
TXN_200074,2024-06-28T07:41:00Z,6062.61,UPI,1313,3536,3,4,False,False,1,0
TXN_200589,2024-12-22T10:12:00Z,5005.24,RTGS,2389,3049,2,5,False,False,1,0
TXN_200205,2024-09-20T11:44:00Z,31659.53,UPI,3399,2001,3,6,True,True,1,0
TXN_200019,2024-05-07T06:54:00Z,51987.3,NEFT,487,3454,1,3,False,False,0,0
TXN_202048,2024-09-03T22:27:00Z,3295.54,UPI,2643,1399,7,4,True,False,1,0
TXN_201752,2024-05-01T16:07:00Z,2499.91,UPI,1162,156,6,9,False,False,1,0
TXN_201730,2024-02-25T07:00:00Z,3623.8,NEFT,593,3208,6,7,False,False,1,0
TXN_201376,2024-08-04T14:10:00Z,126202.65,IMPS,1291,791,3,2,False,False,1,0
TXN_201353,2024-05-05T18:44:00Z,2224.17,UPI,830,3545,5,5,False,False,0,0
TXN_201993,2024-10-17T14:21:00Z,2329.42,NEFT,127,3227,5,5,False,False,1,0
TXN_201090,2024-12-03T15:31:00Z,25460.34,NEFT,2983,1973,1,6,False,False,1,0
TXN_200942,2024-09-29T13:48:00Z,2316.19,UPI,2636,2594,0,2,False,False,1,0
TXN_200208,2024-11-29T07:24:00Z,32207.06,NEFT,1129,2989,5,3,False,False,0,0
TXN_201967,2024-10-20T20:36:00Z,4229.27,IMPS,2427,1277,5,5,False,False,1,0
TXN_201875,2024-08-04T12:56:00Z,7415.96,UPI,2183,1556,2,9,False,False,1,0
TXN_200410,2024-03-09T21:43:00Z,763.52,UPI,2461,2965,5,8,False,False,1,0
TXN_201648,2024-11-09T22:05:00Z,5434.8,RTGS,3624,1732,1,8,False,True,1,0
TXN_201913,2024-04-12T17:11:00Z,2007.01,RTGS,2524,457,7,3,False,False,1,0
TXN_200673,2024-04-18T21:32:00Z,631.1,NEFT,3405,2773,3,7,False,False,0,0
TXN_201384,2024-02-16T06:16:00Z,1679.24,RTGS,2165,1103,7,9,False,False,1,0
TXN_200560,2024-06-28T12:27:00Z,1521.16,RTGS,366,1290,4,4,False,False,1,0
TXN_201919,2024-07-26T22:39:00Z,2356.47,NEFT,2956,1593,6,2,False,False,1,0
TXN_202102,2024-06-10T13:30:00Z,882.64,IMPS,3117,3148,6,7,False,False,0,0
TXN_200947,2024-01-10T21:20:00Z,2843.04,NEFT,3579,2174,0,4,True,False,1,0
TXN_200350,2024-07-24T09:04:00Z,2076.22,UPI,3043,2766,2,4,False,False,1,0
TXN_200429,2024-12-19T17:50:00Z,6082.54,NEFT,2553,2841,7,6,False,False,0,0
TXN_201290,2024-08-11T15:51:00Z,17222.68,RTGS,3360,1132,5,3,False,False,1,0
TXN_201145,2024-07-20T07:10:00Z,17300.86,NEFT,635,1795,1,6,False,False,0,0
TXN_200010,2024-08-09T06:14:00Z,8067.97,UPI,2437,1990,1,7,False,False,1,0
TXN_201283,2024-11-08T16:37:00Z,1473.6,UPI,64,2571,6,9,False,False,1,0
TXN_201512,2024-08-16T15:45:00Z,653.42,NEFT,3041,382,2,2,False,False,0,0
TXN_201228,2024-10-19T15:37:00Z,6929.44,RTGS,1007,206,6,1,False,False,1,0
TXN_200453,2024-11-01T10:44:00Z,3310.3,IMPS,1776,3500,7,9,False,False,1,0
TXN_201110,2024-03-26T12:34:00Z,12714.13,RTGS,1664,3431,1,6,False,True,1,0
TXN_202025,2024-08-20T07:48:00Z,23003.41,UPI,1717,341,1,8,False,False,1,0
TXN_201051,2024-11-13T07:26:00Z,5679.72,NEFT,43,3524,1,4,False,False,1,0
TXN_200977,2024-05-25T21:04:00Z,588.43,RTGS,1305,1816,4,7,False,False,0,0
TXN_201363,2024-08-28T09:21:00Z,5264.97,RTGS,1778,407,3,9,False,False,1,0
TXN_201116,2024-06-11T09:44:00Z,3301.02,RTGS,3340,2161,5,2,False,True,0,0
TXN_201424,2024-04-12T12:15:00Z,1785.25,RTGS,1262,1462,6,1,False,False,1,0
TXN_200890,2024-03-08T09:31:00Z,34069.08,NEFT,611,1227,0,7,False,True,1,0
TXN_201346,2024-10-21T16:39:00Z,66657.91,RTGS,1232,1927,1,6,False,False,1,0
TXN_201113,2024-09-26T09:34:00Z,6023.17,IMPS,3541,2570,5,6,False,True,1,0
TXN_201191,2024-10-23T19:56:00Z,2219.76,NEFT,2466,1588,5,4,False,False,0,0
TXN_202051,2024-06-15T21:55:00Z,7274.32,RTGS,569,1339,6,8,False,True,0,0
TXN_202200,2024-08-09T04:31:00Z,171932.81,RTGS,3009,1659,4,1,False,False,0,1
TXN_200806,2024-11-04T07:42:00Z,27024.07,NEFT,2880,3089,0,6,False,False,0,0
TXN_201364,2024-10-17T18:46:00Z,1134.08,UPI,892,899,4,1,False,False,0,0
TXN_200697,2024-02-22T12:15:00Z,12068.12,UPI,37,3322,7,2,False,False,1,0
TXN_201433,2024-01-10T08:40:00Z,4464.35,NEFT,1294,3221,1,8,False,True,0,0
TXN_201176,2024-11-23T17:28:00Z,2785.17,IMPS,1121,3460,1,1,False,False,0,0
TXN_200883,2024-11-04T07:03:00Z,1009.19,RTGS,3331,1157,0,3,False,False,0,0
TXN_200166,2024-03-05T19:16:00Z,3649.17,NEFT,3002,2712,4,1,False,False,1,0
TXN_201951,2024-01-29T20:45:00Z,7810.75,UPI,2017,1344,0,6,True,False,1,0
TXN_202089,2024-04-13T17:47:00Z,6550.88,RTGS,2252,2053,7,3,False,False,0,0
TXN_201446,2024-02-02T11:48:00Z,42168.58,NEFT,778,1096,3,7,False,False,0,0
TXN_200749,2024-04-18T13:28:00Z,2209.39,IMPS,2569,2430,2,7,False,False,0,0
TXN_200436,2024-02-18T10:26:00Z,1683.56,UPI,1070,622,1,8,False,False,1,0
TXN_201102,2024-07-22T16:26:00Z,5109.2,UPI,120,3233,5,5,False,False,0,0
TXN_200455,2024-01-28T07:23:00Z,3078.85,IMPS,112,432,5,1,False,False,0,0
TXN_201221,2024-07-16T06:14:00Z,4930.27,RTGS,2862,3639,7,2,False,False,0,0
TXN_200910,2024-09-22T13:59:00Z,13568.53,NEFT,1846,1570,1,2,False,False,0,0
TXN_201325,2024-08-06T19:27:00Z,6631.78,IMPS,3467,750,5,9,False,True,1,0
TXN_201207,2024-05-18T20:15:00Z,12091.22,IMPS,1894,2627,6,7,False,False,1,0
TXN_200980,2024-09-12T14:54:00Z,5928.56,UPI,3647,3424,4,7,False,False,0,0
TXN_200345,2024-07-04T07:59:00Z,9466.69,IMPS,1557,303,0,3,False,True,1,0
TXN_201030,2024-03-02T18:57:00Z,996.32,UPI,161,1861,1,6,False,True,0,0
TXN_200385,2024-12-16T19:54:00Z,12849.78,IMPS,2801,3445,0,2,False,False,0,0
TXN_200541,2024-08-01T21:53:00Z,4483.8,UPI,1586,1733,3,6,False,False,0,0
TXN_201839,2024-04-20T12:00:00Z,9499.03,UPI,1049,2119,7,3,False,False,0,0
TXN_201157,2024-02-27T22:13:00Z,1807.79,UPI,402,567,3,4,False,False,0,0
TXN_200736,2024-04-23T13:29:00Z,3690.81,UPI,2051,2324,6,1,False,False,1,0
TXN_201840,2024-02-24T07:43:00Z,33896.78,UPI,1914,1387,7,8,False,False,0,0
TXN_202124,2024-10-29T22:03:00Z,1734.2,NEFT,446,926,5,8,False,False,1,0
TXN_202065,2024-05-03T07:23:00Z,744.81,IMPS,1855,2057,2,3,False,True,0,0
TXN_200832,2024-11-28T18:12:00Z,2712.27,NEFT,1795,2770,4,6,False,False,0,0
TXN_201619,2024-03-25T22:12:00Z,16915.65,NEFT,3326,2111,2,4,False,False,1,0
TXN_200599,2024-12-29T21:03:00Z,402.94,RTGS,1623,1482,4,7,False,False,1,0
TXN_200211,2024-01-08T07:23:00Z,4245.67,NEFT,2648,1233,2,3,False,False,0,0
TXN_201115,2024-09-26T15:08:00Z,4040.91,RTGS,2629,345,4,9,False,False,1,0
TXN_201453,2024-10-05T18:35:00Z,17133.82,NEFT,3588,3266,4,9,False,False,0,0
TXN_201430,2024-07-15T22:17:00Z,10846.49,IMPS,212,1720,3,2,False,False,1,0
TXN_201701,2024-10-25T09:48:00Z,3384.21,IMPS,2017,107,3,5,False,False,1,0
TXN_200971,2024-08-14T21:45:00Z,4360.81,IMPS,2677,331,4,2,False,False,1,0
TXN_200187,2024-12-01T18:56:00Z,5608.12,UPI,676,3404,2,3,False,False,1,0
TXN_201908,2024-07-23T20:31:00Z,3768.29,RTGS,2273,835,4,2,False,False,1,0
TXN_201068,2024-03-08T06:29:00Z,3362.66,RTGS,1717,3208,7,1,False,False,0,0
TXN_201630,2024-10-01T13:25:00Z,3928.76,RTGS,3641,1993,5,6,False,False,1,0
TXN_201334,2024-07-31T08:08:00Z,6550.14,RTGS,3135,3053,4,1,False,True,1,0
TXN_201377,2024-05-22T19:56:00Z,5532.24,UPI,1314,2249,6,3,False,False,1,0
TXN_201669,2024-09-17T15:23:00Z,10738.53,IMPS,2256,1495,0,4,False,False,1,0
TXN_200101,2024-11-30T08:19:00Z,1166.22,NEFT,2221,1523,0,9,False,False,1,0
TXN_201766,2024-12-16T08:42:00Z,1072.59,RTGS,1871,2016,5,3,False,False,0,0
TXN_200175,2024-09-16T15:09:00Z,812.8,IMPS,506,1765,4,6,True,False,1,0
TXN_200095,2024-02-14T16:34:00Z,4917.2,UPI,2457,3011,0,1,False,False,0,0
TXN_200475,2024-07-13T10:50:00Z,11415.07,NEFT,2260,1246,7,4,False,False,0,0
TXN_201306,2024-04-26T10:43:00Z,214222.34,UPI,2955,1553,4,9,False,False,1,0
TXN_201405,2024-03-20T10:09:00Z,11518.42,UPI,1957,1550,7,5,False,False,1,0
TXN_200528,2024-10-14T13:18:00Z,2850.06,IMPS,1428,2109,6,2,False,False,1,0
TXN_201898,2024-03-29T11:01:00Z,1539.94,UPI,2412,497,2,5,False,False,0,0
TXN_201291,2024-10-08T13:29:00Z,12712.11,UPI,2931,3220,0,9,False,False,0,0
TXN_200871,2024-01-28T21:00:00Z,2207.66,UPI,428,3018,5,4,False,False,0,0
TXN_200641,2024-05-08T06:03:00Z,1626.15,RTGS,934,1300,3,9,False,False,1,0
TXN_201489,2024-09-22T21:07:00Z,5049.76,NEFT,1900,989,5,3,False,False,0,0
TXN_200658,2024-01-21T14:41:00Z,5683.98,IMPS,754,2482,0,5,False,False,0,0
TXN_200055,2024-01-24T18:58:00Z,8235.2,NEFT,3341,2629,7,9,False,False,1,0
TXN_202126,2024-12-15T22:42:00Z,5896.86,NEFT,576,3336,3,3,False,False,0,0
TXN_201273,2024-03-25T14:12:00Z,407.3,NEFT,2623,187,0,6,False,False,0,0
TXN_200250,2024-03-08T19:57:00Z,2652.69,RTGS,1530,567,4,4,False,True,0,0
TXN_200634,2024-03-23T14:51:00Z,88306.8,IMPS,1554,2094,4,2,False,False,1,0
TXN_200419,2024-04-05T07:26:00Z,21279.84,NEFT,2004,1822,3,9,False,False,1,0
TXN_200472,2024-06-02T18:00:00Z,6020.32,NEFT,3021,2029,6,3,False,True,0,0
TXN_200200,2024-12-11T12:40:00Z,7749.89,RTGS,1686,1466,5,2,False,False,0,0
TXN_201230,2024-12-14T15:30:00Z,12352.32,NEFT,2494,1431,7,3,False,False,1,0
TXN_201208,2024-04-20T18:17:00Z,4912.35,IMPS,2345,1674,0,2,True,False,0,0
TXN_200486,2024-05-13T15:25:00Z,3251.45,NEFT,3094,1220,0,1,False,False,1,0
TXN_200039,2024-10-05T12:02:00Z,3820.0,NEFT,876,1475,6,1,False,False,0,0
TXN_200689,2024-04-13T11:23:00Z,2953.33,RTGS,83,2349,4,6,False,False,0,0
TXN_200850,2024-10-31T10:05:00Z,12957.22,NEFT,31,564,6,4,False,True,1,0
TXN_201855,2024-12-14T08:24:00Z,2658.04,NEFT,2598,2804,7,1,False,False,0,0
TXN_200854,2024-12-10T06:39:00Z,2493.82,UPI,2119,2550,5,5,False,False,0,0
TXN_201212,2024-02-05T18:08:00Z,1760.67,UPI,2976,2169,1,2,False,False,1,0
TXN_201438,2024-10-04T13:38:00Z,8510.82,UPI,705,610,7,8,False,True,0,0
TXN_201787,2024-03-28T18:02:00Z,8608.37,IMPS,1560,1627,3,1,False,False,1,0
TXN_200352,2024-11-16T06:44:00Z,17682.65,NEFT,2834,2442,7,2,False,False,0,0
TXN_200726,2024-08-19T06:02:00Z,10740.52,RTGS,2575,1524,3,5,False,False,0,0
TXN_200279,2024-03-30T07:02:00Z,3807.19,IMPS,191,394,5,4,False,True,1,0
TXN_200359,2024-02-13T12:33:00Z,6451.22,IMPS,1182,2022,0,7,False,False,0,0
TXN_201565,2024-08-25T15:25:00Z,8471.12,UPI,3649,2344,6,2,False,False,1,0
TXN_201193,2024-06-17T10:18:00Z,9568.37,IMPS,1292,1199,6,3,False,False,0,0
TXN_201786,2024-11-08T06:36:00Z,1954.05,UPI,2493,2718,3,6,False,True,0,0
TXN_201087,2024-10-23T11:09:00Z,65397.22,RTGS,180,1467,7,5,False,False,1,0
TXN_200984,2024-10-17T19:47:00Z,13150.27,IMPS,999,150,1,4,False,False,0,0
TXN_200652,2024-08-03T06:19:00Z,6866.11,NEFT,2818,890,2,1,False,False,0,0
TXN_201755,2024-03-31T17:51:00Z,37873.14,IMPS,2215,2342,4,2,False,False,1,0
TXN_201390,2024-01-17T09:51:00Z,15703.13,IMPS,1086,2280,4,5,False,False,1,0
TXN_200685,2024-10-10T12:57:00Z,4971.04,UPI,896,1531,5,5,False,False,0,0
TXN_200783,2024-10-13T14:04:00Z,2897.63,UPI,2454,571,4,8,False,False,1,0
TXN_200066,2024-02-27T08:19:00Z,1554.9,NEFT,3553,48,4,3,False,False,0,0
TXN_200646,2024-05-31T06:54:00Z,15935.28,IMPS,942,826,3,6,False,False,0,0
TXN_200364,2024-07-10T15:48:00Z,7795.21,UPI,2169,2221,2,2,False,False,1,0
TXN_200013,2024-10-25T11:05:00Z,5853.86,RTGS,3039,3108,6,6,False,False,1,0
TXN_201741,2024-10-06T14:49:00Z,2556.33,RTGS,2114,2893,7,2,False,False,1,0
TXN_200347,2024-04-14T08:38:00Z,5822.19,UPI,3147,2617,7,6,False,False,1,0
TXN_201315,2024-01-02T09:51:00Z,67393.8,RTGS,2170,1744,2,6,True,False,1,0
TXN_201626,2024-10-18T15:51:00Z,12485.53,UPI,2734,2736,2,9,False,False,1,0
TXN_200300,2024-10-26T11:32:00Z,3473.06,UPI,108,3379,7,7,False,True,0,0
TXN_201664,2024-03-04T18:37:00Z,22353.7,IMPS,3322,1540,4,2,False,False,1,0
TXN_200051,2024-10-20T18:52:00Z,6654.57,UPI,3268,1959,7,4,False,False,0,0
TXN_200147,2024-04-22T10:31:00Z,2324.36,RTGS,405,832,5,1,False,False,1,0
TXN_202109,2024-08-01T19:22:00Z,1320.2,NEFT,1972,2042,7,7,False,False,0,0
TXN_201449,2024-05-18T16:02:00Z,8830.33,UPI,664,3138,2,4,False,False,1,0
TXN_202004,2024-09-08T09:38:00Z,2228.96,RTGS,1889,1609,0,8,False,False,1,0
TXN_201736,2024-06-27T19:25:00Z,15477.03,RTGS,2456,2534,5,5,False,False,0,0
TXN_200125,2024-10-02T17:46:00Z,1311.9,IMPS,706,2691,3,3,False,True,1,0
TXN_201117,2024-10-08T14:05:00Z,3411.69,UPI,2939,1326,5,5,False,False,1,0
TXN_201954,2024-11-02T22:49:00Z,2298.74,UPI,102,2579,1,2,False,False,1,0
TXN_201062,2024-05-23T06:51:00Z,2338.77,NEFT,3185,544,3,4,False,False,1,0
TXN_202169,2024-03-19T02:56:00Z,50504.89,RTGS,2088,2100,4,8,False,False,0,1
TXN_202119,2024-01-14T14:16:00Z,4755.12,IMPS,220,688,1,7,False,False,1,0
TXN_201215,2024-02-04T14:00:00Z,23874.31,IMPS,578,2331,6,9,True,False,0,0
TXN_200925,2024-10-24T16:26:00Z,1945.56,UPI,2975,54,7,4,False,False,1,0
TXN_201796,2024-05-05T08:13:00Z,14014.35,IMPS,1614,1940,1,9,False,True,1,0
TXN_201240,2024-08-25T06:31:00Z,1929.78,IMPS,561,1609,1,5,False,False,0,0
TXN_201250,2024-01-06T13:49:00Z,12025.15,IMPS,582,1216,3,2,False,False,1,0
TXN_201695,2024-04-29T17:02:00Z,1820.68,IMPS,1635,863,3,7,False,True,1,0
TXN_201452,2024-11-25T13:55:00Z,1397.59,NEFT,96,96,5,6,False,False,0,0
TXN_201707,2024-08-16T10:40:00Z,4816.64,UPI,2101,2000,0,2,False,False,1,0
TXN_200023,2024-07-31T15:17:00Z,2614.74,UPI,3196,363,7,5,False,False,0,0
TXN_201245,2024-06-21T08:54:00Z,3909.5,NEFT,2136,1098,2,2,False,True,0,0
TXN_202036,2024-12-16T22:23:00Z,3095.37,UPI,1998,1442,7,2,False,False,0,0
TXN_201941,2024-11-09T18:27:00Z,2973.15,RTGS,1592,179,6,7,True,False,0,0
TXN_201955,2024-09-09T07:31:00Z,7864.23,IMPS,2072,2068,7,6,False,False,1,0
TXN_200123,2024-12-15T17:38:00Z,54881.5,NEFT,963,695,6,9,False,False,0,0
TXN_200218,2024-07-15T16:43:00Z,1233.68,RTGS,903,64,2,7,False,False,0,0
TXN_200369,2024-07-11T08:17:00Z,2327.68,UPI,362,2239,3,7,False,False,0,0
TXN_200260,2024-11-17T11:10:00Z,3120.42,IMPS,1241,2478,2,6,False,False,0,0
TXN_200065,2024-12-12T14:37:00Z,1723.25,UPI,304,541,0,7,False,False,0,0
TXN_201764,2024-06-25T06:27:00Z,18266.16,IMPS,636,1479,0,4,False,False,0,0
TXN_201148,2024-05-26T21:12:00Z,552.16,NEFT,3236,632,2,2,False,False,1,0
TXN_201838,2024-07-22T17:04:00Z,3672.41,UPI,2152,1904,1,1,False,False,0,0
TXN_201165,2024-02-28T09:42:00Z,566.71,NEFT,2735,794,4,8,False,False,1,0
TXN_200543,2024-09-14T19:49:00Z,5290.35,IMPS,1584,2053,6,2,False,False,1,0
TXN_200004,2024-04-18T20:47:00Z,1934.03,NEFT,2415,33,2,3,False,False,0,0
TXN_200083,2024-11-25T08:57:00Z,2185.14,RTGS,3635,1527,4,1,False,False,0,0
TXN_200918,2024-10-17T21:30:00Z,779.63,NEFT,2096,2216,3,7,False,False,1,0
TXN_201077,2024-10-07T14:45:00Z,12852.06,RTGS,3374,1626,0,4,True,False,0,0
TXN_200579,2024-11-04T10:58:00Z,11912.61,RTGS,1557,551,1,7,False,False,0,0
TXN_200230,2024-08-19T14:56:00Z,24683.18,IMPS,3288,2066,6,3,False,False,1,0
TXN_202045,2024-06-13T07:55:00Z,7766.5,UPI,2472,654,0,2,False,True,0,0
TXN_200607,2024-06-26T12:11:00Z,6615.77,IMPS,1067,2337,2,3,True,False,1,0
TXN_200576,2024-12-13T12:36:00Z,3101.52,RTGS,3507,1979,6,2,False,False,1,0
TXN_201789,2024-11-02T11:33:00Z,1968.14,IMPS,300,849,1,7,False,False,1,0
TXN_201336,2024-07-22T07:56:00Z,14058.73,NEFT,1484,2445,7,6,False,False,0,0
TXN_201378,2024-05-16T17:27:00Z,8606.98,UPI,1857,517,1,9,False,False,1,0
TXN_201324,2024-09-12T20:52:00Z,591.14,RTGS,2394,2426,7,4,False,False,1,0
TXN_201562,2024-07-14T06:25:00Z,1974.34,NEFT,535,3549,1,5,True,False,0,0
TXN_201662,2024-02-16T10:57:00Z,5426.89,NEFT,1487,2259,2,3,False,False,1,0
TXN_201793,2024-12-05T18:33:00Z,5966.64,UPI,983,2580,1,6,False,False,1,0
TXN_200596,2024-06-23T14:13:00Z,3219.55,UPI,1533,3424,7,5,False,False,0,0
TXN_202189,2024-08-04T19:22:00Z,547.88,UPI,4,2714,6,4,True,False,1,1
TXN_201461,2024-11-27T14:59:00Z,1529.55,NEFT,3053,600,5,2,False,False,0,0
TXN_201061,2024-11-16T19:00:00Z,2885.88,UPI,1934,681,5,4,False,False,1,0
TXN_200113,2024-08-09T21:02:00Z,7124.84,UPI,653,391,6,1,False,False,1,0
TXN_200706,2024-12-16T11:45:00Z,2179.26,UPI,3617,3052,5,1,False,False,1,0
TXN_202167,2024-11-07T03:16:00Z,44438.59,NEFT,3520,74,0,6,False,False,0,1
TXN_201233,2024-09-23T12:48:00Z,271.91,IMPS,708,1966,2,2,False,False,1,0
TXN_201451,2024-02-16T17:53:00Z,9966.48,IMPS,2750,3285,0,7,False,False,0,0
TXN_201553,2024-06-19T12:36:00Z,5143.44,NEFT,2613,278,7,4,False,False,1,0
TXN_200642,2024-07-02T15:22:00Z,1534.26,RTGS,3265,1242,4,9,False,False,1,0
TXN_201576,2024-12-24T17:25:00Z,11405.25,UPI,212,363,3,8,False,True,1,0
TXN_201248,2024-03-25T13:20:00Z,8562.35,NEFT,2472,986,6,1,False,False,1,0
TXN_200414,2024-01-26T06:00:00Z,591.35,RTGS,2991,629,5,6,False,False,1,0
TXN_200099,2024-07-29T09:50:00Z,1253.06,IMPS,1106,3201,7,2,False,False,1,0
TXN_200477,2024-04-26T20:46:00Z,5338.49,RTGS,867,3042,0,3,False,False,1,0
TXN_200719,2024-01-18T06:28:00Z,10932.95,RTGS,1053,3487,3,8,False,False,1,0
TXN_201205,2024-08-01T09:24:00Z,1377.87,UPI,809,3380,6,4,False,False,0,0
TXN_201729,2024-01-23T22:42:00Z,2276.95,NEFT,3413,3422,2,7,True,False,0,0
TXN_200848,2024-10-28T07:14:00Z,1734.15,RTGS,584,1015,4,8,False,False,0,0
TXN_202174,2024-06-06T03:25:00Z,152952.27,UPI,1803,2310,4,1,False,False,0,1
TXN_200199,2024-04-20T22:47:00Z,12200.29,NEFT,301,3023,2,5,False,False,1,0
TXN_200817,2024-04-08T18:53:00Z,2504.14,IMPS,956,2466,3,9,False,False,1,0
TXN_201826,2024-10-20T21:44:00Z,351.61,UPI,2438,2107,0,4,False,False,0,0
TXN_200249,2024-07-29T13:03:00Z,52461.18,UPI,1504,797,6,6,False,False,1,0
TXN_200131,2024-07-16T09:28:00Z,10858.74,RTGS,837,3422,7,1,False,False,1,0
TXN_201258,2024-08-06T16:05:00Z,867.18,IMPS,2051,2248,0,8,False,False,1,0
TXN_200975,2024-07-10T19:38:00Z,35930.81,NEFT,1991,2021,7,8,False,False,1,0
TXN_200956,2024-11-28T21:49:00Z,6019.96,UPI,3266,3482,2,5,False,False,1,0
TXN_200149,2024-09-16T08:42:00Z,4490.58,IMPS,3616,2130,2,9,False,False,0,0
TXN_200929,2024-07-06T21:04:00Z,844.81,NEFT,832,3053,6,7,False,False,1,0
TXN_200798,2024-02-13T21:06:00Z,15974.06,NEFT,335,1565,6,6,False,False,0,0
TXN_201882,2024-01-13T08:36:00Z,169346.89,UPI,2473,662,7,3,False,False,0,0
TXN_202097,2024-07-26T22:08:00Z,5344.74,UPI,2251,1226,5,2,False,False,1,0
TXN_201666,2024-11-03T17:03:00Z,31899.26,UPI,1152,2590,0,6,False,False,0,0
TXN_200240,2024-12-27T17:10:00Z,1273.62,RTGS,304,2043,0,9,False,False,0,0
TXN_200542,2024-12-01T15:17:00Z,1320.56,NEFT,970,2737,6,9,False,False,0,0
TXN_201876,2024-03-16T10:37:00Z,4847.07,RTGS,2174,1517,7,6,False,False,0,0
TXN_200620,2024-10-27T20:53:00Z,2369.51,RTGS,2467,357,7,7,False,False,1,0
TXN_202055,2024-08-12T09:19:00Z,13317.3,NEFT,2658,2662,2,5,False,False,0,0
TXN_200342,2024-03-14T07:17:00Z,7267.32,RTGS,2395,441,6,8,False,False,1,0
TXN_202063,2024-10-06T18:18:00Z,6538.14,UPI,2592,2676,2,8,False,False,1,0
TXN_200672,2024-03-25T11:19:00Z,9496.51,RTGS,2133,3511,4,9,False,False,0,0
TXN_200757,2024-10-04T10:07:00Z,8205.63,IMPS,172,3313,0,4,False,False,1,0
TXN_201674,2024-02-05T06:21:00Z,30326.33,IMPS,698,1219,5,2,True,False,0,0
TXN_200167,2024-07-22T19:55:00Z,675.03,UPI,2194,93,5,5,False,False,0,0
TXN_202104,2024-01-19T07:40:00Z,672.47,RTGS,2260,2077,0,9,False,False,1,0
TXN_201220,2024-06-12T09:35:00Z,509.17,UPI,1855,1371,1,8,False,False,0,0
TXN_200248,2024-07-05T17:06:00Z,3222.61,NEFT,2059,3043,1,6,False,False,0,0
TXN_201162,2024-02-14T09:31:00Z,2367.99,IMPS,1144,1166,1,7,False,False,0,0
TXN_201949,2024-07-19T11:04:00Z,6714.08,UPI,3593,446,4,2,False,False,0,0
TXN_201938,2024-01-22T18:39:00Z,2146.4,IMPS,3459,422,2,7,False,False,0,0
TXN_201204,2024-03-15T21:15:00Z,3686.8,UPI,3277,375,5,3,False,False,1,0
TXN_200963,2024-10-14T20:11:00Z,983.98,UPI,904,2685,3,9,False,False,0,0
TXN_202184,2024-08-16T03:50:00Z,93208.24,RTGS,1515,3226,4,7,False,False,0,1
TXN_201249,2024-10-31T10:21:00Z,4191.08,NEFT,324,830,1,9,False,False,0,0
TXN_201983,2024-10-11T08:18:00Z,1239.34,NEFT,994,1112,0,7,False,False,1,0
TXN_201899,2024-03-17T07:50:00Z,1892.03,NEFT,3353,3188,4,3,False,False,1,0
TXN_200632,2024-06-02T09:55:00Z,9990.93,IMPS,784,787,4,9,False,False,1,0
TXN_202116,2024-05-16T11:44:00Z,19939.11,RTGS,906,3586,5,5,False,True,0,0
TXN_202132,2024-10-19T16:39:00Z,6016.11,NEFT,1058,2777,0,4,False,False,0,0
TXN_200030,2024-05-21T09:09:00Z,2242.26,UPI,2030,3270,5,7,False,False,1,0
TXN_200490,2024-08-11T18:31:00Z,2557.14,NEFT,1748,656,2,6,False,False,0,0
TXN_201975,2024-05-29T21:07:00Z,369.51,NEFT,1014,1048,0,1,False,False,0,0
TXN_200158,2024-02-26T22:55:00Z,3469.0,UPI,648,1869,0,3,False,True,0,0
TXN_201890,2024-07-03T21:20:00Z,5791.65,IMPS,3181,473,2,4,False,False,1,0
TXN_200862,2024-02-01T21:28:00Z,11867.57,IMPS,1414,242,1,3,False,False,1,0
TXN_200983,2024-03-22T18:03:00Z,9824.78,RTGS,3192,1590,0,1,False,False,0,0
TXN_201621,2024-11-06T19:55:00Z,21901.91,RTGS,144,3031,4,1,False,False,0,0
TXN_202011,2024-12-20T20:45:00Z,1288.99,RTGS,3461,2554,5,7,False,False,0,0
TXN_200111,2024-01-18T21:47:00Z,2034.55,IMPS,1024,3314,0,2,False,False,0,0
TXN_201333,2024-12-11T06:05:00Z,6002.61,RTGS,2957,3316,7,3,False,False,1,0
TXN_202081,2024-01-16T10:19:00Z,8441.56,RTGS,3538,2920,1,3,False,False,0,0
TXN_201431,2024-12-23T09:25:00Z,12648.03,NEFT,206,2580,7,7,False,False,0,0
TXN_200903,2024-08-17T20:28:00Z,575.54,UPI,3422,1225,5,7,False,False,0,0
TXN_201830,2024-05-17T19:58:00Z,22596.97,RTGS,533,1388,4,9,True,False,0,0
TXN_201189,2024-04-26T12:49:00Z,9187.23,NEFT,702,231,1,5,True,False,0,0
TXN_201602,2024-07-18T18:34:00Z,11196.79,NEFT,2250,3444,7,8,False,False,1,0
TXN_200148,2024-05-14T12:37:00Z,991.21,UPI,1057,823,0,1,False,False,1,0
TXN_202129,2024-02-04T11:29:00Z,215.9,NEFT,1377,3009,1,5,False,False,1,0
TXN_201725,2024-01-09T11:17:00Z,12216.16,UPI,424,2790,5,5,False,False,0,0
TXN_201937,2024-03-23T22:42:00Z,67029.95,IMPS,2619,2996,4,4,False,False,1,0
TXN_200114,2024-03-24T08:47:00Z,828.26,IMPS,776,1450,1,7,False,False,0,0
TXN_200420,2024-11-06T13:42:00Z,3584.79,RTGS,1310,577,5,5,False,False,1,0
TXN_201530,2024-01-11T13:24:00Z,2225.88,UPI,287,458,2,9,False,False,0,0
TXN_200213,2024-11-28T22:14:00Z,1355.33,NEFT,2469,2751,5,8,False,False,0,0
TXN_200016,2024-08-26T15:24:00Z,572.13,NEFT,2006,1914,0,4,False,False,1,0
TXN_201072,2024-01-18T22:01:00Z,6381.99,UPI,3124,3435,1,2,False,False,1,0
TXN_201307,2024-05-23T22:34:00Z,3303.75,UPI,2377,867,3,1,False,False,1,0
TXN_201173,2024-05-31T11:01:00Z,1812.92,IMPS,3438,1410,2,2,False,False,1,0
TXN_201114,2024-04-08T21:43:00Z,6050.86,NEFT,757,866,4,9,False,False,0,0
TXN_201540,2024-06-02T10:16:00Z,652.12,RTGS,3321,376,0,8,False,False,1,0
TXN_200483,2024-01-02T17:13:00Z,1091.94,RTGS,2785,2779,4,9,False,False,0,0
TXN_200555,2024-03-02T19:03:00Z,32310.86,UPI,1992,706,3,6,False,False,0,0
TXN_200901,2024-09-01T20:28:00Z,5196.15,NEFT,3095,2415,0,7,False,False,0,0
TXN_202053,2024-05-22T09:09:00Z,1397.69,UPI,1389,2302,5,6,False,True,1,0
