transaction_id,timestamp,amount,transaction_type,sender_account_age_days,receiver_account_age_days,sender_tx_count_24h,receiver_unique_senders_24h,device_changed,location_changed,failed_login_attempts,is_fraud
TXN_102084,2024-10-03T19:02:00Z,49688.53,UPI,909,1794,5,8,False,False,1,0
TXN_100653,2024-11-29T14:05:00Z,25649.77,UPI,2018,2208,7,4,False,False,0,0
TXN_100875,2024-08-19T08:12:00Z,3765.54,IMPS,253,1335,3,7,True,False,0,0
TXN_100443,2024-10-26T06:04:00Z,2526.31,UPI,2363,182,7,9,False,False,1,0
TXN_100916,2024-08-26T10:15:00Z,2214.71,UPI,3379,651,1,8,False,False,0,0
TXN_102758,2024-02-06T13:15:00Z,2568.42,NEFT,1179,1122,0,5,False,False,0,0
TXN_100284,2024-05-11T21:47:00Z,9565.03,RTGS,3072,1073,0,3,False,False,1,0
TXN_102283,2024-02-10T15:18:00Z,5553.56,RTGS,3502,2812,0,7,False,False,0,0
TXN_101659,2024-08-27T08:21:00Z,4286.45,UPI,2683,113,7,9,False,False,0,0
TXN_101603,2024-12-01T11:47:00Z,5569.77,IMPS,3185,761,2,6,False,False,0,0
TXN_102999,2024-10-04T20:47:00Z,664.64,UPI,2,3266,7,1,True,False,0,1
TXN_102843,2024-11-28T11:58:00Z,5585.91,UPI,1968,60,6,9,False,False,1,0
TXN_101285,2024-06-23T13:10:00Z,10355.33,RTGS,1027,2500,1,5,False,False,1,0
TXN_100833,2024-09-29T20:59:00Z,2543.23,NEFT,2545,2050,4,4,False,False,1,0
TXN_101122,2024-04-20T16:42:00Z,55676.07,NEFT,778,240,6,7,False,False,1,0
TXN_101588,2024-09-10T13:38:00Z,771.05,NEFT,2944,2349,7,4,False,False,0,0
TXN_101900,2024-10-06T18:15:00Z,35497.5,IMPS,1187,3544,3,6,False,False,0,0
TXN_101983,2024-09-05T12:29:00Z,3186.19,RTGS,3469,3133,0,9,False,False,1,0
TXN_100816,2024-09-08T13:16:00Z,794.67,IMPS,1411,2271,5,3,False,False,0,0
TXN_102731,2024-11-29T09:40:00Z,9640.44,UPI,116,3241,2,3,False,False,1,0
TXN_102455,2024-12-16T16:26:00Z,650.37,IMPS,1690,3393,2,3,False,True,1,0
TXN_102783,2024-11-26T13:26:00Z,10247.41,NEFT,286,208,4,4,False,False,0,0
TXN_101724,2024-03-13T11:46:00Z,4954.19,IMPS,2987,3479,6,5,False,False,1,0
TXN_100473,2024-04-08T22:33:00Z,6539.76,UPI,666,2989,7,1,False,False,1,0
TXN_102104,2024-10-04T11:31:00Z,2937.34,UPI,1281,3408,1,2,False,False,1,0
TXN_101510,2024-12-15T14:38:00Z,11293.67,UPI,714,3101,1,9,False,False,1,0
TXN_100654,2024-07-23T10:24:00Z,2278.61,IMPS,2872,2014,2,1,False,False,0,0
TXN_100318,2024-09-09T09:08:00Z,2918.03,RTGS,471,564,5,4,False,True,0,0
TXN_100032,2024-07-29T15:42:00Z,6915.34,UPI,2790,2539,5,4,False,False,0,0
TXN_102465,2024-10-14T11:19:00Z,4823.17,UPI,548,2174,4,5,False,False,0,0
TXN_101402,2024-09-04T19:40:00Z,41749.37,IMPS,1163,490,5,8,False,False,1,0
TXN_101003,2024-12-06T22:10:00Z,4069.74,RTGS,2418,776,0,2,False,False,1,0
TXN_100741,2024-11-07T11:38:00Z,29751.22,IMPS,994,35,7,3,False,False,0,0
TXN_101626,2024-05-08T09:07:00Z,4074.07,RTGS,84,2334,7,7,False,False,0,0
TXN_101353,2024-10-25T15:56:00Z,7784.53,RTGS,1150,1536,6,1,False,False,0,0
TXN_101094,2024-01-13T21:35:00Z,242.65,RTGS,943,1129,0,9,False,False,1,0
TXN_101535,2024-09-17T17:12:00Z,10357.84,UPI,162,2982,2,5,False,False,0,0
TXN_101893,2024-07-23T08:46:00Z,92593.61,NEFT,2852,3503,7,8,False,False,0,0
TXN_101643,2024-01-27T06:35:00Z,5452.49,UPI,2886,2545,2,6,False,False,0,0
TXN_100061,2024-02-04T21:53:00Z,3805.48,RTGS,3463,90,0,5,False,False,0,0
TXN_101322,2024-07-09T09:58:00Z,1841.26,IMPS,2685,1264,5,9,False,True,1,0
TXN_102329,2024-12-04T09:36:00Z,2030.95,UPI,3606,850,0,2,False,False,0,0
TXN_101952,2024-03-06T10:37:00Z,1389.63,RTGS,1369,1226,3,5,False,False,0,0
TXN_100459,2024-06-17T16:19:00Z,1787.34,IMPS,3531,557,1,3,False,False,1,0
TXN_102364,2024-01-22T10:51:00Z,4849.93,IMPS,3025,1810,5,5,False,False,0,0
TXN_100804,2024-06-13T06:25:00Z,39654.85,UPI,1612,1386,1,8,False,False,1,0
TXN_102874,2024-11-27T19:54:00Z,3447.36,NEFT,3084,2951,0,8,False,False,0,0
TXN_100041,2024-03-16T17:32:00Z,5872.57,UPI,1418,2902,5,9,False,False,0,0
TXN_101957,2024-05-24T18:30:00Z,20012.59,NEFT,191,532,0,7,False,False,1,0
TXN_102294,2024-09-06T07:27:00Z,1686.43,IMPS,612,2261,0,9,False,False,0,0
TXN_101628,2024-10-20T10:40:00Z,3225.3,UPI,3578,3358,3,2,False,False,0,0
TXN_102611,2024-04-19T17:56:00Z,34066.08,UPI,1865,1482,6,3,False,False,1,0
TXN_102218,2024-06-26T21:45:00Z,11779.63,IMPS,1216,3372,3,5,False,False,1,0
TXN_101857,2024-06-17T20:55:00Z,1927.95,RTGS,2356,1686,7,6,False,False,1,0
TXN_100089,2024-06-29T07:28:00Z,33027.17,IMPS,911,2478,4,6,False,False,0,0
TXN_101237,2024-10-14T19:38:00Z,3046.91,IMPS,3354,3074,1,8,False,False,0,0
TXN_101507,2024-05-13T19:15:00Z,8651.91,IMPS,270,1551,4,5,False,False,1,0
TXN_101918,2024-05-13T19:51:00Z,9498.0,UPI,3264,2986,4,4,False,False,1,0
TXN_102716,2024-07-25T11:42:00Z,1573.35,IMPS,3457,1749,1,8,False,False,1,0
TXN_102362,2024-04-23T07:36:00Z,10148.48,RTGS,2879,2286,0,7,False,False,0,0
TXN_100615,2024-03-19T07:41:00Z,611.49,NEFT,2532,267,6,7,False,False,0,0
TXN_100084,2024-04-26T07:26:00Z,3764.44,IMPS,1160,1496,1,4,False,False,0,0
TXN_101560,2024-07-10T15:35:00Z,6758.41,NEFT,2341,3264,0,3,False,False,1,0
TXN_102291,2024-12-23T14:53:00Z,12928.82,UPI,2931,2513,1,9,False,False,1,0
TXN_101797,2024-07-14T15:03:00Z,9682.86,NEFT,781,483,0,5,False,False,1,0
TXN_101641,2024-02-01T21:50:00Z,2791.95,UPI,2856,1273,3,8,False,True,1,0
TXN_102780,2024-06-19T18:06:00Z,4086.33,UPI,1057,257,1,8,False,False,0,0
TXN_102422,2024-01-19T13:33:00Z,12713.72,RTGS,565,3484,4,3,True,False,1,0
TXN_101829,2024-10-12T19:32:00Z,21239.25,IMPS,1837,1466,1,7,False,False,0,0
TXN_102365,2024-02-17T18:50:00Z,8234.58,NEFT,3413,1988,0,3,False,False,1,0
TXN_102652,2024-07-13T06:32:00Z,50158.56,UPI,2381,1635,1,6,False,False,1,0
TXN_102509,2024-11-28T10:09:00Z,10423.84,IMPS,3349,1567,0,3,False,False,0,0
TXN_101333,2024-08-21T14:28:00Z,2317.58,NEFT,1578,69,7,1,False,False,0,0
TXN_101934,2024-07-23T07:58:00Z,5033.72,RTGS,998,2230,4,5,False,False,0,0
TXN_100602,2024-09-02T14:17:00Z,2361.31,NEFT,2159,861,2,3,False,False,1,0
TXN_102089,2024-09-23T09:53:00Z,7863.2,UPI,2230,314,6,1,False,False,1,0
TXN_100758,2024-11-02T19:54:00Z,3574.57,NEFT,2327,2877,2,9,False,True,0,0
TXN_101912,2024-01-11T20:13:00Z,1261.98,UPI,2592,3624,4,6,False,False,1,0
TXN_102353,2024-07-15T07:00:00Z,7330.53,IMPS,404,3322,5,3,False,False,1,0
TXN_102145,2024-11-29T17:46:00Z,7658.63,UPI,383,2726,5,2,False,False,0,0
TXN_100493,2024-10-27T12:17:00Z,4744.82,NEFT,1661,322,5,1,False,False,1,0
TXN_100532,2024-09-20T08:06:00Z,19253.11,RTGS,601,1101,1,8,True,True,1,0
TXN_101029,2024-09-17T22:08:00Z,4684.61,IMPS,2277,2011,1,7,False,False,0,0
TXN_100253,2024-07-24T20:03:00Z,7106.7,UPI,1928,3271,2,1,False,False,0,0
TXN_102128,2024-10-27T18:30:00Z,1144.38,IMPS,2796,728,1,7,False,False,0,0
TXN_101986,2024-05-23T10:15:00Z,1392.94,IMPS,1084,1831,2,8,False,False,0,0
TXN_100414,2024-06-26T10:40:00Z,5598.56,NEFT,292,2274,4,8,False,False,0,0
TXN_100309,2024-03-03T12:09:00Z,17539.75,NEFT,2874,1274,5,9,False,False,0,0
TXN_100251,2024-07-05T10:15:00Z,24199.39,NEFT,2723,3414,0,6,False,False,1,0
TXN_101680,2024-07-29T21:20:00Z,15885.15,NEFT,2293,2619,0,7,False,False,1,0
TXN_102552,2024-08-22T17:53:00Z,5664.88,IMPS,1883,2412,2,4,False,False,1,0
TXN_102854,2024-10-08T07:08:00Z,964.1,IMPS,1397,3591,6,2,False,False,1,0
TXN_102592,2024-08-04T08:32:00Z,9471.35,RTGS,738,763,4,9,False,False,1,0
TXN_101763,2024-11-02T10:57:00Z,6604.27,IMPS,847,2029,0,8,False,True,0,0
TXN_101607,2024-07-12T07:15:00Z,2890.35,RTGS,1928,3267,2,7,False,False,1,0
TXN_100325,2024-01-05T11:34:00Z,7944.73,RTGS,1452,2778,7,7,False,False,1,0
TXN_102608,2024-04-07T13:45:00Z,23161.17,RTGS,350,3213,4,5,False,False,0,0
TXN_100392,2024-05-03T10:48:00Z,1727.93,UPI,2654,572,7,8,False,False,1,0
TXN_100709,2024-11-22T16:07:00Z,1932.85,UPI,1582,1824,3,5,False,False,1,0
TXN_101417,2024-01-26T11:30:00Z,30800.82,IMPS,1786,1881,6,4,False,False,0,0
TXN_100399,2024-04-10T16:29:00Z,793.72,IMPS,2165,518,1,3,False,False,0,0
TXN_102896,2024-11-09T16:51:00Z,1293.94,NEFT,599,1953,2,3,False,False,0,0
TXN_102533,2024-11-17T09:17:00Z,1769.14,RTGS,523,695,5,4,False,True,0,0
TXN_102487,2024-03-10T16:58:00Z,11439.78,IMPS,1614,2896,5,9,False,False,1,0
TXN_100738,2024-07-22T21:25:00Z,3640.18,UPI,584,3450,1,6,False,False,0,0
TXN_102476,2024-02-16T08:06:00Z,2560.23,NEFT,2616,1968,2,4,False,False,1,0
TXN_101189,2024-04-06T16:12:00Z,27278.75,UPI,504,2758,3,5,False,True,1,0
TXN_101466,2024-08-08T22:12:00Z,1446.28,UPI,2200,2814,2,5,True,False,1,0
TXN_101426,2024-01-20T07:27:00Z,5330.43,UPI,1677,2243,5,5,False,True,1,0
TXN_102127,2024-12-13T21:30:00Z,1428.63,UPI,657,590,7,1,False,False,0,0
TXN_101067,2024-06-21T11:52:00Z,4055.2,UPI,1988,2879,7,3,False,False,1,0
TXN_102250,2024-03-30T18:42:00Z,33507.01,RTGS,1940,2985,1,2,False,False,0,0
TXN_102140,2024-04-29T17:19:00Z,345.19,RTGS,1904,2488,1,8,False,False,0,0
TXN_102244,2024-09-14T13:08:00Z,8866.7,RTGS,1885,2805,0,7,True,False,0,0
TXN_102271,2024-04-01T20:53:00Z,25078.95,NEFT,2168,82,2,7,False,False,1,0
TXN_100896,2024-12-28T14:15:00Z,10365.91,UPI,2148,1733,3,7,False,False,0,0
TXN_101440,2024-05-18T17:42:00Z,959.2,UPI,2004,730,2,5,False,False,0,0
TXN_100950,2024-01-08T09:35:00Z,3282.91,RTGS,981,3318,0,9,False,False,0,0
TXN_101382,2024-12-18T09:00:00Z,2015.47,NEFT,3037,2378,6,3,False,False,1,0
TXN_102643,2024-02-06T14:03:00Z,13144.1,NEFT,1678,861,1,5,False,False,1,0
TXN_100887,2024-08-14T22:33:00Z,25158.21,UPI,818,1346,2,8,False,False,0,0
TXN_101782,2024-10-01T10:39:00Z,2983.48,RTGS,57,3376,3,2,False,False,0,0
TXN_101842,2024-03-09T20:30:00Z,10527.19,UPI,1367,2063,4,2,False,False,1,0
TXN_101060,2024-09-16T06:04:00Z,1581.9,RTGS,565,3596,7,8,False,False,1,0
TXN_101664,2024-04-30T17:04:00Z,3180.92,RTGS,3511,2583,7,3,False,False,0,0
TXN_101993,2024-05-19T19:46:00Z,1984.01,NEFT,1393,274,4,3,False,False,0,0
TXN_101545,2024-09-10T12:56:00Z,4692.68,IMPS,2192,551,2,3,False,False,1,0
TXN_103000,2024-09-29T17:34:00Z,20990.23,RTGS,2651,924,22,9,False,False,0,1
TXN_102064,2024-08-22T10:16:00Z,5287.26,IMPS,483,901,5,9,False,False,0,0
TXN_100232,2024-12-18T07:46:00Z,31384.36,IMPS,3559,1614,2,6,False,False,0,0
TXN_101351,2024-09-16T09:45:00Z,1307.55,NEFT,2086,3631,5,1,False,False,1,0
TXN_102038,2024-08-30T11:27:00Z,2319.57,RTGS,1771,307,4,9,True,False,0,0
TXN_101455,2024-02-19T07:22:00Z,2491.42,IMPS,143,3399,4,8,False,False,1,0
TXN_100907,2024-12-08T17:42:00Z,1856.74,IMPS,2832,2657,5,4,False,False,0,0
TXN_102055,2024-04-06T17:12:00Z,1477.88,IMPS,1446,2028,3,4,False,False,1,0
TXN_100022,2024-07-25T09:30:00Z,18766.35,RTGS,2474,1731,4,3,False,False,0,0
TXN_102836,2024-12-05T19:21:00Z,1851.42,UPI,3468,1107,0,8,False,False,1,0
TXN_102423,2024-11-17T07:50:00Z,17343.08,RTGS,504,2863,6,5,False,True,0,0
TXN_101837,2024-02-08T22:39:00Z,3897.65,UPI,2483,490,5,9,False,True,1,0
TXN_100086,2024-10-01T18:31:00Z,18205.2,NEFT,2605,405,4,5,True,False,0,0
TXN_100287,2024-12-11T10:51:00Z,2272.94,IMPS,721,1510,4,4,False,False,1,0
TXN_102732,2024-05-07T09:38:00Z,3323.83,NEFT,379,1428,5,7,True,True,1,0
TXN_102493,2024-12-26T09:07:00Z,16494.27,NEFT,2726,2750,0,2,False,False,0,0
TXN_101184,2024-04-07T12:02:00Z,5997.76,NEFT,166,1860,0,2,False,True,0,0
TXN_101636,2024-03-31T16:27:00Z,2349.54,UPI,2361,2291,2,4,False,False,1,0
TXN_102502,2024-05-07T15:25:00Z,7314.65,IMPS,1303,2346,7,5,False,False,0,0
TXN_102427,2024-07-21T08:22:00Z,2599.7,NEFT,2218,230,3,9,False,False,0,0
TXN_100935,2024-11-04T21:27:00Z,663.05,RTGS,2209,999,5,8,False,False,0,0
TXN_100097,2024-09-19T11:07:00Z,4528.65,UPI,2802,3533,7,1,False,False,1,0
TXN_100421,2024-01-12T13:59:00Z,61344.95,NEFT,645,3298,7,4,False,False,0,0
TXN_101715,2024-02-15T14:50:00Z,32327.83,RTGS,630,1804,4,3,True,False,1,0
TXN_102456,2024-03-25T07:21:00Z,4830.6,RTGS,1496,1561,6,9,False,False,0,0
TXN_101691,2024-07-02T14:46:00Z,644.78,IMPS,2435,3268,3,1,False,True,0,0
TXN_101473,2024-08-28T15:19:00Z,11987.9,NEFT,1174,1292,2,4,False,False,0,0
TXN_101795,2024-06-27T09:37:00Z,1766.17,RTGS,1578,3178,1,7,False,False,0,0
TXN_102855,2024-06-24T14:07:00Z,1547.69,UPI,1452,1649,3,8,False,False,0,0
TXN_102211,2024-10-02T10:57:00Z,3428.82,UPI,1780,1377,3,1,False,False,1,0
TXN_100680,2024-03-08T18:14:00Z,17005.61,IMPS,2152,3156,3,4,False,False,0,0
TXN_102090,2024-12-08T07:03:00Z,2809.23,NEFT,969,1073,4,1,True,True,0,0
TXN_101083,2024-06-24T06:24:00Z,29803.71,IMPS,2958,724,4,8,False,False,0,0
TXN_100912,2024-09-01T11:16:00Z,863.23,UPI,1017,1427,1,7,False,False,0,0
TXN_101523,2024-02-07T16:47:00Z,106393.71,NEFT,1165,1619,7,2,False,False,0,0
TXN_101919,2024-10-01T22:19:00Z,10251.65,RTGS,246,3481,4,4,False,False,0,0
TXN_102538,2024-05-04T11:27:00Z,4902.69,UPI,390,1972,7,7,False,False,0,0
TXN_102482,2024-11-20T07:31:00Z,8623.49,IMPS,879,1909,0,3,False,False,1,0
TXN_101088,2024-11-03T07:56:00Z,4319.38,NEFT,3103,3087,2,5,False,False,0,0
TXN_101870,2024-06-16T10:59:00Z,9791.1,RTGS,204,1366,7,5,True,False,1,0
TXN_101945,2024-10-09T08:38:00Z,5562.36,IMPS,3260,410,5,2,False,False,1,0
TXN_100110,2024-07-14T10:39:00Z,8159.31,UPI,438,794,6,4,False,False,0,0
TXN_101693,2024-01-06T14:16:00Z,4151.72,RTGS,1383,69,5,5,False,False,0,0
TXN_102726,2024-05-16T10:02:00Z,21722.23,NEFT,248,1224,5,9,True,False,0,0
TXN_102750,2024-12-20T20:16:00Z,1981.67,UPI,1961,383,0,9,False,False,1,0
TXN_102160,2024-04-05T16:16:00Z,3245.3,NEFT,1732,3251,2,8,False,False,1,0
TXN_101135,2024-09-04T17:09:00Z,9586.47,UPI,3173,1319,6,6,False,False,0,0
TXN_100856,2024-02-21T17:16:00Z,3715.35,UPI,1744,1061,5,8,False,False,1,0
TXN_100715,2024-03-01T16:23:00Z,2544.73,NEFT,2097,3462,4,3,True,False,0,0
TXN_101225,2024-10-03T19:13:00Z,11981.45,NEFT,3182,2846,0,5,False,False,1,0
TXN_101289,2024-07-12T10:47:00Z,13136.63,IMPS,1702,3354,1,8,False,False,1,0
TXN_101385,2024-05-17T18:56:00Z,3551.98,IMPS,865,3039,0,2,False,False,1,0
TXN_100328,2024-10-08T13:09:00Z,15468.08,UPI,2524,1764,0,8,False,False,1,0
TXN_102251,2024-05-04T06:14:00Z,1650.99,NEFT,1334,2706,2,7,False,False,0,0
TXN_101477,2024-11-01T07:44:00Z,10025.02,IMPS,1788,2837,4,8,False,False,0,0
TXN_102668,2024-05-25T12:56:00Z,27762.84,UPI,1217,933,6,5,False,False,0,0
TXN_101423,2024-03-23T16:26:00Z,10529.67,UPI,3576,1107,3,6,False,False,0,0
TXN_101907,2024-05-02T06:00:00Z,501.36,IMPS,3073,3417,5,4,False,False,0,0
TXN_100423,2024-11-22T12:25:00Z,15895.77,IMPS,1492,2851,1,1,False,True,1,0
TXN_102424,2024-08-19T06:38:00Z,7076.51,RTGS,1141,1994,6,4,False,False,0,0
TXN_102428,2024-07-17T17:24:00Z,361.64,IMPS,2798,872,7,7,False,False,1,0
TXN_102417,2024-01-20T11:34:00Z,4525.97,IMPS,760,2419,0,1,False,False,1,0
TXN_100074,2024-10-23T07:41:00Z,15372.33,UPI,3038,188,2,3,False,False,0,0
TXN_101413,2024-08-16T08:30:00Z,794.99,RTGS,467,1147,7,9,False,False,0,0
TXN_100634,2024-05-21T13:13:00Z,37874.45,NEFT,2165,3405,4,1,True,True,1,0
TXN_101922,2024-05-18T14:51:00Z,9439.99,NEFT,3279,55,7,1,False,True,1,0
TXN_102408,2024-07-22T18:52:00Z,6799.64,NEFT,286,318,3,7,False,False,1,0
TXN_101133,2024-04-23T19:39:00Z,5601.11,RTGS,709,1827,0,2,False,False,0,0
TXN_100478,2024-03-26T19:18:00Z,19211.58,IMPS,534,2921,5,6,False,False,1,0
TXN_101127,2024-01-03T15:12:00Z,952.43,UPI,617,1047,2,8,True,False,1,0
TXN_100256,2024-06-27T15:30:00Z,19426.77,NEFT,860,2107,3,8,False,False,1,0
TXN_102639,2024-08-19T17:44:00Z,526.3,NEFT,1664,111,7,3,False,False,1,0
TXN_101291,2024-02-23T13:50:00Z,24094.28,IMPS,556,3169,4,2,False,False,1,0
TXN_100525,2024-08-03T06:15:00Z,3757.7,IMPS,2445,1197,5,5,False,False,1,0
TXN_102320,2024-07-04T12:19:00Z,2094.24,RTGS,1423,2550,0,1,False,False,0,0
TXN_100835,2024-12-12T09:38:00Z,6652.31,RTGS,2402,1373,4,5,False,False,1,0
TXN_102599,2024-08-12T10:45:00Z,2635.01,NEFT,1868,1317,2,4,False,False,0,0
TXN_100923,2024-07-08T09:35:00Z,2956.47,RTGS,1752,3195,2,4,False,False,0,0
TXN_100527,2024-06-29T20:25:00Z,1471.39,NEFT,2222,2555,4,9,False,False,1,0
TXN_102174,2024-08-31T17:15:00Z,1684.26,RTGS,1887,1719,1,1,False,False,1,0
TXN_101014,2024-07-13T22:28:00Z,6839.01,NEFT,826,2755,1,5,False,False,1,0
TXN_101812,2024-08-07T14:58:00Z,4304.47,UPI,1316,1011,5,9,False,False,1,0
TXN_100895,2024-07-31T22:03:00Z,372.26,RTGS,3622,1167,3,6,False,False,0,0
TXN_100002,2024-09-28T11:14:00Z,4659.73,NEFT,437,3175,5,1,False,False,0,0
TXN_100643,2024-08-27T08:26:00Z,2108.54,RTGS,1338,3480,2,9,False,False,0,0
TXN_100650,2024-01-02T20:05:00Z,5131.5,UPI,2369,1316,7,6,False,False,0,0
TXN_102383,2024-02-18T22:55:00Z,484.4,IMPS,3357,1860,6,4,False,False,0,0
TXN_100458,2024-12-28T08:41:00Z,3171.89,RTGS,669,3536,4,3,False,False,1,0
TXN_102168,2024-04-17T13:19:00Z,30751.65,IMPS,1513,2655,4,1,False,False,0,0
TXN_102808,2024-08-24T20:58:00Z,24627.35,UPI,1443,2441,2,6,False,False,1,0
TXN_102040,2024-11-16T10:18:00Z,65507.08,NEFT,1682,991,6,3,False,False,1,0
TXN_102398,2024-08-03T11:58:00Z,15471.94,UPI,1617,1763,2,9,False,False,0,0
TXN_100243,2024-01-06T07:34:00Z,4915.14,UPI,999,994,2,7,False,False,0,0
TXN_102297,2024-04-29T18:27:00Z,1623.63,UPI,791,428,1,5,True,False,1,0
TXN_100080,2024-04-18T07:08:00Z,5805.63,UPI,1891,3643,2,8,False,False,0,0
TXN_100081,2024-07-26T16:30:00Z,6304.07,UPI,71,3312,0,8,False,False,1,0
TXN_101916,2024-12-06T18:04:00Z,5358.02,UPI,2282,1770,3,7,False,False,1,0
TXN_101721,2024-01-06T17:35:00Z,2049.27,UPI,574,1973,4,7,False,False,1,0
TXN_100841,2024-07-31T21:22:00Z,14304.07,IMPS,2508,1414,0,5,False,False,0,0
TXN_101678,2024-01-25T06:40:00Z,283.9,UPI,3154,843,7,3,False,False,0,0
TXN_102102,2024-05-28T10:26:00Z,14890.43,NEFT,1152,3479,0,3,False,False,0,0
TXN_100440,2024-05-10T20:28:00Z,53712.36,IMPS,3046,522,5,9,False,False,1,0
TXN_102351,2024-08-04T09:15:00Z,8706.6,RTGS,921,2558,4,5,False,False,1,0
TXN_100226,2024-05-30T13:26:00Z,1219.74,RTGS,127,3131,6,4,False,False,0,0
TXN_101151,2024-07-16T20:00:00Z,4197.84,UPI,2371,2681,1,1,False,False,0,0
TXN_101567,2024-01-11T10:28:00Z,4867.59,NEFT,3527,1137,5,4,False,False,1,0
TXN_100020,2024-12-11T22:42:00Z,31635.07,RTGS,3093,3190,6,7,False,False,1,0
TXN_102289,2024-12-22T06:05:00Z,5183.79,UPI,2340,1798,2,3,False,False,0,0
TXN_101579,2024-04-11T19:40:00Z,1066.47,NEFT,3147,1352,6,3,False,False,1,0
TXN_101318,2024-03-01T17:16:00Z,4625.21,NEFT,183,1497,3,6,False,False,0,0
TXN_101897,2024-01-13T09:36:00Z,6812.65,RTGS,1132,3512,2,1,False,False,0,0
TXN_100435,2024-03-13T10:35:00Z,4924.23,NEFT,2570,3296,7,3,False,False,1,0
TXN_101335,2024-02-13T20:01:00Z,18999.77,NEFT,2881,2737,0,6,False,False,1,0
TXN_102521,2024-07-09T17:35:00Z,9418.95,NEFT,486,2840,1,8,False,False,1,0
TXN_101238,2024-06-16T14:06:00Z,9484.36,NEFT,3368,502,2,2,False,False,1,0
TXN_100333,2024-04-18T10:51:00Z,27324.92,IMPS,2606,2015,6,1,False,False,0,0
TXN_102057,2024-12-18T18:09:00Z,1009.05,RTGS,966,284,5,1,False,False,0,0
TXN_102253,2024-04-09T16:35:00Z,149033.72,UPI,308,1174,4,3,False,False,0,0
TXN_100551,2024-05-31T07:46:00Z,16620.09,IMPS,528,1758,4,8,False,False,1,0
TXN_100569,2024-10-14T12:22:00Z,1287.02,UPI,1829,479,5,3,False,True,0,0
TXN_101175,2024-10-05T09:16:00Z,973.92,RTGS,3621,1884,6,5,False,False,0,0
TXN_102974,2024-01-03T12:52:00Z,1216.48,UPI,0,144,5,7,True,False,1,1
TXN_102071,2024-07-06T21:12:00Z,1610.73,RTGS,3309,2115,7,6,False,False,1,0
TXN_102800,2024-03-25T07:51:00Z,31589.12,IMPS,2289,1742,6,1,False,False,1,0
TXN_102928,2024-01-15T18:07:00Z,12015.29,NEFT,974,2660,27,8,False,True,1,1
TXN_101185,2024-04-21T08:16:00Z,358.39,NEFT,943,2483,0,9,False,True,1,0
TXN_101470,2024-05-29T10:18:00Z,56825.49,UPI,2169,2758,7,8,False,False,0,0
TXN_100747,2024-02-03T11:18:00Z,3944.93,RTGS,2551,3387,0,2,False,False,0,0
TXN_102804,2024-07-08T19:15:00Z,8064.22,RTGS,2317,2922,4,5,True,False,0,0
TXN_100959,2024-01-01T15:12:00Z,3481.21,IMPS,2978,2011,3,6,False,False,0,0
TXN_102624,2024-10-05T14:09:00Z,1916.54,RTGS,3178,2012,0,6,False,False,1,0
TXN_102374,2024-11-14T19:31:00Z,1272.18,IMPS,1625,333,2,9,False,False,0,0
TXN_101120,2024-07-10T22:59:00Z,2124.32,IMPS,1636,1285,4,3,False,False,1,0
TXN_102544,2024-12-14T07:54:00Z,2100.71,IMPS,1156,1215,1,9,False,False,0,0
TXN_100142,2024-02-20T20:12:00Z,452.66,RTGS,2172,1812,3,1,False,False,0,0
TXN_102300,2024-03-30T16:31:00Z,2603.5,NEFT,2099,1630,3,8,False,False,0,0
TXN_100288,2024-02-28T11:50:00Z,2351.29,UPI,109,3366,0,1,False,False,1,0
TXN_102742,2024-10-15T15:36:00Z,5543.63,UPI,3414,3335,7,1,False,False,1,0
TXN_100494,2024-05-23T21:59:00Z,6739.7,IMPS,3442,1853,5,6,False,False,0,0
TXN_102026,2024-01-30T09:44:00Z,5866.27,RTGS,3037,1845,5,6,False,False,0,0
TXN_102723,2024-12-17T17:34:00Z,6900.21,NEFT,2350,3312,7,6,False,False,0,0
TXN_101317,2024-06-20T14:23:00Z,19443.53,NEFT,2225,1052,3,3,True,False,0,0
TXN_100114,2024-10-27T17:48:00Z,1981.98,IMPS,1285,1328,2,3,False,False,1,0
TXN_101420,2024-07-25T15:59:00Z,887.4,IMPS,2716,1920,3,6,False,False,0,0
TXN_101006,2024-08-10T17:18:00Z,2506.5,IMPS,890,834,5,4,False,False,0,0
TXN_101349,2024-12-20T09:07:00Z,7312.55,UPI,1083,642,2,4,False,False,1,0
TXN_100272,2024-06-05T09:44:00Z,866.5,UPI,150,439,7,7,False,False,1,0
TXN_102921,2024-03-28T06:30:00Z,2336.23,NEFT,0,2346,1,9,True,True,1,1
TXN_102879,2024-12-30T17:13:00Z,6577.66,UPI,1357,1135,7,8,False,False,1,0
TXN_102797,2024-10-14T15:02:00Z,5823.89,NEFT,2744,247,3,4,False,False,1,0
TXN_102241,2024-08-12T12:46:00Z,18339.46,UPI,442,1109,0,6,False,False,1,0
TXN_100131,2024-03-05T08:30:00Z,2946.2,NEFT,2791,2161,0,5,False,True,0,0
TXN_101740,2024-06-16T19:01:00Z,8870.11,IMPS,297,357,2,9,False,False,1,0
TXN_101884,2024-09-15T08:10:00Z,22600.2,UPI,1089,3043,7,4,False,False,1,0
TXN_100149,2024-07-17T14:08:00Z,12234.91,UPI,1616,2640,1,9,False,False,1,0
TXN_100784,2024-10-25T14:38:00Z,31649.6,NEFT,1523,2346,3,9,False,False,1,0
TXN_101669,2024-05-23T14:47:00Z,41295.52,IMPS,1820,3248,0,8,False,False,1,0
TXN_100663,2024-08-23T10:14:00Z,1266.42,RTGS,519,1482,0,7,False,False,1,0
TXN_102623,2024-10-31T12:19:00Z,502.24,RTGS,347,563,7,7,False,False,0,0
TXN_100259,2024-11-12T15:04:00Z,2825.52,IMPS,643,1138,6,8,False,False,1,0
TXN_101234,2024-08-20T06:16:00Z,7436.87,IMPS,517,3648,5,4,False,False,1,0
TXN_101162,2024-02-01T13:08:00Z,7778.77,NEFT,3420,1389,0,8,False,False,1,0
TXN_101000,2024-06-22T11:19:00Z,2741.61,RTGS,1508,807,6,3,False,False,1,0
TXN_101154,2024-07-04T08:01:00Z,5862.88,UPI,2533,134,2,2,False,False,0,0
TXN_100043,2024-06-13T21:39:00Z,1531.44,NEFT,2021,1380,3,4,False,False,1,0
TXN_100088,2024-01-16T12:48:00Z,5429.56,UPI,3171,53,7,7,False,False,0,0
TXN_101596,2024-05-23T12:40:00Z,9715.72,RTGS,2165,386,3,8,False,False,0,0
TXN_102136,2024-07-29T06:52:00Z,6047.32,NEFT,559,273,0,9,False,False,1,0
TXN_102718,2024-12-17T20:43:00Z,29025.12,RTGS,96,718,7,8,False,False,0,0
TXN_101252,2024-04-17T13:52:00Z,6444.3,UPI,76,455,5,2,False,False,0,0
TXN_102847,2024-01-08T12:33:00Z,3542.91,NEFT,1197,3607,3,4,False,False,1,0
TXN_100222,2024-07-21T11:29:00Z,2553.75,RTGS,1143,822,5,6,False,False,1,0
TXN_100161,2024-12-08T09:15:00Z,12473.44,IMPS,482,2787,2,6,False,False,1,0
TXN_102875,2024-02-28T22:05:00Z,1971.48,UPI,2132,3010,2,1,False,True,1,0
TXN_100468,2024-09-19T11:55:00Z,11380.23,UPI,2079,3603,3,6,False,True,1,0
TXN_101425,2024-05-23T14:56:00Z,4819.98,IMPS,735,1629,2,6,False,False,1,0
TXN_100620,2024-11-04T12:32:00Z,4225.83,IMPS,3569,3084,3,8,False,False,0,0
TXN_102375,2024-02-23T19:06:00Z,1427.13,NEFT,3340,2444,2,8,False,False,0,0
TXN_101144,2024-05-19T14:14:00Z,10062.43,RTGS,1093,3195,6,5,False,False,1,0
TXN_100555,2024-11-24T17:16:00Z,598.91,NEFT,1497,349,4,1,False,False,1,0
TXN_101821,2024-08-11T18:50:00Z,10582.48,UPI,693,1109,5,5,False,False,1,0
TXN_101988,2024-03-13T15:22:00Z,1689.45,RTGS,670,2054,7,1,False,False,1,0
TXN_100874,2024-11-01T20:01:00Z,13489.63,NEFT,969,384,2,5,False,False,0,0
TXN_102662,2024-11-29T07:09:00Z,7440.85,IMPS,3507,437,7,8,False,False,0,0
TXN_101515,2024-02-19T18:34:00Z,1689.15,IMPS,452,674,4,6,False,True,1,0
TXN_101558,2024-09-04T22:02:00Z,7228.46,NEFT,2439,619,4,5,False,False,0,0
TXN_100956,2024-04-11T09:11:00Z,364.73,RTGS,248,2053,0,5,False,False,0,0
TXN_101546,2024-08-28T14:29:00Z,16802.06,NEFT,2417,948,0,1,False,False,0,0
TXN_100757,2024-03-04T11:51:00Z,3411.31,UPI,3519,1272,5,8,False,False,0,0
TXN_100909,2024-03-19T19:20:00Z,1133.27,NEFT,2234,60,7,7,False,False,0,0
TXN_100522,2024-05-15T14:50:00Z,1126.91,NEFT,727,3137,0,8,False,False,1,0
TXN_102587,2024-09-17T20:26:00Z,994.32,IMPS,485,642,2,8,False,False,0,0
TXN_101297,2024-12-19T07:00:00Z,3332.76,RTGS,2799,3434,1,8,False,False,0,0
TXN_100583,2024-08-07T07:54:00Z,8147.76,IMPS,1064,266,3,9,False,False,1,0
TXN_102616,2024-12-02T13:13:00Z,4777.88,UPI,1013,377,4,7,False,False,0,0
TXN_100582,2024-07-12T11:52:00Z,6637.69,UPI,1081,985,4,6,False,False,0,0
TXN_100447,2024-08-26T17:33:00Z,1695.61,NEFT,153,1244,4,9,False,False,0,0
TXN_102672,2024-02-04T20:39:00Z,10000.27,UPI,1406,1712,7,7,False,False,1,0
TXN_102469,2024-11-15T14:00:00Z,2326.24,NEFT,1982,2576,2,5,True,False,0,0
TXN_100010,2024-09-29T07:59:00Z,22061.07,NEFT,1879,534,5,2,False,False,0,0
TXN_100600,2024-02-26T18:34:00Z,17446.35,UPI,3477,1014,3,3,False,False,1,0
TXN_100162,2024-05-18T18:10:00Z,9732.61,UPI,799,2530,6,7,False,False,1,0
TXN_101394,2024-06-03T06:47:00Z,2369.49,IMPS,2902,1574,6,9,False,False,0,0
TXN_100409,2024-05-06T11:22:00Z,10047.26,UPI,2646,3241,7,5,False,False,1,0
TXN_101159,2024-08-13T18:47:00Z,3482.39,RTGS,3001,594,1,1,False,False,0,0
TXN_102609,2024-10-14T18:40:00Z,11728.72,UPI,3176,2976,0,1,False,False,1,0
TXN_102772,2024-12-28T08:26:00Z,4023.97,UPI,555,2780,0,1,False,False,0,0
TXN_100148,2024-08-10T18:28:00Z,3862.14,RTGS,3526,1267,1,6,False,False,0,0
TXN_100350,2024-05-18T21:55:00Z,8108.03,NEFT,3571,1128,2,7,True,False,0,0
TXN_102919,2024-06-20T14:18:00Z,14556.91,NEFT,2444,1047,5,31,False,False,1,1
TXN_102394,2024-06-20T11:38:00Z,2642.54,RTGS,661,1765,3,1,False,False,0,0
TXN_100594,2024-10-28T08:11:00Z,9881.97,NEFT,843,1245,6,3,False,False,1,0
TXN_102142,2024-06-13T16:08:00Z,14332.64,UPI,2717,1221,5,3,False,False,0,0
TXN_102971,2024-12-11T19:25:00Z,7770.29,IMPS,3,267,1,5,True,True,0,1
TXN_100013,2024-08-15T17:00:00Z,2145.59,IMPS,3124,3484,0,3,False,False,1,0
TXN_100531,2024-01-10T14:49:00Z,16434.56,IMPS,2841,341,6,4,False,False,0,0
TXN_100655,2024-10-04T10:33:00Z,1820.14,RTGS,489,1946,0,8,False,False,1,0
TXN_101578,2024-02-07T13:43:00Z,13369.06,NEFT,3074,1186,7,1,False,True,0,0
TXN_101702,2024-04-24T17:15:00Z,6581.39,UPI,1775,66,4,6,False,False,1,0
TXN_100495,2024-08-04T16:06:00Z,18929.19,UPI,2389,3329,4,2,True,False,1,0
TXN_102805,2024-11-04T21:29:00Z,16979.39,NEFT,3107,1933,6,1,False,False,1,0
TXN_100117,2024-02-22T15:36:00Z,6042.74,IMPS,1281,799,7,9,False,False,1,0
TXN_100648,2024-12-05T14:55:00Z,31237.41,NEFT,2649,924,7,2,False,True,1,0
TXN_101267,2024-11-16T14:11:00Z,8101.71,IMPS,1467,2230,0,2,False,False,1,0
TXN_100681,2024-07-08T13:50:00Z,67665.12,UPI,409,2537,5,8,False,False,1,0
TXN_101696,2024-03-02T11:10:00Z,19500.91,NEFT,2172,1626,3,2,False,False,1,0
TXN_102141,2024-02-11T21:38:00Z,13942.26,UPI,3451,3408,2,3,False,False,1,0
TXN_100267,2024-03-26T19:28:00Z,12567.85,UPI,104,689,1,3,False,False,0,0
TXN_101321,2024-10-05T19:02:00Z,441.68,IMPS,3128,1466,6,9,False,False,0,0
TXN_100197,2024-12-04T20:27:00Z,18635.26,IMPS,2440,3498,1,4,False,False,0,0
TXN_102647,2024-05-11T15:34:00Z,24184.49,NEFT,1069,317,5,8,False,False,0,0
TXN_101591,2024-12-28T12:36:00Z,3677.88,IMPS,2689,403,1,2,False,False,1,0
TXN_101170,2024-05-15T14:20:00Z,9026.76,IMPS,1741,544,1,3,False,True,1,0
TXN_100545,2024-09-30T07:12:00Z,3015.35,NEFT,2562,281,6,4,False,False,0,0
TXN_102436,2024-01-24T07:22:00Z,3396.39,IMPS,2838,2096,4,1,False,False,1,0
TXN_102286,2024-10-25T15:46:00Z,35528.83,IMPS,2587,1858,6,7,False,False,1,0
TXN_101242,2024-08-18T10:52:00Z,11188.79,UPI,2103,3426,3,9,False,False,1,0
TXN_100413,2024-02-18T20:51:00Z,4080.11,IMPS,2848,3391,0,7,False,False,0,0
TXN_102118,2024-07-03T19:58:00Z,4652.54,NEFT,908,2740,1,6,False,False,1,0
TXN_102842,2024-04-11T13:10:00Z,11099.35,UPI,1075,3618,1,4,False,True,0,0
TXN_102032,2024-01-03T08:05:00Z,15972.45,RTGS,2494,1630,7,5,False,False,0,0
TXN_101421,2024-10-02T18:46:00Z,6324.84,IMPS,3170,816,2,6,False,False,1,0
TXN_101329,2024-05-10T07:17:00Z,7824.45,UPI,1746,1135,5,4,False,False,1,0
TXN_102056,2024-12-18T10:28:00Z,58423.06,IMPS,2493,3421,6,2,False,False,0,0
TXN_100627,2024-05-26T11:52:00Z,1285.9,UPI,1340,1131,5,1,False,False,1,0
TXN_102262,2024-05-21T14:02:00Z,13455.11,NEFT,203,1459,3,2,False,False,1,0
TXN_102494,2024-03-05T18:10:00Z,1654.04,UPI,3141,3542,3,5,False,False,1,0
TXN_100147,2024-01-08T11:07:00Z,16749.84,RTGS,2833,1800,4,9,False,False,1,0
TXN_101599,2024-05-22T19:08:00Z,5641.06,IMPS,907,123,5,7,False,False,1,0
TXN_102278,2024-05-30T09:36:00Z,1164.29,RTGS,3414,794,7,2,False,False,1,0
TXN_100092,2024-07-27T11:01:00Z,11938.1,IMPS,3402,288,7,8,False,False,0,0
TXN_101487,2024-12-15T08:55:00Z,20494.37,NEFT,3555,406,0,3,False,False,1,0
TXN_101581,2024-01-07T21:16:00Z,1325.06,NEFT,3566,1279,5,4,False,False,1,0
TXN_100403,2024-05-03T14:40:00Z,6081.76,IMPS,2289,3225,1,4,False,False,1,0
TXN_100577,2024-01-02T16:57:00Z,5158.09,NEFT,408,2310,2,9,False,False,1,0
TXN_100961,2024-01-30T10:47:00Z,5114.19,RTGS,806,2916,1,1,False,False,0,0
TXN_100769,2024-10-18T19:30:00Z,9795.82,NEFT,909,1556,2,1,False,False,0,0
TXN_100996,2024-09-01T16:25:00Z,856.81,RTGS,2788,3061,0,5,False,False,1,0
TXN_100794,2024-07-07T18:36:00Z,6468.96,NEFT,2817,556,0,8,False,False,0,0
TXN_100205,2024-12-23T19:04:00Z,1781.72,NEFT,873,58,1,2,False,False,1,0
TXN_100502,2024-02-12T22:16:00Z,1589.3,RTGS,100,2842,2,6,False,False,1,0
TXN_100924,2024-04-10T17:53:00Z,9128.96,UPI,2771,2237,7,7,True,True,1,0
TXN_100736,2024-06-07T09:27:00Z,9565.64,RTGS,3022,1811,4,2,False,False,1,0
TXN_100857,2024-03-15T22:55:00Z,6179.46,NEFT,1304,1047,1,9,False,False,1,0
TXN_101903,2024-11-30T21:23:00Z,5352.97,UPI,2423,2656,5,7,False,False,1,0
TXN_100023,2024-06-17T21:54:00Z,6382.64,RTGS,1518,2778,1,3,True,False,0,0
TXN_100396,2024-09-15T06:46:00Z,4351.99,UPI,1727,553,0,3,False,False,1,0
TXN_102231,2024-08-15T12:20:00Z,2315.48,NEFT,1470,3604,1,9,False,True,0,0
TXN_102500,2024-10-15T12:27:00Z,2199.65,NEFT,497,808,4,9,False,False,0,0
TXN_102503,2024-07-20T17:10:00Z,2106.35,RTGS,2691,82,2,7,False,True,0,0
TXN_102085,2024-08-11T21:30:00Z,5232.64,NEFT,2255,1877,5,8,False,False,0,0
TXN_102006,2024-06-28T06:52:00Z,2976.37,UPI,1379,1334,1,5,False,False,0,0
TXN_102077,2024-09-03T14:41:00Z,12433.22,IMPS,779,2715,3,9,False,False,1,0
TXN_100236,2024-06-02T16:36:00Z,11834.47,IMPS,2180,1924,1,2,False,False,0,0
TXN_101253,2024-03-29T09:38:00Z,1526.1,RTGS,2490,2772,0,6,False,False,1,0
TXN_102697,2024-02-03T07:41:00Z,4108.86,IMPS,3335,1546,6,4,False,False,0,0
TXN_102135,2024-08-28T09:44:00Z,5096.71,UPI,2996,3135,1,6,False,False,0,0
TXN_100815,2024-08-13T09:07:00Z,30733.08,RTGS,1646,1435,5,7,False,False,0,0
TXN_102039,2024-04-07T09:48:00Z,10184.02,IMPS,2462,1887,4,7,False,False,1,0
TXN_101621,2024-03-24T14:57:00Z,3765.37,UPI,3286,603,2,6,False,False,1,0
TXN_100300,2024-11-28T17:25:00Z,2223.88,UPI,474,272,2,4,False,False,0,0
TXN_101160,2024-05-11T16:34:00Z,1821.6,RTGS,171,321,1,6,False,False,1,0
TXN_101741,2024-09-18T11:26:00Z,1966.3,NEFT,1066,1975,5,6,False,False,0,0
TXN_101531,2024-06-21T07:36:00Z,5299.2,IMPS,81,2878,6,6,False,False,0,0
TXN_101017,2024-02-01T20:58:00Z,5802.45,NEFT,181,1526,4,5,False,False,0,0
TXN_100702,2024-04-16T17:52:00Z,299.6,RTGS,789,2085,5,9,False,False,0,0
TXN_101722,2024-01-30T15:39:00Z,666.69,RTGS,1550,3118,7,7,False,True,1,0
TXN_100786,2024-10-16T17:00:00Z,6772.76,NEFT,2218,244,7,9,False,False,1,0
TXN_102794,2024-05-24T12:15:00Z,2024.45,IMPS,680,1898,0,4,False,True,0,0
TXN_101379,2024-10-30T18:48:00Z,12509.24,IMPS,1766,1098,0,5,False,False,0,0
TXN_101437,2024-03-25T16:21:00Z,1126.28,RTGS,1885,3270,5,8,False,False,0,0
TXN_102369,2024-01-12T19:45:00Z,35059.19,NEFT,2926,404,3,3,False,False,0,0
TXN_100160,2024-03-12T20:07:00Z,14152.14,IMPS,196,1987,2,6,False,False,0,0
TXN_101178,2024-03-27T22:07:00Z,8106.2,IMPS,308,2283,4,7,False,False,0,0
TXN_100676,2024-09-09T09:34:00Z,18748.31,NEFT,771,1389,3,2,False,False,0,0
TXN_101830,2024-09-06T20:47:00Z,2988.62,IMPS,2133,1350,7,3,False,False,1,0
TXN_100892,2024-06-10T12:40:00Z,8796.59,IMPS,1281,1255,0,4,False,False,1,0
TXN_101255,2024-08-26T16:58:00Z,1059.86,IMPS,420,1730,3,2,False,False,1,0
TXN_101676,2024-01-25T09:30:00Z,13119.82,IMPS,1877,1166,0,7,True,False,1,0
TXN_100687,2024-08-17T11:17:00Z,1111.84,NEFT,3474,1824,7,9,True,False,1,0
TXN_102126,2024-10-04T06:39:00Z,8143.55,RTGS,594,626,5,7,False,False,0,0
TXN_100693,2024-12-27T15:13:00Z,12923.94,IMPS,1835,3050,5,7,False,False,0,0
TXN_100812,2024-06-18T20:27:00Z,23250.64,IMPS,593,420,5,1,False,False,1,0
TXN_101619,2024-03-21T10:26:00Z,44935.35,IMPS,971,1402,5,5,False,False,0,0
TXN_102361,2024-02-05T22:59:00Z,5103.62,NEFT,953,940,0,4,False,False,0,0
TXN_100479,2024-10-29T11:55:00Z,25889.02,UPI,2991,2500,0,5,False,False,1,0
TXN_101650,2024-11-18T19:30:00Z,2587.28,IMPS,2234,885,4,9,False,True,1,0
TXN_101086,2024-12-29T19:02:00Z,808.25,NEFT,1846,3618,0,2,False,False,0,0
TXN_100212,2024-12-17T12:18:00Z,4489.57,UPI,3043,190,5,5,False,False,0,0
TXN_100308,2024-09-30T17:15:00Z,3188.36,RTGS,3109,95,3,4,False,False,1,0
TXN_102960,2024-02-08T08:49:00Z,2034.31,NEFT,4,379,3,6,True,False,1,1
TXN_100345,2024-10-02T19:28:00Z,38686.2,UPI,2967,2072,0,2,False,False,0,0
TXN_102977,2024-04-28T13:39:00Z,3917.64,UPI,2,3103,1,7,True,False,1,1
TXN_100834,2024-09-04T11:24:00Z,4350.02,RTGS,432,2447,6,2,False,False,1,0
TXN_102681,2024-07-08T18:04:00Z,26013.07,NEFT,3173,2182,6,5,False,True,1,0
TXN_101699,2024-03-02T14:55:00Z,3351.27,NEFT,3634,950,2,3,False,False,0,0
TXN_100927,2024-06-03T18:01:00Z,36805.12,NEFT,3632,2458,5,3,False,False,1,0
TXN_102621,2024-05-30T17:11:00Z,28307.98,IMPS,3496,2405,2,2,False,False,0,0
TXN_101336,2024-07-26T20:49:00Z,32375.38,NEFT,477,2972,1,4,False,False,0,0
TXN_102782,2024-09-13T09:27:00Z,1670.4,NEFT,793,435,7,3,False,False,0,0
TXN_101416,2024-04-29T16:36:00Z,7131.29,UPI,384,516,1,7,False,False,0,0
TXN_102473,2024-09-30T20:38:00Z,11410.55,UPI,255,2865,0,6,False,False,0,0
TXN_100091,2024-06-20T08:28:00Z,5924.14,IMPS,2679,482,3,6,False,False,1,0
TXN_102206,2024-01-10T09:16:00Z,2390.06,IMPS,1920,2971,7,3,True,False,1,0
TXN_100772,2024-06-02T06:31:00Z,4407.39,RTGS,340,1975,6,5,False,False,0,0
TXN_100513,2024-11-17T08:37:00Z,14043.18,RTGS,95,2007,6,2,False,False,0,0
TXN_102314,2024-11-28T18:18:00Z,18005.07,RTGS,868,2878,1,9,False,False,1,0
TXN_102312,2024-03-30T17:30:00Z,3135.74,NEFT,289,142,5,1,False,False,1,0
TXN_101438,2024-04-03T13:58:00Z,2034.84,UPI,2901,242,2,5,False,False,0,0
TXN_101332,2024-12-26T21:43:00Z,1258.28,UPI,1713,389,5,3,False,False,0,0
TXN_100861,2024-06-13T16:18:00Z,4799.13,IMPS,2419,3078,2,4,False,False,1,0
TXN_100175,2024-03-08T15:38:00Z,4527.12,RTGS,422,2305,5,6,False,False,0,0
TXN_101555,2024-01-23T20:29:00Z,26255.58,UPI,811,2342,2,6,False,False,1,0
TXN_100780,2024-12-29T09:17:00Z,15804.7,NEFT,471,2749,5,8,False,True,0,0
TXN_101709,2024-11-16T12:54:00Z,4114.39,RTGS,2048,656,5,5,False,False,0,0
TXN_102735,2024-08-13T09:05:00Z,5061.27,IMPS,1147,645,6,9,False,False,0,0
TXN_102157,2024-09-11T14:40:00Z,2060.54,NEFT,1412,1612,3,4,False,False,1,0
TXN_100827,2024-03-23T06:47:00Z,26292.85,NEFT,3392,3359,2,2,False,False,0,0
TXN_102898,2024-09-27T21:35:00Z,5225.64,RTGS,1096,1542,2,9,False,False,0,0
TXN_101584,2024-02-26T10:19:00Z,11376.51,UPI,2731,1291,5,7,False,False,1,0
TXN_100133,2024-11-08T20:49:00Z,20000.65,UPI,395,563,4,7,False,False,1,0
TXN_101177,2024-01-13T09:51:00Z,2851.24,IMPS,1231,878,6,3,False,False,0,0
TXN_101551,2024-12-26T18:47:00Z,11581.95,RTGS,1959,579,7,2,False,False,0,0
TXN_102177,2024-10-29T16:27:00Z,3564.2,RTGS,3296,1558,0,6,False,False,1,0
TXN_101576,2024-10-28T13:09:00Z,120965.82,UPI,3309,3632,5,7,False,False,0,0
TXN_101871,2024-12-16T15:41:00Z,2000.55,NEFT,3126,1233,1,6,False,False,0,0
TXN_102582,2024-04-17T13:05:00Z,2531.24,IMPS,3021,1079,7,1,False,False,1,0
TXN_100814,2024-02-18T09:37:00Z,45683.82,UPI,3364,1865,4,8,False,False,0,0
TXN_101273,2024-03-11T06:39:00Z,2919.39,UPI,2956,2872,6,5,False,False,0,0
TXN_101616,2024-07-24T06:19:00Z,4179.35,RTGS,2083,2548,0,7,False,False,0,0
TXN_102922,2024-09-20T21:42:00Z,5200.93,RTGS,2,887,3,8,True,False,1,1
TXN_102322,2024-07-20T18:12:00Z,6502.79,NEFT,2257,3454,1,3,False,False,0,0
TXN_101981,2024-11-04T22:32:00Z,7289.21,UPI,1353,1171,5,7,False,False,1,0
TXN_100379,2024-01-14T10:48:00Z,6611.81,RTGS,2100,2355,1,6,False,False,1,0
TXN_101565,2024-06-13T10:01:00Z,846.89,NEFT,2912,874,1,2,False,False,1,0
TXN_101937,2024-02-10T06:57:00Z,8503.61,NEFT,1570,2930,1,2,False,False,0,0
TXN_102356,2024-09-07T06:06:00Z,376.13,UPI,3547,1089,3,9,False,True,1,0
TXN_102293,2024-09-06T19:51:00Z,7174.82,NEFT,150,3518,6,4,False,False,1,0
TXN_102092,2024-01-02T18:43:00Z,10046.99,UPI,485,1895,4,4,False,False,0,0
TXN_101930,2024-10-14T15:42:00Z,3709.56,NEFT,2783,1719,6,5,False,False,1,0
TXN_101361,2024-09-21T21:07:00Z,5755.46,NEFT,189,111,1,8,False,False,1,0
TXN_101157,2024-12-02T17:20:00Z,2459.59,NEFT,1082,3428,3,2,False,False,1,0
TXN_100137,2024-12-01T06:33:00Z,7284.07,UPI,240,769,1,1,False,False,1,0
TXN_101939,2024-06-11T13:32:00Z,35285.21,UPI,2361,1450,3,9,True,True,1,0
TXN_100106,2024-10-31T19:09:00Z,7256.69,UPI,2711,1440,5,1,False,False,1,0
TXN_102569,2024-08-15T20:54:00Z,134002.09,NEFT,2455,1575,7,8,False,False,1,0
TXN_101276,2024-04-10T22:45:00Z,14968.57,UPI,833,738,6,4,False,False,0,0
TXN_101459,2024-12-30T06:24:00Z,1441.52,IMPS,1412,1611,0,6,True,False,1,0
TXN_100821,2024-07-24T10:13:00Z,4891.64,IMPS,2487,1942,5,4,False,False,0,0
TXN_101339,2024-09-14T08:10:00Z,4510.04,UPI,367,2446,3,3,False,False,1,0
TXN_100934,2024-03-06T08:24:00Z,1863.42,NEFT,2456,3445,6,4,False,False,1,0
TXN_101069,2024-03-12T07:37:00Z,3364.73,IMPS,2187,865,0,3,False,False,0,0
TXN_100847,2024-10-27T06:28:00Z,5553.06,RTGS,471,2040,5,6,False,False,1,0
TXN_101217,2024-10-10T21:08:00Z,5372.99,RTGS,239,2903,1,2,False,False,0,0
TXN_100360,2024-10-24T06:51:00Z,354.01,UPI,195,1896,1,8,False,False,0,0
TXN_101858,2024-02-25T19:27:00Z,3225.59,RTGS,2052,1634,7,5,False,False,0,0
TXN_101976,2024-08-17T16:20:00Z,1627.15,RTGS,2740,1451,7,7,False,False,1,0
TXN_100813,2024-01-09T13:11:00Z,4273.72,NEFT,1066,711,3,9,False,False,0,0
TXN_101615,2024-05-30T22:17:00Z,489.33,IMPS,3504,1729,7,9,False,False,0,0
TXN_100416,2024-04-06T16:14:00Z,31754.37,NEFT,965,2388,6,5,False,False,1,0
TXN_101750,2024-04-01T06:16:00Z,4335.19,NEFT,1468,662,3,6,False,False,1,0
TXN_100802,2024-03-07T16:05:00Z,1518.04,RTGS,3164,475,6,4,False,False,1,0
TXN_101087,2024-09-14T13:21:00Z,495.31,UPI,1763,3216,1,2,False,False,0,0
TXN_101723,2024-06-18T16:21:00Z,12294.56,UPI,2193,880,0,7,False,False,0,0
TXN_100026,2024-02-03T16:51:00Z,4496.05,UPI,609,2433,4,5,False,True,1,0
TXN_102418,2024-10-13T16:24:00Z,843.94,RTGS,3028,3370,5,9,False,False,1,0
TXN_100153,2024-02-14T08:33:00Z,19129.17,NEFT,754,1988,2,2,False,False,1,0
TXN_100420,2024-09-16T08:12:00Z,770.06,UPI,2333,1663,5,5,False,False,0,0
TXN_102448,2024-06-17T06:19:00Z,1012.21,IMPS,2352,757,6,8,False,False,0,0
TXN_100058,2024-05-24T06:47:00Z,31027.75,UPI,3333,148,2,2,False,False,1,0
TXN_100698,2024-01-14T06:56:00Z,12658.14,IMPS,986,2906,3,1,False,False,0,0
TXN_101766,2024-03-14T20:27:00Z,613.71,UPI,1183,2572,0,3,False,False,1,0
TXN_102368,2024-07-13T14:35:00Z,3657.9,NEFT,3167,616,4,1,False,False,1,0
TXN_102736,2024-09-02T17:43:00Z,7875.51,IMPS,1234,1890,4,2,False,False,1,0
TXN_100879,2024-06-24T20:51:00Z,13340.21,IMPS,2856,1159,0,2,False,False,1,0
TXN_100295,2024-05-09T22:22:00Z,7015.55,IMPS,3333,2975,2,1,False,False,0,0
TXN_102219,2024-01-19T06:48:00Z,4611.55,UPI,2042,355,4,3,False,False,0,0
TXN_102862,2024-10-30T17:19:00Z,3809.01,IMPS,2193,2936,3,4,False,True,1,0
TXN_101484,2024-12-16T21:46:00Z,17895.53,UPI,1609,3481,7,3,False,False,1,0
TXN_100994,2024-05-07T10:04:00Z,2206.81,NEFT,1706,1022,7,3,False,False,0,0
TXN_102900,2024-01-03T17:37:00Z,9445.36,UPI,3136,2120,2,8,False,False,0,0
TXN_101514,2024-07-11T10:13:00Z,6016.57,RTGS,1215,2367,2,2,False,False,0,0
TXN_101012,2024-01-11T19:14:00Z,1326.64,UPI,3284,1651,3,6,False,False,1,0
TXN_101967,2024-06-10T13:35:00Z,1688.74,UPI,3590,2089,4,6,False,False,1,0
TXN_100974,2024-10-03T09:45:00Z,12341.61,RTGS,1396,2159,6,3,False,False,1,0
TXN_100113,2024-06-29T13:21:00Z,8321.76,IMPS,1198,3200,7,1,False,False,1,0
TXN_102170,2024-11-09T09:13:00Z,1627.69,NEFT,2904,2030,1,3,False,False,0,0
TXN_100918,2024-10-03T14:12:00Z,523.46,RTGS,2129,455,0,5,False,False,1,0
TXN_101835,2024-02-28T07:51:00Z,7911.94,IMPS,3207,3295,6,1,False,False,0,0
TXN_101677,2024-08-13T13:06:00Z,2439.72,UPI,3270,52,3,3,False,False,1,0
TXN_102727,2024-02-06T18:59:00Z,4115.37,UPI,211,2095,2,4,False,False,0,0
TXN_102820,2024-04-11T15:35:00Z,10788.56,IMPS,3366,3512,2,4,False,False,1,0
TXN_100362,2024-02-27T11:12:00Z,13335.5,UPI,2303,1234,5,9,False,False,0,0
TXN_102636,2024-03-14T16:17:00Z,9026.91,NEFT,1479,3004,2,2,False,False,0,0
TXN_100237,2024-01-13T11:23:00Z,2298.85,IMPS,965,843,3,9,False,True,0,0
TXN_101819,2024-01-12T19:27:00Z,925.42,RTGS,3494,363,5,5,False,False,1,0
TXN_100121,2024-12-02T10:17:00Z,46552.97,RTGS,258,910,6,5,False,False,1,0
TXN_101787,2024-07-31T14:10:00Z,18020.06,NEFT,1694,209,5,5,False,False,1,0
TXN_100442,2024-11-25T09:57:00Z,38781.87,UPI,203,3592,3,7,False,False,0,0
TXN_100163,2024-06-05T16:36:00Z,13603.0,RTGS,50,2279,2,3,False,False,1,0
TXN_100068,2024-08-04T20:58:00Z,2137.41,UPI,2385,151,6,7,False,False,1,0
TXN_101131,2024-10-12T10:04:00Z,6742.7,NEFT,779,591,4,9,False,False,1,0
TXN_101036,2024-05-08T07:14:00Z,4681.54,NEFT,483,2752,6,8,False,False,0,0
TXN_100407,2024-02-26T08:21:00Z,2057.52,UPI,827,3198,4,3,False,True,0,0
TXN_102637,2024-08-29T09:02:00Z,15508.42,RTGS,3171,743,0,9,False,False,1,0
TXN_101605,2024-10-19T12:48:00Z,8516.27,RTGS,1473,1055,0,5,False,False,0,0
TXN_101078,2024-02-06T15:46:00Z,9765.43,RTGS,3231,2157,5,3,False,True,1,0
TXN_101147,2024-08-15T15:05:00Z,6399.56,NEFT,2319,1422,4,8,False,False,0,0
TXN_102372,2024-07-29T17:30:00Z,2154.48,RTGS,1774,2551,6,3,False,False,0,0
TXN_100257,2024-08-26T14:38:00Z,8713.2,IMPS,2493,354,1,9,False,False,0,0
TXN_101024,2024-03-13T09:18:00Z,7868.79,IMPS,705,488,1,4,False,False,0,0
TXN_102711,2024-06-22T19:37:00Z,6183.34,UPI,1870,773,4,3,False,False,1,0
TXN_100624,2024-11-20T11:23:00Z,1837.28,IMPS,341,3274,2,3,False,False,1,0
TXN_100014,2024-09-04T08:47:00Z,9006.85,UPI,572,2720,6,8,False,False,0,0
TXN_101572,2024-10-25T18:35:00Z,930.4,UPI,3377,639,5,6,False,False,0,0
TXN_101931,2024-05-01T18:51:00Z,358.36,NEFT,2850,1096,0,3,False,False,1,0
TXN_100307,2024-02-11T11:07:00Z,3471.43,RTGS,1135,2700,4,9,False,False,0,0
TXN_102619,2024-09-23T16:13:00Z,2949.39,UPI,1783,1402,6,4,False,False,1,0
TXN_100428,2024-12-03T16:40:00Z,41642.4,RTGS,2576,2300,1,5,False,False,1,0
TXN_102332,2024-10-22T12:29:00Z,14822.79,NEFT,1199,3637,1,8,False,False,1,0
TXN_101804,2024-05-02T22:29:00Z,23677.11,NEFT,3098,453,7,2,False,False,1,0
TXN_102095,2024-09-11T07:30:00Z,7653.67,IMPS,1816,2981,0,6,False,False,1,0
TXN_102954,2024-10-12T10:52:00Z,25089.85,UPI,3352,3326,38,4,True,False,0,1
TXN_101183,2024-04-04T13:10:00Z,3872.4,RTGS,418,1159,6,2,False,False,0,0
TXN_102008,2024-11-11T16:02:00Z,18288.28,IMPS,1114,2135,3,4,False,False,1,0
TXN_100025,2024-02-22T15:21:00Z,3797.19,IMPS,895,2474,7,4,False,True,0,0
TXN_101186,2024-01-01T06:05:00Z,3010.29,UPI,2093,2384,6,7,False,False,1,0
TXN_102585,2024-01-28T14:29:00Z,2840.8,IMPS,2385,1445,5,4,False,False,1,0
TXN_100552,2024-08-31T20:16:00Z,5926.71,IMPS,2498,1894,3,4,False,False,1,0
TXN_102781,2024-08-10T22:46:00Z,6301.67,IMPS,2191,2171,5,9,False,False,0,0
TXN_101526,2024-03-24T21:22:00Z,3090.13,NEFT,397,3296,5,4,False,False,1,0
TXN_102014,2024-07-17T06:25:00Z,571.26,UPI,1026,2744,4,3,False,False,1,0
TXN_101879,2024-05-27T16:39:00Z,1627.97,NEFT,2403,1150,2,1,False,False,0,0
TXN_100003,2024-01-10T10:12:00Z,34428.48,RTGS,106,1271,3,2,False,False,0,0
TXN_102308,2024-07-09T22:19:00Z,2216.81,NEFT,2699,97,4,8,False,False,1,0
TXN_102651,2024-10-19T21:06:00Z,16327.48,NEFT,1886,1151,3,9,False,False,0,0
TXN_102146,2024-03-26T14:54:00Z,4503.12,NEFT,1850,699,7,7,False,False,0,0
TXN_102042,2024-09-25T08:26:00Z,3736.44,NEFT,2501,43,3,5,False,False,1,0
TXN_101364,2024-11-08T06:01:00Z,1849.3,RTGS,320,1421,2,4,False,False,1,0
TXN_101089,2024-07-12T07:33:00Z,1141.92,UPI,426,549,1,1,True,False,1,0
TXN_101365,2024-04-07T22:06:00Z,2810.81,IMPS,3259,3037,6,4,False,False,0,0
TXN_102722,2024-09-24T22:31:00Z,1897.67,IMPS,3136,2867,7,2,False,False,1,0
TXN_102359,2024-05-03T13:35:00Z,3237.43,NEFT,309,3157,2,8,False,False,0,0
TXN_100406,2024-08-10T19:42:00Z,21096.46,UPI,1373,2865,5,3,False,False,0,0
TXN_101203,2024-03-25T12:26:00Z,7539.24,NEFT,398,1537,1,8,True,False,1,0
TXN_100075,2024-01-30T17:35:00Z,1046.08,NEFT,1728,3634,0,5,False,False,0,0
TXN_101613,2024-05-29T16:22:00Z,2494.06,NEFT,1869,1525,5,2,False,False,0,0
TXN_102531,2024-02-21T12:23:00Z,9839.42,IMPS,1978,3603,3,8,False,False,1,0
TXN_102924,2024-08-13T20:29:00Z,33551.22,UPI,4,873,2,2,True,False,1,1
TXN_101980,2024-01-07T19:23:00Z,1484.19,UPI,2804,870,6,5,False,True,0,0
TXN_101174,2024-03-19T12:48:00Z,2448.1,RTGS,2782,1659,7,6,False,False,0,0
TXN_101612,2024-11-06T22:40:00Z,4845.66,NEFT,3047,2054,0,7,False,False,0,0
TXN_101220,2024-06-30T06:14:00Z,1159.75,IMPS,1559,3060,5,4,False,False,1,0
TXN_102018,2024-05-08T21:15:00Z,3568.97,RTGS,2312,3380,1,1,False,False,1,0
TXN_101978,2024-10-02T16:37:00Z,1229.89,IMPS,3601,1893,5,3,False,False,1,0
TXN_102908,2024-12-13T09:20:00Z,7725.17,RTGS,1390,3014,0,9,False,False,1,0
TXN_102183,2024-11-11T18:01:00Z,252.38,IMPS,123,1659,0,1,False,False,1,0
TXN_101973,2024-02-11T22:01:00Z,5071.18,NEFT,3030,3624,3,4,False,False,1,0
TXN_100215,2024-02-06T22:42:00Z,1311.32,UPI,103,3053,7,9,False,True,0,0
TXN_102660,2024-09-05T19:14:00Z,3340.09,IMPS,1753,543,6,8,False,False,1,0
TXN_101441,2024-04-19T21:52:00Z,14303.48,UPI,397,1414,6,9,False,False,0,0
TXN_100182,2024-04-18T09:40:00Z,1378.42,NEFT,2828,1534,4,2,False,False,1,0
TXN_100390,2024-11-22T10:00:00Z,7754.57,NEFT,3572,2446,3,8,False,True,0,0
TXN_101911,2024-08-09T09:22:00Z,11102.06,IMPS,362,1935,5,8,False,False,1,0
TXN_102248,2024-03-27T11:56:00Z,10110.85,NEFT,1191,596,1,4,False,False,0,0
TXN_100621,2024-07-04T18:33:00Z,11061.79,RTGS,1079,2046,1,2,False,False,1,0
TXN_100805,2024-04-24T22:05:00Z,616.03,NEFT,2337,1252,3,5,False,False,0,0
TXN_100151,2024-01-15T09:56:00Z,8005.49,NEFT,421,1014,4,7,False,False,1,0
TXN_100948,2024-05-21T19:21:00Z,1152.03,UPI,3404,3168,2,3,False,False,0,0
TXN_102710,2024-06-11T14:35:00Z,28797.52,NEFT,1536,1122,5,6,False,False,1,0
TXN_102992,2024-06-16T13:15:00Z,12268.62,NEFT,2871,2569,5,38,False,False,0,1
TXN_101316,2024-03-07T10:22:00Z,2267.84,IMPS,1849,3613,5,4,False,False,1,0
TXN_100228,2024-08-22T18:07:00Z,1796.8,NEFT,1841,1335,5,8,False,False,1,0
TXN_102603,2024-12-30T17:18:00Z,852.93,RTGS,1077,3512,4,2,False,False,0,0
TXN_101853,2024-05-21T13:15:00Z,5742.03,RTGS,2810,2212,6,6,False,False,1,0
TXN_102541,2024-07-05T12:16:00Z,1881.23,IMPS,3007,305,4,5,False,False,1,0
TXN_100541,2024-05-14T12:37:00Z,4260.32,RTGS,3052,1876,1,5,False,False,1,0
TXN_102249,2024-03-14T13:04:00Z,3636.31,UPI,2132,2485,1,4,False,True,0,0
TXN_101096,2024-07-28T18:15:00Z,5189.97,IMPS,499,3538,7,4,False,False,0,0
TXN_102675,2024-09-15T19:56:00Z,3045.48,UPI,2194,930,3,3,False,False,1,0
TXN_102243,2024-03-13T12:26:00Z,2588.2,NEFT,3376,464,1,5,False,True,0,0
TXN_100331,2024-12-29T19:46:00Z,4681.21,UPI,2230,1613,3,7,False,False,1,0
TXN_102010,2024-06-18T10:55:00Z,3278.88,IMPS,618,2497,7,6,False,False,1,0
TXN_102380,2024-01-02T10:25:00Z,4761.22,NEFT,2133,2414,7,1,False,False,0,0
TXN_101840,2024-11-30T11:03:00Z,1138.78,RTGS,2766,242,3,7,False,True,1,0
TXN_100951,2024-06-18T07:56:00Z,3446.39,IMPS,2909,3458,0,3,False,False,1,0
TXN_102134,2024-05-21T08:51:00Z,45119.89,RTGS,2965,1565,7,1,False,False,1,0
TXN_101854,2024-11-15T09:30:00Z,3149.21,RTGS,2959,2397,5,8,False,False,1,0
TXN_102877,2024-08-13T13:38:00Z,10161.25,NEFT,2710,1738,6,6,False,False,0,0
TXN_102876,2024-06-24T16:15:00Z,3645.65,IMPS,1716,2010,1,9,False,False,0,0
TXN_100584,2024-08-07T12:59:00Z,10129.53,NEFT,376,610,4,4,False,False,0,0
TXN_101738,2024-06-06T16:59:00Z,22627.24,IMPS,2689,2052,0,7,False,False,1,0
TXN_102837,2024-08-16T15:41:00Z,5943.06,NEFT,3473,525,4,3,False,False,0,0
TXN_102871,2024-09-25T11:46:00Z,3312.25,UPI,1274,311,3,2,False,False,1,0
TXN_101130,2024-03-05T16:22:00Z,245.69,IMPS,3188,1629,4,7,True,False,0,0
TXN_102821,2024-01-31T17:14:00Z,7321.43,NEFT,2370,1287,7,6,False,True,0,0
TXN_101756,2024-04-29T18:21:00Z,1794.54,NEFT,350,1138,6,4,False,False,1,0
TXN_100685,2024-02-07T13:35:00Z,16331.54,RTGS,2876,146,4,1,True,False,0,0
TXN_101915,2024-03-19T08:45:00Z,22012.83,UPI,3548,146,7,7,False,True,1,0
TXN_102626,2024-05-02T06:50:00Z,3404.73,UPI,567,739,7,5,False,False,0,0
TXN_100159,2024-11-21T10:48:00Z,1776.84,IMPS,2494,1812,5,2,False,False,0,0
TXN_101348,2024-02-14T14:47:00Z,1767.2,IMPS,852,620,6,1,False,False,0,0
TXN_102522,2024-10-12T12:50:00Z,11373.1,RTGS,996,1020,7,9,False,False,0,0
TXN_100773,2024-02-25T19:00:00Z,8971.49,NEFT,2191,2637,7,8,False,False,0,0
TXN_101594,2024-01-19T20:29:00Z,2622.83,UPI,2359,3068,0,3,False,False,0,0
TXN_100629,2024-11-16T06:42:00Z,3394.58,RTGS,1245,3106,3,7,False,False,1,0
TXN_102209,2024-02-26T19:47:00Z,544.97,IMPS,1670,707,4,2,False,False,1,0
TXN_100798,2024-05-26T07:52:00Z,6382.68,NEFT,2995,2828,0,4,False,False,1,0
TXN_102947,2024-03-13T06:53:00Z,1608.74,NEFT,359,2690,3,25,False,False,1,1
TXN_102762,2024-07-31T07:35:00Z,23580.67,IMPS,3294,988,5,4,False,False,0,0
TXN_101092,2024-11-19T19:47:00Z,899.54,IMPS,3015,654,7,3,False,False,1,0
TXN_100476,2024-01-07T13:45:00Z,5001.83,IMPS,2794,1577,0,5,False,False,0,0
TXN_102355,2024-08-16T11:18:00Z,14200.3,UPI,1579,638,4,4,False,True,1,0
TXN_100247,2024-07-24T19:32:00Z,16565.1,RTGS,737,1804,7,1,False,False,0,0
TXN_100062,2024-08-15T10:28:00Z,22604.76,NEFT,3027,1525,7,7,False,False,0,0
TXN_100990,2024-01-08T12:20:00Z,36970.38,NEFT,1570,548,3,1,False,False,1,0
TXN_100261,2024-04-28T17:12:00Z,10425.42,NEFT,643,1246,4,2,False,False,1,0
TXN_100943,2024-12-20T06:01:00Z,8800.77,NEFT,2319,2537,5,2,False,False,1,0
TXN_100607,2024-01-31T19:46:00Z,15480.69,IMPS,169,63,5,5,False,False,0,0
TXN_100864,2024-07-03T15:22:00Z,835.29,UPI,328,3191,0,8,False,False,0,0
TXN_102149,2024-12-01T13:32:00Z,896.15,RTGS,1845,3298,1,3,False,False,0,0
TXN_101256,2024-02-25T06:26:00Z,2354.25,NEFT,2066,941,4,6,False,True,0,0
TXN_102935,2024-07-01T15:44:00Z,5645.92,NEFT,2,3338,2,9,True,False,1,1
TXN_101259,2024-07-16T14:44:00Z,1987.86,UPI,3632,2182,3,5,False,False,0,0
TXN_102705,2024-11-19T19:35:00Z,38783.52,IMPS,2440,3122,6,9,False,False,0,0
TXN_101091,2024-05-02T19:25:00Z,5444.82,NEFT,80,1291,1,2,False,False,1,0
TXN_100280,2024-08-21T10:19:00Z,3029.39,NEFT,1737,1866,3,6,False,False,1,0
TXN_100690,2024-06-17T22:20:00Z,3216.9,RTGS,796,211,3,9,True,False,0,0
TXN_100140,2024-01-20T22:52:00Z,63553.61,IMPS,3465,947,4,1,False,False,1,0
TXN_101663,2024-10-17T14:05:00Z,18483.15,NEFT,221,114,1,9,False,False,0,0
TXN_100671,2024-07-12T20:31:00Z,1504.33,UPI,1986,504,3,8,False,False,0,0
TXN_102360,2024-07-10T19:55:00Z,1308.57,UPI,2697,2750,3,2,False,False,0,0
TXN_101818,2024-07-12T14:30:00Z,4664.35,RTGS,1984,2520,7,8,False,False,0,0
TXN_101243,2024-01-17T06:28:00Z,5357.1,NEFT,150,408,7,6,False,False,0,0
TXN_102920,2024-10-19T11:43:00Z,8006.52,UPI,1,1032,1,6,True,False,0,1
TXN_100455,2024-05-31T14:28:00Z,6493.05,NEFT,829,2882,1,1,False,False,1,0
TXN_100486,2024-08-15T22:51:00Z,8305.57,RTGS,2956,2618,1,5,False,False,0,0
TXN_100796,2024-03-23T06:25:00Z,19488.73,RTGS,3491,373,2,3,False,False,0,0
TXN_101193,2024-02-18T21:16:00Z,4283.03,NEFT,105,876,7,6,False,False,0,0
TXN_102556,2024-05-06T22:09:00Z,31251.73,RTGS,1691,1542,0,6,False,False,0,0
TXN_102131,2024-06-27T14:25:00Z,1322.5,RTGS,2984,1244,5,9,False,False,0,0
TXN_100155,2024-05-04T22:27:00Z,5073.94,RTGS,1815,1511,2,8,False,False,1,0
TXN_102757,2024-01-30T08:01:00Z,515.94,NEFT,1720,3114,1,3,False,False,1,0
TXN_101943,2024-08-06T21:33:00Z,26898.6,NEFT,2701,1512,7,5,False,False,0,0
TXN_100665,2024-06-19T12:15:00Z,11186.57,UPI,1651,1803,5,1,False,False,0,0
TXN_100294,2024-11-08T22:10:00Z,1518.43,UPI,3415,3468,2,1,False,False,0,0
TXN_102620,2024-06-13T15:42:00Z,1228.75,IMPS,1172,3276,7,2,False,False,0,0
TXN_102664,2024-06-23T22:35:00Z,6856.07,IMPS,3519,2469,4,1,False,False,0,0
TXN_101045,2024-09-18T07:16:00Z,6817.7,UPI,3497,863,2,2,False,False,1,0
TXN_101308,2024-05-06T21:56:00Z,3803.04,RTGS,3336,3174,3,2,False,True,0,0
TXN_102474,2024-06-17T11:38:00Z,2352.78,IMPS,1033,565,2,2,False,False,1,0
TXN_101998,2024-01-05T11:03:00Z,4097.19,IMPS,676,930,2,7,False,False,1,0
TXN_100112,2024-09-20T15:18:00Z,3412.9,NEFT,641,3146,1,6,False,False,0,0
TXN_100533,2024-06-06T07:22:00Z,2479.93,IMPS,1263,3626,6,4,False,False,1,0
TXN_100302,2024-08-18T14:33:00Z,1135.08,RTGS,898,1944,6,3,False,False,1,0
TXN_100358,2024-10-24T06:01:00Z,3585.51,UPI,1990,543,4,6,False,False,0,0
TXN_102452,2024-06-03T14:29:00Z,1082.27,RTGS,2968,2977,7,6,False,True,1,0
TXN_102059,2024-06-30T12:57:00Z,16680.11,IMPS,1118,562,5,7,False,False,1,0
TXN_102483,2024-05-17T06:41:00Z,7273.79,UPI,2519,3225,4,2,False,False,1,0
TXN_100751,2024-01-09T13:21:00Z,5802.78,RTGS,929,1488,0,8,False,False,1,0
TXN_100731,2024-12-28T16:41:00Z,1279.69,RTGS,1180,476,2,8,False,False,0,0
TXN_100044,2024-01-21T13:16:00Z,6228.35,NEFT,34,1202,0,2,False,False,0,0
TXN_101881,2024-01-25T16:26:00Z,529.6,IMPS,1067,2403,3,5,False,False,1,0
TXN_102268,2024-09-02T09:17:00Z,8311.94,UPI,1989,1957,6,9,False,False,0,0
TXN_102269,2024-06-06T19:57:00Z,2642.46,NEFT,2025,2610,1,5,False,True,1,0
TXN_101355,2024-09-05T15:24:00Z,37828.64,NEFT,1471,991,5,9,False,False,1,0
TXN_100450,2024-12-08T06:41:00Z,1086.79,UPI,3292,2947,6,4,False,False,1,0
TXN_101032,2024-12-16T21:02:00Z,8633.15,UPI,3567,2741,1,6,False,False,0,0
TXN_101779,2024-11-26T10:35:00Z,25066.95,NEFT,844,2572,4,1,False,False,0,0
TXN_101097,2024-02-26T12:02:00Z,1978.84,RTGS,2254,547,7,8,False,True,0,0
TXN_101492,2024-06-08T09:52:00Z,2079.16,NEFT,495,3338,4,6,False,False,1,0
TXN_102115,2024-03-18T15:54:00Z,12056.35,IMPS,2411,2717,4,9,False,False,1,0
TXN_100481,2024-04-19T14:10:00Z,3022.77,UPI,87,3156,4,6,False,False,0,0
TXN_102003,2024-07-05T21:25:00Z,5007.28,RTGS,3270,2263,1,8,True,False,0,0
TXN_100087,2024-08-09T09:25:00Z,6618.64,UPI,3413,2997,6,3,False,False,0,0
TXN_101319,2024-10-10T13:06:00Z,1987.86,RTGS,2566,2711,1,6,False,False,0,0
TXN_100697,2024-05-28T07:57:00Z,13021.53,UPI,2468,250,1,1,False,False,0,0
TXN_102850,2024-07-05T15:39:00Z,1016.52,UPI,1017,487,4,5,False,False,0,0
TXN_100076,2024-02-26T22:35:00Z,3003.3,UPI,2327,565,3,1,False,False,0,0
TXN_100354,2024-07-28T07:01:00Z,2739.22,RTGS,2620,85,0,4,False,False,0,0
TXN_101486,2024-06-03T22:45:00Z,8508.16,NEFT,428,1315,1,2,False,False,1,0
TXN_100768,2024-09-25T11:40:00Z,30002.96,UPI,2485,2318,4,7,False,False,1,0
TXN_101876,2024-05-27T15:20:00Z,253.67,RTGS,441,834,6,1,False,False,0,0
TXN_100793,2024-04-09T12:35:00Z,22703.93,IMPS,2996,1059,0,1,False,False,0,0
TXN_101810,2024-12-29T06:22:00Z,10520.34,IMPS,3516,997,5,9,False,False,0,0
TXN_100803,2024-01-05T15:00:00Z,13575.54,NEFT,1331,49,5,2,True,False,1,0
TXN_101604,2024-07-06T19:52:00Z,2726.64,RTGS,903,3278,1,3,False,False,0,0
TXN_102558,2024-10-28T14:50:00Z,1111.31,IMPS,1258,2966,3,3,False,False,0,0
TXN_102923,2024-06-16T08:09:00Z,966.47,RTGS,0,977,2,3,True,False,0,1
TXN_100568,2024-12-14T16:40:00Z,4965.75,RTGS,173,1322,1,7,False,False,0,0
TXN_102589,2024-04-11T12:08:00Z,25007.97,IMPS,1694,399,5,4,False,False,1,0
TXN_102004,2024-08-27T10:28:00Z,16762.44,IMPS,2528,1300,6,3,False,False,0,0
TXN_100158,2024-11-14T09:48:00Z,5623.34,UPI,2128,785,2,2,False,False,0,0
TXN_101380,2024-06-26T19:02:00Z,6680.68,UPI,2414,2872,6,3,False,False,1,0
TXN_102391,2024-09-17T12:39:00Z,8782.79,UPI,1350,2920,7,9,False,False,1,0
TXN_101424,2024-11-08T13:11:00Z,2406.12,NEFT,1938,1842,3,3,False,True,1,0
TXN_100740,2024-03-17T10:48:00Z,6550.63,IMPS,1967,880,5,7,False,False,1,0
TXN_100939,2024-01-09T22:09:00Z,6800.31,IMPS,1000,950,4,9,False,False,1,0
TXN_101984,2024-07-30T16:13:00Z,8297.81,UPI,977,3220,5,4,False,False,1,0
TXN_101921,2024-10-05T21:24:00Z,4916.08,NEFT,2890,3640,2,8,False,True,1,0
TXN_100530,2024-08-12T15:39:00Z,2721.3,UPI,1811,3065,0,4,False,False,0,0
TXN_100850,2024-04-10T08:55:00Z,4322.56,NEFT,817,3192,3,6,True,False,0,0
TXN_100461,2024-04-16T09:53:00Z,2280.94,NEFT,2630,308,2,8,True,False,1,0
TXN_102963,2024-07-01T15:00:00Z,2114.4,IMPS,362,2497,34,1,False,False,1,1
TXN_102385,2024-08-31T09:52:00Z,6005.86,RTGS,1543,1054,6,9,False,False,1,0
TXN_100230,2024-06-11T17:01:00Z,1468.27,RTGS,1298,3192,0,1,False,False,1,0
TXN_100312,2024-01-31T20:34:00Z,1570.84,RTGS,2753,150,6,3,False,False,1,0
TXN_100202,2024-04-23T17:06:00Z,19145.62,NEFT,2188,2348,6,5,False,False,1,0
TXN_100254,2024-01-15T17:05:00Z,3854.46,NEFT,3322,1004,4,3,False,False,0,0
TXN_102976,2024-08-01T20:39:00Z,932.26,IMPS,323,2656,18,8,False,True,0,1
TXN_100319,2024-01-01T07:15:00Z,91084.92,RTGS,128,288,6,4,False,False,1,0
TXN_100876,2024-10-06T11:34:00Z,6261.18,NEFT,1879,52,5,2,True,False,1,0
TXN_102144,2024-08-24T12:30:00Z,100962.81,UPI,2533,3500,4,6,False,False,1,0
TXN_102770,2024-04-14T17:44:00Z,15529.13,NEFT,3026,2354,2,3,False,True,1,0
TXN_102524,2024-12-12T09:37:00Z,18078.95,RTGS,3061,3126,7,7,False,False,1,0
TXN_100189,2024-02-06T10:36:00Z,6756.26,UPI,902,3155,0,5,False,True,1,0
TXN_102536,2024-10-24T21:10:00Z,8487.36,RTGS,3263,463,4,2,False,False,1,0
TXN_101649,2024-04-05T17:07:00Z,362.3,NEFT,676,115,3,3,False,False,1,0
TXN_102331,2024-03-03T08:13:00Z,3689.23,NEFT,3585,860,1,2,True,True,0,0
TXN_100686,2024-01-15T13:42:00Z,4877.35,NEFT,2901,121,3,2,False,False,1,0
TXN_100831,2024-10-15T09:58:00Z,5455.47,NEFT,1828,3510,1,3,False,False,0,0
TXN_101836,2024-12-05T20:53:00Z,7977.73,UPI,3374,833,7,1,False,False,1,0
TXN_102074,2024-10-10T09:45:00Z,16064.23,RTGS,134,2088,1,9,False,False,1,0
TXN_102679,2024-05-16T10:38:00Z,13162.43,NEFT,3352,464,4,3,False,False,0,0
TXN_101559,2024-07-28T22:10:00Z,1020.6,RTGS,3531,2129,1,1,False,True,1,0
TXN_102596,2024-05-23T15:50:00Z,4848.73,RTGS,3305,1083,4,5,False,False,1,0
TXN_100877,2024-12-04T11:16:00Z,236.31,RTGS,503,860,1,3,False,False,0,0
TXN_101277,2024-07-07T07:06:00Z,17366.03,UPI,3199,925,7,3,False,False,0,0
TXN_100067,2024-12-01T13:07:00Z,11539.1,NEFT,511,3175,0,7,False,False,1,0
TXN_102703,2024-06-02T16:54:00Z,10038.55,IMPS,107,2577,7,7,True,False,0,0
TXN_101860,2024-11-03T15:29:00Z,6085.16,IMPS,3239,1881,7,3,False,False,1,0
TXN_100471,2024-12-11T20:03:00Z,1767.51,UPI,1504,177,4,1,False,False,1,0
TXN_102912,2024-01-21T19:53:00Z,2857.74,RTGS,0,648,0,8,True,False,0,1
TXN_101892,2024-11-27T14:29:00Z,6946.25,NEFT,2151,3337,6,7,False,False,1,0
TXN_100466,2024-05-23T08:24:00Z,22734.99,UPI,2763,1822,5,4,True,False,0,0
TXN_102235,2024-02-13T15:50:00Z,2015.66,NEFT,619,1173,4,9,False,False,0,0
TXN_102113,2024-02-04T13:43:00Z,9879.42,NEFT,3093,1175,6,9,False,False,1,0
TXN_102644,2024-09-22T21:10:00Z,3620.57,UPI,617,2960,7,6,True,False,1,0
TXN_101727,2024-12-07T19:26:00Z,1142.96,IMPS,505,3498,7,6,False,False,1,0
TXN_101898,2024-02-19T18:39:00Z,10818.73,UPI,1311,42,7,9,False,False,0,0
TXN_100438,2024-04-07T16:08:00Z,3634.42,RTGS,452,2734,2,3,False,False,0,0
TXN_100618,2024-12-04T06:19:00Z,4751.53,RTGS,836,2939,2,1,False,False,0,0
TXN_100485,2024-02-11T19:43:00Z,3247.9,RTGS,531,2248,1,3,False,False,0,0
TXN_100369,2024-10-12T19:13:00Z,15950.31,NEFT,2681,3514,0,6,False,True,1,0
TXN_100234,2024-10-18T10:39:00Z,41511.75,NEFT,455,632,2,1,False,False,0,0
TXN_102768,2024-10-11T11:33:00Z,19400.02,UPI,470,343,6,2,False,False,0,0
TXN_100995,2024-03-20T10:25:00Z,1149.13,NEFT,179,2053,6,2,True,False,1,0
TXN_102771,2024-03-14T17:18:00Z,7426.24,RTGS,1489,1620,3,9,False,False,0,0
TXN_101064,2024-07-31T16:07:00Z,1483.98,IMPS,2649,1221,4,4,False,True,1,0
TXN_100782,2024-09-03T16:38:00Z,6489.86,UPI,3172,3213,1,1,False,True,1,0
TXN_100743,2024-12-27T10:43:00Z,2619.66,IMPS,3637,2246,0,9,True,True,0,0
TXN_101519,2024-04-17T10:32:00Z,4289.87,IMPS,260,2463,5,8,False,False,0,0
TXN_102562,2024-12-20T16:41:00Z,6810.43,IMPS,3084,3399,3,3,False,False,0,0
TXN_100425,2024-11-05T12:25:00Z,14187.7,NEFT,2780,983,3,1,False,False,1,0
TXN_102633,2024-06-17T09:03:00Z,6187.75,RTGS,525,773,1,6,False,False,1,0
TXN_102453,2024-02-10T17:45:00Z,5296.09,RTGS,3465,2767,3,9,False,False,1,0
TXN_101968,2024-08-28T20:56:00Z,6651.76,UPI,2045,694,5,3,False,False,0,0
TXN_102851,2024-12-05T08:14:00Z,111086.01,RTGS,3055,3255,2,9,False,False,1,0
TXN_100118,2024-10-07T16:28:00Z,7583.46,RTGS,2721,160,4,9,False,False,1,0
TXN_100470,2024-11-11T07:24:00Z,8382.74,RTGS,3127,1774,2,5,False,False,1,0
TXN_100707,2024-12-07T21:59:00Z,5041.84,RTGS,3006,704,4,7,False,False,0,0
TXN_100429,2024-05-21T18:41:00Z,5659.54,RTGS,2666,349,0,7,False,False,0,0
TXN_101039,2024-12-26T21:17:00Z,9323.72,IMPS,2025,952,5,1,False,False,1,0
TXN_102194,2024-03-08T18:49:00Z,392.4,NEFT,1942,1624,1,5,False,False,1,0
TXN_102956,2024-11-26T12:23:00Z,1066.52,RTGS,2,3306,3,6,True,False,0,1
TXN_100645,2024-11-10T08:05:00Z,610.35,UPI,2343,1448,2,8,False,False,0,0
TXN_100405,2024-04-30T10:29:00Z,12320.94,RTGS,1865,3570,1,5,False,False,0,0
TXN_100246,2024-04-14T16:11:00Z,2580.7,UPI,811,2489,1,1,False,False,1,0
TXN_102497,2024-07-30T17:27:00Z,14684.5,NEFT,1609,1532,6,7,False,False,1,0
TXN_100144,2024-05-07T14:39:00Z,2438.94,IMPS,1773,1648,3,9,False,False,0,0
TXN_100453,2024-07-14T09:26:00Z,2072.63,UPI,441,769,4,8,False,False,1,0
TXN_100156,2024-01-15T10:01:00Z,5269.74,UPI,1869,1476,7,6,False,False,0,0
TXN_102553,2024-05-25T22:21:00Z,7142.28,RTGS,3221,2699,5,9,False,False,1,0
TXN_102774,2024-09-30T22:46:00Z,28092.79,RTGS,3108,149,4,3,False,False,1,0
TXN_102488,2024-08-09T07:49:00Z,3081.17,UPI,3422,1370,6,5,False,False,1,0
TXN_101527,2024-07-24T18:16:00Z,2562.1,NEFT,2488,1682,5,6,True,False,0,0
TXN_100132,2024-03-31T16:24:00Z,19892.67,UPI,3576,3142,3,1,False,False,0,0
TXN_101294,2024-07-19T18:22:00Z,3509.86,RTGS,1354,1316,0,6,True,False,0,0
TXN_102479,2024-11-27T18:32:00Z,6833.31,NEFT,1675,3471,3,3,True,False,1,0
TXN_102591,2024-07-06T16:37:00Z,2619.94,RTGS,1682,774,0,7,False,False,0,0
TXN_101623,2024-10-03T12:58:00Z,46001.71,IMPS,2334,2441,2,5,False,False,1,0
TXN_101624,2024-06-11T07:30:00Z,4938.88,UPI,175,1982,6,9,False,False,1,0
TXN_102011,2024-03-26T15:01:00Z,3879.21,UPI,2676,2123,1,3,True,False,1,0
TXN_102560,2024-06-12T12:45:00Z,274.13,UPI,3447,1670,0,3,False,False,1,0
TXN_102508,2024-04-17T06:15:00Z,1321.12,IMPS,1402,2720,5,8,False,False,1,0
TXN_101266,2024-08-14T10:36:00Z,1612.58,NEFT,64,3617,6,7,False,False,0,0
TXN_102484,2024-02-21T19:04:00Z,17614.86,IMPS,2300,584,1,9,False,False,0,0
TXN_101717,2024-11-30T21:06:00Z,503.85,IMPS,920,2189,5,1,False,False,0,0
TXN_101861,2024-10-25T11:25:00Z,11884.27,UPI,1872,1215,5,7,False,False,1,0
TXN_101611,2024-11-14T06:09:00Z,12864.79,UPI,2161,2475,2,3,False,False,0,0
TXN_101695,2024-12-12T19:44:00Z,1023.91,UPI,1688,3518,5,4,False,False,0,0
TXN_101419,2024-09-07T13:10:00Z,8316.7,UPI,2056,294,3,7,False,False,1,0
TXN_102754,2024-01-19T20:00:00Z,2022.25,NEFT,2077,156,6,8,False,False,0,0
TXN_100674,2024-11-17T19:29:00Z,3375.5,RTGS,3101,390,1,1,False,False,0,0
TXN_100245,2024-07-08T12:21:00Z,5942.38,NEFT,126,2129,3,5,False,False,1,0
TXN_101248,2024-06-02T21:11:00Z,1200.95,RTGS,3194,646,7,3,False,False,0,0
TXN_102197,2024-09-14T09:03:00Z,34340.03,UPI,1613,3018,3,2,False,False,0,0
TXN_101517,2024-08-26T17:07:00Z,930.25,RTGS,2255,3566,5,6,False,False,1,0
TXN_102315,2024-08-08T16:33:00Z,10816.57,NEFT,313,1074,1,7,False,False,1,0
TXN_100682,2024-11-26T19:48:00Z,14001.52,NEFT,1303,3235,6,5,False,False,0,0
TXN_101992,2024-01-12T20:42:00Z,1069.72,UPI,2063,563,0,3,False,False,0,0
TXN_102276,2024-02-17T10:37:00Z,809.16,RTGS,3619,708,3,3,False,True,1,0
TXN_101327,2024-07-19T11:12:00Z,12152.38,IMPS,3256,3143,2,7,False,False,1,0
TXN_102224,2024-12-29T22:09:00Z,33581.2,IMPS,3643,1718,2,9,False,False,1,0
TXN_101195,2024-05-05T10:03:00Z,7208.63,IMPS,358,63,3,3,False,False,1,0
TXN_102755,2024-08-28T07:21:00Z,42280.35,RTGS,1015,2038,5,4,False,False,0,0
TXN_100511,2024-08-25T10:55:00Z,101020.93,RTGS,234,2264,4,1,False,False,1,0
TXN_102252,2024-12-26T11:15:00Z,13760.61,IMPS,1712,665,5,2,False,False,1,0
TXN_100306,2024-07-07T18:34:00Z,9170.28,IMPS,2514,1625,6,5,False,False,0,0
TXN_101502,2024-02-28T12:02:00Z,28936.62,NEFT,1541,2878,3,5,False,False,0,0
TXN_102311,2024-05-30T07:17:00Z,5771.18,NEFT,1786,3116,0,1,False,False,1,0
TXN_101954,2024-04-10T16:32:00Z,3457.07,IMPS,1204,613,3,9,False,False,1,0
TXN_100997,2024-06-25T20:58:00Z,311.53,NEFT,3183,3292,4,5,False,False,0,0
TXN_101196,2024-03-03T19:15:00Z,2519.59,UPI,3113,1690,3,2,False,False,0,0
TXN_100646,2024-05-30T10:28:00Z,2087.16,UPI,2314,3555,0,1,False,False,1,0
TXN_100748,2024-07-19T19:24:00Z,2714.17,RTGS,139,225,6,8,False,False,0,0
TXN_102207,2024-11-20T19:34:00Z,24556.18,IMPS,2810,2473,2,5,True,False,1,0
TXN_102884,2024-10-16T20:57:00Z,28152.7,UPI,1186,2960,0,2,False,False,1,0
TXN_102379,2024-02-24T20:52:00Z,7099.27,NEFT,202,1763,6,8,False,False,0,0
TXN_100446,2024-01-15T07:21:00Z,5243.89,IMPS,3637,1396,5,9,False,True,0,0
TXN_100079,2024-04-24T13:03:00Z,24954.54,RTGS,2137,2025,1,5,False,False,0,0
TXN_102167,2024-02-12T17:44:00Z,5641.23,UPI,2327,2938,6,7,False,False,1,0
TXN_100553,2024-12-27T16:20:00Z,5936.79,UPI,3301,544,2,9,False,False,0,0
TXN_101214,2024-06-25T22:01:00Z,3780.68,IMPS,1151,2829,6,4,False,False,1,0
TXN_102305,2024-09-15T20:04:00Z,7980.21,RTGS,2248,251,7,8,False,False,0,0
TXN_101281,2024-09-08T21:14:00Z,2893.54,UPI,3104,1563,1,6,False,False,0,0
TXN_101670,2024-02-23T15:27:00Z,2177.87,UPI,2368,2685,2,5,False,False,0,0
TXN_102698,2024-03-08T09:23:00Z,16588.08,NEFT,51,2825,7,2,True,False,0,0
TXN_101711,2024-08-13T11:44:00Z,6964.79,UPI,3329,971,4,5,False,False,0,0
TXN_102815,2024-02-10T09:24:00Z,12509.35,NEFT,812,2580,7,8,True,False,1,0
TXN_102137,2024-06-02T19:05:00Z,4082.55,IMPS,3225,1825,0,4,False,False,0,0
TXN_101874,2024-06-26T07:34:00Z,6024.02,RTGS,836,832,6,4,False,False,0,0
TXN_100336,2024-01-09T08:21:00Z,4149.4,NEFT,1789,1826,0,4,False,False,0,0
TXN_100227,2024-05-04T07:28:00Z,2988.73,RTGS,1152,999,4,4,False,False,1,0
TXN_100342,2024-10-16T21:40:00Z,3109.87,RTGS,451,523,3,3,False,False,1,0
TXN_101236,2024-04-19T10:55:00Z,9947.65,IMPS,1014,741,7,6,False,False,0,0
TXN_102354,2024-04-13T16:54:00Z,1474.36,NEFT,1467,104,5,9,False,True,1,0
TXN_101403,2024-06-06T08:14:00Z,43747.13,NEFT,51,3194,2,3,False,False,1,0
TXN_100011,2024-06-29T10:42:00Z,1267.68,NEFT,273,3327,5,2,False,False,0,0
TXN_101066,2024-10-16T17:39:00Z,681.95,RTGS,1819,848,3,1,False,False,0,0
TXN_102225,2024-12-26T20:44:00Z,10115.96,RTGS,2342,3000,7,8,False,False,0,0
TXN_101001,2024-09-02T22:41:00Z,17079.07,UPI,3243,88,6,8,False,True,1,0
TXN_101785,2024-02-25T16:05:00Z,1781.06,IMPS,640,3594,1,1,False,False,1,0
TXN_102618,2024-04-25T09:34:00Z,15304.93,UPI,2092,1783,2,1,False,False,1,0
TXN_102339,2024-01-02T15:27:00Z,12691.05,UPI,2397,1770,4,5,False,False,0,0
TXN_100194,2024-06-25T08:05:00Z,8140.9,UPI,2292,1976,4,6,False,False,1,0
TXN_101924,2024-10-31T21:09:00Z,3568.13,UPI,1765,89,6,5,True,False,1,0
TXN_101826,2024-03-29T21:47:00Z,5378.94,UPI,471,1714,2,9,False,False,1,0
TXN_100722,2024-01-22T13:28:00Z,4147.47,NEFT,811,3534,1,4,False,False,1,0
TXN_100720,2024-11-03T12:20:00Z,162986.23,NEFT,1904,1774,3,3,False,False,0,0
TXN_100944,2024-07-23T21:00:00Z,2398.96,RTGS,1395,1581,5,7,False,False,0,0
TXN_102576,2024-02-13T22:46:00Z,2167.03,NEFT,771,1582,5,9,False,True,0,0
TXN_102096,2024-12-23T06:30:00Z,4952.82,IMPS,3465,2972,0,4,False,False,0,0
TXN_101949,2024-12-07T12:42:00Z,19365.48,IMPS,3202,1747,6,3,False,False,0,0
TXN_101079,2024-01-27T13:26:00Z,5960.81,NEFT,3242,3647,0,9,True,False,0,0
TXN_101390,2024-04-01T09:32:00Z,40899.94,RTGS,2829,242,3,2,False,False,1,0
TXN_100009,2024-06-28T17:51:00Z,3690.84,UPI,176,1505,4,2,False,False,0,0
TXN_100098,2024-09-28T07:16:00Z,3720.37,UPI,3084,3609,4,8,False,False,0,0
TXN_101356,2024-04-04T10:16:00Z,1659.16,IMPS,865,2768,4,2,False,False,0,0
TXN_101661,2024-05-31T12:21:00Z,1959.07,IMPS,1434,2946,0,9,False,False,1,0
TXN_101987,2024-07-10T08:43:00Z,958.9,NEFT,122,1359,5,9,False,False,0,0
TXN_100562,2024-10-07T06:10:00Z,2542.73,RTGS,3313,622,1,8,False,False,0,0
TXN_102240,2024-05-05T20:22:00Z,784.11,NEFT,3492,3640,2,4,False,False,1,0
TXN_100930,2024-03-25T20:28:00Z,1074.59,UPI,1118,425,4,1,False,False,0,0
TXN_100242,2024-12-27T18:22:00Z,2735.26,RTGS,398,1000,4,7,False,False,1,0
TXN_102760,2024-01-25T13:22:00Z,2471.26,NEFT,1361,3381,6,3,False,False,1,0
TXN_101450,2024-01-14T13:06:00Z,51585.74,NEFT,3333,440,5,8,False,False,0,0
TXN_102551,2024-02-01T12:58:00Z,38264.85,IMPS,2763,2229,4,1,False,False,0,0
TXN_101126,2024-09-17T22:06:00Z,14299.58,UPI,3203,1532,5,7,False,False,0,0
TXN_100683,2024-06-16T08:25:00Z,3242.84,NEFT,1023,1518,5,3,False,False,0,0
TXN_102159,2024-02-11T14:42:00Z,18040.66,IMPS,2098,1123,7,1,False,False,0,0
TXN_101944,2024-12-04T19:36:00Z,31738.71,RTGS,1529,2281,4,8,False,False,1,0
TXN_102480,2024-10-17T06:24:00Z,13028.17,NEFT,3560,3453,5,5,False,False,1,0
TXN_101073,2024-07-19T06:07:00Z,13334.34,RTGS,819,2903,3,1,False,False,0,0
TXN_102326,2024-08-04T21:21:00Z,1330.24,UPI,1272,1764,1,3,False,False,1,0
TXN_100914,2024-11-01T11:27:00Z,2385.78,IMPS,622,3446,7,2,False,False,0,0
TXN_101062,2024-10-31T06:35:00Z,2924.33,IMPS,757,1397,6,6,True,False,1,0
TXN_101875,2024-10-28T15:47:00Z,4643.03,RTGS,2044,1704,5,1,False,False,0,0
TXN_101475,2024-12-06T09:25:00Z,43105.55,NEFT,2213,1444,2,8,False,False,1,0
TXN_102340,2024-01-12T21:31:00Z,1900.98,RTGS,3587,1566,7,1,False,False,1,0
TXN_100519,2024-12-11T06:36:00Z,40855.41,RTGS,2138,2098,7,6,False,False,0,0
TXN_101668,2024-08-11T17:06:00Z,4928.51,RTGS,3287,645,1,8,False,False,1,0
TXN_101682,2024-07-07T22:00:00Z,3019.51,UPI,2051,2726,7,6,False,False,0,0
TXN_102709,2024-05-10T21:23:00Z,18297.81,NEFT,2441,2928,6,5,False,False,0,0
TXN_102388,2024-09-13T06:00:00Z,4658.28,IMPS,3432,765,2,6,False,False,0,0
TXN_101106,2024-08-03T16:01:00Z,1390.5,IMPS,2037,645,5,5,False,True,0,0
TXN_101199,2024-07-01T21:59:00Z,1266.82,UPI,2973,2424,4,8,False,False,0,0
TXN_102120,2024-11-30T20:51:00Z,599.06,RTGS,1428,3216,0,1,False,False,0,0
TXN_101653,2024-11-21T15:09:00Z,4575.38,RTGS,52,3611,3,6,False,False,0,0
TXN_102108,2024-09-07T17:03:00Z,369.2,RTGS,1610,1021,6,2,False,False,1,0
TXN_102165,2024-01-09T08:43:00Z,21895.93,RTGS,2232,1667,1,7,False,False,0,0
TXN_102430,2024-04-15T09:28:00Z,7736.95,NEFT,366,1369,7,2,False,False,0,0
TXN_100244,2024-04-11T21:01:00Z,2423.27,IMPS,1421,342,5,2,False,False,0,0
TXN_101752,2024-12-17T22:04:00Z,9870.44,NEFT,3064,2353,2,9,False,False,1,0
TXN_102728,2024-05-19T17:35:00Z,1845.9,IMPS,850,3242,2,1,False,False,0,0
TXN_101714,2024-06-23T15:24:00Z,6105.83,UPI,2450,1234,6,5,False,False,0,0
TXN_100807,2024-03-24T10:58:00Z,8622.17,UPI,1943,1140,2,7,False,False,1,0
TXN_100838,2024-03-18T10:04:00Z,7389.73,NEFT,752,2549,0,7,False,False,1,0
TXN_100894,2024-01-18T19:32:00Z,15674.18,NEFT,3533,672,4,9,False,False,0,0
TXN_101539,2024-07-22T07:42:00Z,6625.23,UPI,2894,2002,5,4,False,True,0,0
TXN_101872,2024-10-21T11:38:00Z,43505.95,RTGS,3056,1646,1,6,True,False,0,0
TXN_100004,2024-05-07T19:37:00Z,4553.78,IMPS,2283,504,6,1,False,False,1,0
TXN_102891,2024-07-31T11:48:00Z,6918.95,UPI,1194,2158,0,3,False,False,0,0
TXN_102530,2024-11-01T09:38:00Z,887.96,IMPS,2881,744,7,3,False,False,0,0
TXN_101025,2024-11-20T06:18:00Z,1752.28,UPI,1915,350,3,2,False,False,1,0
TXN_100735,2024-10-18T21:53:00Z,30748.18,RTGS,1414,2676,0,1,False,False,0,0
TXN_100006,2024-01-18T06:09:00Z,3525.85,NEFT,509,2937,4,1,False,False,0,0
TXN_101354,2024-06-09T21:46:00Z,646.36,NEFT,2330,3182,7,6,False,False,1,0
TXN_100661,2024-02-17T11:53:00Z,4693.95,UPI,985,579,0,2,False,False,1,0
TXN_100357,2024-07-30T11:51:00Z,22136.16,UPI,2361,307,2,7,False,False,1,0
TXN_100185,2024-11-15T12:30:00Z,1014.59,UPI,1671,2016,7,9,False,False,1,0
TXN_101648,2024-05-25T09:39:00Z,5601.74,UPI,1146,3589,6,1,False,False,1,0
TXN_101038,2024-07-20T09:21:00Z,6094.55,IMPS,158,1264,0,2,False,True,0,0
TXN_101845,2024-08-13T06:18:00Z,994.8,UPI,3364,3521,6,3,False,False,0,0
TXN_100111,2024-08-20T10:56:00Z,3860.26,IMPS,1503,3248,0,9,False,True,0,0
TXN_100077,2024-02-12T16:45:00Z,11475.32,UPI,2158,571,4,7,False,False,0,0
TXN_100083,2024-10-16T18:33:00Z,14250.56,NEFT,1970,755,3,5,False,False,1,0
TXN_100869,2024-05-12T06:56:00Z,24143.15,UPI,746,1318,6,1,False,False,1,0
TXN_100606,2024-05-28T07:58:00Z,17424.16,RTGS,3456,1364,7,7,False,True,0,0
TXN_101148,2024-04-12T08:58:00Z,2856.16,RTGS,1184,2972,0,2,False,False,0,0
TXN_100049,2024-11-05T14:25:00Z,7943.81,NEFT,238,626,5,5,False,False,0,0
TXN_102062,2024-08-16T12:50:00Z,8269.74,IMPS,3354,2955,6,2,False,False,0,0
TXN_102979,2024-12-13T06:27:00Z,6076.51,NEFT,3,3307,0,2,True,False,1,1
TXN_101657,2024-08-09T07:53:00Z,118968.69,IMPS,2664,677,0,2,False,False,1,0
TXN_101950,2024-03-19T22:10:00Z,11016.29,RTGS,1301,2637,1,7,False,False,1,0
TXN_101422,2024-02-13T06:55:00Z,16199.06,UPI,1222,2151,1,9,False,False,0,0
TXN_101343,2024-04-20T18:09:00Z,9728.7,UPI,3454,585,3,8,False,False,0,0
TXN_101451,2024-11-22T09:14:00Z,75896.11,NEFT,2545,582,3,9,False,False,0,0
TXN_102097,2024-11-04T14:55:00Z,13151.33,IMPS,1282,1623,5,9,False,False,0,0
TXN_102009,2024-03-17T15:06:00Z,10833.22,IMPS,233,3578,7,8,False,False,1,0
TXN_102498,2024-04-12T10:29:00Z,1794.37,RTGS,2013,3014,0,2,False,False,1,0
TXN_102230,2024-02-28T10:29:00Z,6236.38,UPI,1643,2800,0,8,False,True,0,0
TXN_101737,2024-06-26T16:34:00Z,5295.33,IMPS,1319,1174,3,5,False,False,0,0
TXN_100335,2024-08-26T07:44:00Z,18659.0,UPI,1620,2424,6,5,False,False,0,0
TXN_102634,2024-07-01T06:31:00Z,5965.93,UPI,232,3501,2,3,False,False,0,0
TXN_101206,2024-03-02T16:39:00Z,1315.78,UPI,1854,2263,3,6,False,False,1,0
TXN_100381,2024-12-11T10:09:00Z,1869.7,RTGS,1530,226,4,7,False,False,0,0
TXN_100902,2024-07-13T20:57:00Z,9569.81,UPI,3312,233,0,1,False,False,0,0
TXN_102788,2024-07-02T22:36:00Z,2036.51,UPI,907,1402,5,3,False,True,0,0
TXN_101411,2024-11-08T16:01:00Z,2493.55,NEFT,3038,977,6,5,False,False,1,0
TXN_101299,2024-11-19T13:33:00Z,10621.77,IMPS,2820,765,0,1,False,False,1,0
TXN_101634,2024-05-27T14:24:00Z,2747.21,NEFT,3260,3389,4,1,False,True,1,0
TXN_100015,2024-10-13T19:03:00Z,4699.65,RTGS,1663,315,7,1,False,False,1,0
TXN_100315,2024-01-14T18:51:00Z,2332.93,NEFT,152,1569,1,1,False,False,1,0
TXN_102495,2024-02-17T15:26:00Z,10516.35,IMPS,1361,986,1,5,False,False,0,0
TXN_100037,2024-02-09T16:15:00Z,718.2,RTGS,1083,1450,1,6,False,False,1,0
TXN_101869,2024-12-25T17:49:00Z,1866.56,NEFT,492,1599,7,4,False,True,1,0
TXN_100059,2024-01-18T13:55:00Z,2539.38,NEFT,1448,1297,3,7,False,False,1,0
TXN_101683,2024-09-16T15:50:00Z,6236.65,NEFT,1481,2501,0,1,False,False,0,0
TXN_100052,2024-12-28T08:02:00Z,2202.08,RTGS,3016,853,1,3,False,False,0,0
TXN_100770,2024-11-05T08:07:00Z,2059.45,NEFT,1048,3067,2,9,False,False,1,0
TXN_101672,2024-11-03T12:02:00Z,31717.97,RTGS,1869,3407,7,5,False,False,1,0
TXN_100585,2024-09-28T07:43:00Z,4674.61,RTGS,1665,1382,1,6,False,False,0,0
TXN_101962,2024-12-16T13:49:00Z,9124.37,IMPS,2161,1508,5,4,False,True,0,0
TXN_101554,2024-02-22T09:11:00Z,1740.5,IMPS,631,1272,5,6,False,True,0,0
TXN_100965,2024-08-06T06:47:00Z,5599.1,UPI,1041,1776,5,5,False,False,0,0
TXN_101444,2024-06-27T13:53:00Z,7449.6,UPI,2644,100,1,4,False,False,0,0
TXN_100897,2024-02-26T09:49:00Z,4986.33,RTGS,3111,3351,3,7,False,False,0,0
TXN_101269,2024-11-18T18:49:00Z,1029.9,IMPS,2192,1504,7,7,False,False,0,0
TXN_101894,2024-11-15T14:51:00Z,872.04,UPI,3641,3206,5,1,False,False,1,0
TXN_101859,2024-01-05T09:04:00Z,12758.53,IMPS,3443,574,5,3,False,False,1,0
TXN_101374,2024-12-24T07:55:00Z,46349.35,RTGS,2116,1751,7,7,False,False,1,0
TXN_100480,2024-01-06T17:34:00Z,10827.56,UPI,2584,2229,3,1,False,False,0,0
TXN_100749,2024-10-15T08:46:00Z,9184.61,UPI,3278,2850,1,4,False,False,1,0
TXN_101376,2024-09-08T11:50:00Z,13039.47,RTGS,2137,1609,4,8,False,False,0,0
TXN_100078,2024-10-22T10:22:00Z,1607.73,NEFT,2227,1759,5,9,True,False,1,0
TXN_101398,2024-09-04T06:00:00Z,698.07,IMPS,2562,2911,4,5,False,False,1,0
TXN_101675,2024-12-24T07:03:00Z,31505.6,NEFT,1828,1759,1,2,False,False,0,0
TXN_100109,2024-03-30T09:35:00Z,872.59,IMPS,3401,2670,7,7,False,True,1,0
TXN_102953,2024-04-24T07:12:00Z,2592.13,IMPS,2,2014,1,1,True,False,1,1
TXN_100115,2024-01-07T07:45:00Z,1825.41,RTGS,2069,1010,2,9,False,False,1,0
TXN_101877,2024-10-25T13:32:00Z,6502.6,UPI,2545,1019,0,2,False,False,1,0
TXN_101245,2024-08-18T09:41:00Z,13898.1,NEFT,2519,459,2,7,False,False,1,0
TXN_101219,2024-06-14T18:36:00Z,3801.32,IMPS,3044,3067,0,9,False,False,1,0
TXN_100398,2024-03-14T07:44:00Z,5102.85,UPI,246,2820,2,1,False,False,0,0
TXN_100082,2024-04-19T08:12:00Z,968.56,IMPS,3270,1507,0,3,False,False,1,0
TXN_100341,2024-05-11T22:05:00Z,20683.34,UPI,536,2980,5,2,False,False,1,0
TXN_102950,2024-05-13T13:26:00Z,5278.43,IMPS,4,781,1,6,True,True,0,1
TXN_101262,2024-10-14T19:14:00Z,25855.15,IMPS,3147,2266,5,5,False,False,0,0
TXN_102648,2024-08-05T14:29:00Z,3188.67,NEFT,401,1950,3,4,False,True,0,0
TXN_102371,2024-10-22T14:12:00Z,16387.04,RTGS,2200,2789,1,3,False,False,0,0
TXN_102725,2024-08-03T17:51:00Z,1782.59,RTGS,3118,2213,2,6,False,False,0,0
TXN_100859,2024-06-28T13:42:00Z,1568.38,UPI,2139,2640,1,9,False,False,0,0
TXN_102171,2024-06-02T13:51:00Z,5771.64,UPI,965,859,1,6,False,False,1,0
TXN_100972,2024-02-24T14:11:00Z,461.36,RTGS,1588,3057,4,4,False,False,1,0
TXN_102098,2024-06-12T21:11:00Z,1867.95,NEFT,739,941,3,2,False,False,1,0
TXN_100051,2024-01-05T15:11:00Z,5484.56,NEFT,1541,3537,2,9,False,False,1,0
TXN_102169,2024-02-01T13:03:00Z,2184.52,RTGS,1672,3358,5,1,False,False,0,0
TXN_101561,2024-04-06T20:41:00Z,9890.09,RTGS,1679,317,5,5,False,False,0,0
TXN_101525,2024-08-22T20:51:00Z,4506.19,IMPS,3112,2381,7,9,True,False,0,0
TXN_100365,2024-03-20T09:04:00Z,25583.12,RTGS,3059,2363,1,7,False,False,1,0
TXN_102574,2024-08-21T16:46:00Z,5018.15,RTGS,1993,2154,7,5,True,False,0,0
TXN_101249,2024-04-10T10:16:00Z,1496.36,IMPS,1081,1957,6,1,False,False,1,0
TXN_100178,2024-03-23T13:23:00Z,9369.37,UPI,2321,2812,6,2,False,True,0,0
TXN_101639,2024-09-01T18:11:00Z,1338.95,RTGS,2935,1987,4,5,False,False,0,0
TXN_101352,2024-06-15T06:32:00Z,6871.59,UPI,724,1173,3,1,False,False,1,0
TXN_101128,2024-01-25T20:59:00Z,12433.4,UPI,636,3228,5,4,False,False,1,0
TXN_102550,2024-07-31T14:50:00Z,12787.22,RTGS,613,949,2,8,False,False,0,0
TXN_102116,2024-04-16T20:05:00Z,7926.99,UPI,512,1243,3,1,False,False,1,0
TXN_100029,2024-09-21T20:53:00Z,10892.71,UPI,1101,2291,4,1,False,False,1,0
TXN_101947,2024-11-24T20:44:00Z,31926.17,RTGS,569,3131,2,5,False,False,1,0
TXN_102865,2024-02-20T15:12:00Z,1483.75,NEFT,1134,536,4,3,False,False,0,0
TXN_101989,2024-09-17T16:08:00Z,3656.9,UPI,1075,3376,5,4,False,True,0,0
TXN_100217,2024-05-19T13:30:00Z,1472.22,UPI,3072,2853,5,2,False,False,0,0
TXN_100631,2024-08-09T20:52:00Z,5743.07,RTGS,339,1406,6,7,False,False,1,0
TXN_100225,2024-03-05T19:29:00Z,755.05,IMPS,1511,1229,2,9,False,False,0,0
TXN_100021,2024-08-11T16:44:00Z,843.6,UPI,3448,402,1,9,False,False,1,0
TXN_101139,2024-07-30T12:24:00Z,4019.58,NEFT,1466,759,3,5,False,False,1,0
TXN_102835,2024-05-30T17:29:00Z,12496.2,IMPS,852,192,6,9,False,True,1,0
TXN_100556,2024-12-14T21:07:00Z,43879.89,NEFT,3046,82,0,2,False,True,0,0
TXN_101227,2024-04-07T09:25:00Z,5090.3,RTGS,872,2072,6,5,True,True,1,0
TXN_102107,2024-08-06T13:06:00Z,7804.77,UPI,425,339,2,2,False,False,1,0
TXN_100616,2024-03-24T06:37:00Z,381.87,UPI,864,1493,6,5,False,True,1,0
TXN_101838,2024-05-15T09:02:00Z,2603.57,IMPS,2157,3508,2,3,False,False,1,0
TXN_100744,2024-06-08T07:48:00Z,5974.19,RTGS,669,437,4,3,False,False,1,0
TXN_100595,2024-11-09T10:46:00Z,1754.35,IMPS,222,369,4,9,False,False,1,0
TXN_101764,2024-10-17T16:50:00Z,1614.29,NEFT,1477,1278,5,4,False,True,0,0
TXN_102044,2024-12-13T13:30:00Z,763.01,IMPS,2351,876,7,9,False,True,0,0
TXN_100526,2024-11-26T13:30:00Z,11087.37,IMPS,227,159,2,3,False,False,1,0
TXN_102630,2024-04-29T20:23:00Z,233.3,NEFT,2444,1317,7,1,False,False,1,0
TXN_101494,2024-09-04T14:39:00Z,4099.49,RTGS,1990,1987,3,7,False,False,0,0
TXN_102514,2024-12-02T16:10:00Z,2444.65,RTGS,3351,609,0,1,False,False,0,0
TXN_101969,2024-09-01T06:53:00Z,24732.71,UPI,1631,2757,6,7,False,False,0,0
TXN_102397,2024-03-12T15:30:00Z,3459.57,UPI,995,2888,2,5,False,False,1,0
TXN_102784,2024-06-23T19:18:00Z,842.3,UPI,2373,2550,0,3,False,True,1,0
TXN_100969,2024-04-10T12:53:00Z,3321.67,NEFT,2499,2790,1,9,False,False,0,0
TXN_100038,2024-09-13T22:40:00Z,24869.08,IMPS,3508,1747,5,5,False,True,0,0
TXN_101600,2024-10-27T10:36:00Z,4218.94,UPI,2648,1106,3,7,False,False,1,0
TXN_101941,2024-04-04T13:54:00Z,4731.51,RTGS,2066,2120,1,9,False,False,0,0
TXN_102376,2024-03-24T10:17:00Z,4005.8,RTGS,56,3014,1,4,False,False,0,0
TXN_101706,2024-10-19T21:59:00Z,1909.86,RTGS,3038,1516,4,9,False,True,0,0
TXN_102403,2024-02-15T19:58:00Z,4281.59,UPI,1384,504,0,4,False,True,1,0
TXN_100570,2024-11-18T10:59:00Z,977.53,IMPS,794,1262,3,7,False,False,0,0
TXN_101414,2024-12-09T12:47:00Z,1810.62,UPI,1009,2455,3,9,False,False,0,0
TXN_101803,2024-07-13T19:55:00Z,54082.69,IMPS,670,1550,7,5,False,False,0,0
TXN_101439,2024-01-30T20:15:00Z,17948.58,RTGS,3580,2116,5,9,False,True,0,0
TXN_101311,2024-05-03T13:07:00Z,9529.24,UPI,369,3301,4,1,False,False,1,0
TXN_100871,2024-09-07T12:34:00Z,18732.36,NEFT,477,2638,0,2,False,False,0,0
TXN_100521,2024-12-20T18:04:00Z,12132.42,UPI,62,3572,4,7,False,False,0,0
TXN_102713,2024-08-31T17:41:00Z,4201.44,RTGS,2730,2539,4,3,False,False,1,0
TXN_100846,2024-05-15T15:40:00Z,10030.16,IMPS,1509,1192,4,7,False,False,1,0
TXN_100387,2024-04-22T19:49:00Z,33044.39,RTGS,1167,246,0,8,False,False,1,0
TXN_100626,2024-05-28T10:32:00Z,5194.81,UPI,1739,881,0,4,False,False,0,0
TXN_101642,2024-11-05T12:25:00Z,3425.14,NEFT,1380,3622,2,7,False,False,0,0
TXN_100214,2024-02-26T12:02:00Z,1946.81,RTGS,3064,3381,0,5,False,False,1,0
TXN_100090,2024-05-28T15:44:00Z,10976.78,UPI,43,857,2,1,False,True,1,0
TXN_102101,2024-02-29T08:06:00Z,3026.07,UPI,2426,1312,2,5,False,False,0,0
TXN_102627,2024-09-17T09:42:00Z,5119.47,NEFT,3280,2039,4,3,True,False,1,0
TXN_102902,2024-11-28T17:24:00Z,931.32,IMPS,2648,538,0,4,False,False,1,0
TXN_102296,2024-12-12T09:59:00Z,2899.6,NEFT,565,2061,1,5,False,False,1,0
TXN_100509,2024-01-06T21:13:00Z,1754.89,UPI,512,3437,4,3,False,False,0,0
TXN_100753,2024-03-22T17:35:00Z,5445.59,RTGS,1256,375,7,3,False,False,0,0
TXN_102125,2024-05-13T16:02:00Z,2409.01,NEFT,622,214,3,8,False,False,0,0
TXN_102941,2024-10-12T18:43:00Z,5330.88,UPI,2434,1000,20,6,False,False,0,1
TXN_102816,2024-08-10T21:14:00Z,8418.31,RTGS,2971,398,5,9,False,False,0,0
TXN_100808,2024-04-12T18:03:00Z,1716.93,IMPS,1912,3379,6,7,False,False,1,0
TXN_101331,2024-10-29T17:48:00Z,4010.42,NEFT,886,510,5,9,False,False,1,0
TXN_100248,2024-07-09T08:55:00Z,5978.25,NEFT,3081,3015,7,8,False,False,1,0
TXN_100981,2024-08-14T15:49:00Z,18516.16,IMPS,899,1823,4,6,False,False,1,0
TXN_101362,2024-11-02T07:13:00Z,235906.72,RTGS,882,1275,5,7,False,False,0,0
TXN_102226,2024-10-14T08:58:00Z,64720.48,IMPS,1878,3555,3,8,False,False,1,0
TXN_100710,2024-01-14T10:16:00Z,2322.96,NEFT,3370,669,4,8,False,False,0,0
TXN_101556,2024-03-08T17:27:00Z,10784.98,NEFT,3169,441,7,2,False,True,1,0
TXN_102088,2024-11-20T20:29:00Z,8439.58,IMPS,1755,395,3,4,False,False,0,0
TXN_102402,2024-04-24T22:49:00Z,6137.66,UPI,1283,2807,7,5,False,False,0,0
TXN_101443,2024-06-03T18:04:00Z,6529.32,UPI,460,2864,3,7,False,False,1,0
TXN_101792,2024-02-28T20:38:00Z,4241.8,NEFT,2675,2145,2,5,False,False,1,0
TXN_100575,2024-10-20T09:37:00Z,638.05,RTGS,2973,2518,1,1,False,False,1,0
TXN_101141,2024-01-16T10:38:00Z,9253.21,RTGS,2522,2795,2,8,False,False,0,0
TXN_102955,2024-01-05T10:40:00Z,34338.23,RTGS,1271,1696,22,1,False,False,1,1
TXN_100301,2024-12-14T10:08:00Z,2752.12,UPI,3438,1705,1,6,False,False,0,0
TXN_100456,2024-09-22T12:30:00Z,4262.14,UPI,841,2995,3,5,False,False,0,0
TXN_100703,2024-04-21T19:19:00Z,7710.59,IMPS,448,3414,6,4,False,False,0,0
TXN_101777,2024-04-01T07:10:00Z,13797.81,UPI,295,3342,7,2,False,False,0,0
TXN_100190,2024-06-25T16:55:00Z,3005.85,IMPS,2385,3097,4,3,False,False,1,0
TXN_101435,2024-07-30T09:01:00Z,21664.81,RTGS,1598,2046,5,9,False,True,1,0
TXN_101760,2024-10-16T16:17:00Z,28354.23,UPI,2367,1437,1,9,False,False,1,0
TXN_101547,2024-12-19T20:14:00Z,1815.62,RTGS,727,1079,5,1,False,False,0,0
TXN_101868,2024-07-12T11:54:00Z,10852.72,RTGS,456,2564,5,3,False,False,0,0
TXN_102043,2024-12-18T11:28:00Z,24367.6,RTGS,2646,2662,0,1,False,False,0,0
TXN_101460,2024-01-11T15:41:00Z,16198.6,NEFT,1492,1423,1,4,False,False,0,0
TXN_101666,2024-06-02T08:37:00Z,22992.56,IMPS,3303,3243,5,8,False,True,0,0
TXN_101929,2024-10-07T18:42:00Z,4621.65,UPI,3029,1303,4,7,False,False,1,0
TXN_102590,2024-01-10T14:14:00Z,12902.97,NEFT,1798,1318,0,9,False,False,1,0
TXN_100818,2024-05-23T09:23:00Z,29105.0,RTGS,2127,302,2,2,True,False,0,0
TXN_100998,2024-03-21T16:19:00Z,6141.29,NEFT,717,2187,1,8,False,False,0,0
TXN_100759,2024-01-14T08:34:00Z,1828.15,RTGS,3111,2640,4,2,False,False,0,0
TXN_100063,2024-02-21T19:04:00Z,1151.1,RTGS,916,3218,3,3,False,False,1,0
TXN_101279,2024-05-09T18:56:00Z,4110.19,RTGS,1863,3006,4,5,False,False,1,0
TXN_102053,2024-04-11T07:11:00Z,14144.46,UPI,2533,1018,3,5,False,False,0,0
TXN_101493,2024-06-17T12:37:00Z,18874.08,IMPS,1048,2093,5,7,False,False,0,0
TXN_101719,2024-08-13T08:08:00Z,9396.63,IMPS,510,2338,5,4,False,False,0,0
TXN_102301,2024-05-19T19:57:00Z,6137.83,NEFT,416,105,7,3,False,False,1,0
TXN_101700,2024-06-19T18:53:00Z,2209.49,NEFT,2717,1760,3,4,False,True,1,0
TXN_100277,2024-08-06T10:02:00Z,13660.71,NEFT,752,2437,0,3,False,False,1,0
TXN_100220,2024-11-12T13:02:00Z,683.7,RTGS,1709,2342,1,9,False,False,1,0
TXN_102459,2024-06-07T22:41:00Z,9853.74,UPI,3388,2791,7,3,False,False,1,0
TXN_101856,2024-07-14T16:49:00Z,15608.05,UPI,954,3184,0,8,False,False,1,0
TXN_101072,2024-05-21T11:53:00Z,4833.78,RTGS,2355,2809,2,8,False,False,1,0
TXN_102155,2024-11-21T18:38:00Z,11037.08,NEFT,3327,1318,5,5,False,False,1,0
TXN_102795,2024-04-20T18:28:00Z,3347.03,NEFT,628,1232,0,1,False,False,1,0
TXN_100711,2024-07-05T22:04:00Z,6297.88,NEFT,1467,1975,7,7,False,False,0,0
TXN_101977,2024-03-24T13:41:00Z,10381.66,UPI,1426,2298,4,2,False,False,0,0
TXN_101550,2024-10-15T10:32:00Z,15010.94,UPI,1151,692,6,8,False,False,1,0
TXN_102287,2024-01-17T19:32:00Z,1386.79,RTGS,770,1585,4,6,True,False,0,0
TXN_101997,2024-11-17T22:24:00Z,39336.68,UPI,1626,2123,0,8,False,False,0,0
TXN_100268,2024-06-18T21:15:00Z,3327.09,RTGS,2436,999,3,5,False,False,0,0
TXN_100064,2024-05-12T06:10:00Z,1079.09,RTGS,931,1887,0,4,False,False,0,0
TXN_100298,2024-10-26T15:35:00Z,3194.92,UPI,2490,3532,3,8,False,False,1,0
TXN_102265,2024-09-01T10:56:00Z,3143.06,RTGS,3024,2726,4,2,False,False,0,0
TXN_102856,2024-02-22T12:40:00Z,913.06,UPI,1299,1414,5,3,False,False,0,0
TXN_100617,2024-04-12T11:27:00Z,12516.51,UPI,547,2990,4,1,False,False,1,0
TXN_100168,2024-01-08T14:38:00Z,28132.9,NEFT,848,2533,5,2,False,False,0,0
TXN_101780,2024-11-10T09:18:00Z,13927.97,RTGS,1440,2581,5,4,False,False,0,0
TXN_102739,2024-09-08T07:19:00Z,653.8,IMPS,3194,2719,4,7,False,False,0,0
TXN_102559,2024-05-25T11:24:00Z,7403.71,IMPS,1004,1334,0,7,False,False,0,0
TXN_101901,2024-06-02T14:48:00Z,4785.43,NEFT,3086,2568,5,6,False,False,0,0
TXN_101274,2024-03-08T21:02:00Z,7700.7,NEFT,1413,1004,3,7,False,False,0,0
TXN_102906,2024-08-02T06:33:00Z,34082.94,IMPS,390,821,4,8,False,False,0,0
TXN_100852,2024-01-29T12:20:00Z,3888.95,NEFT,994,1915,6,7,False,False,0,0
TXN_101806,2024-03-31T08:03:00Z,7263.41,RTGS,3190,2466,2,9,True,False,1,0
TXN_102352,2024-03-21T21:25:00Z,6942.09,NEFT,3616,2046,6,5,False,False,0,0
TXN_101400,2024-06-08T19:51:00Z,9515.36,UPI,1684,373,4,5,False,False,0,0
TXN_101786,2024-04-08T08:41:00Z,1905.31,RTGS,3093,2244,5,5,False,False,0,0
TXN_101018,2024-09-28T13:35:00Z,11894.98,UPI,2462,90,2,6,False,False,1,0
TXN_101456,2024-12-11T06:21:00Z,419.55,RTGS,2712,1111,4,5,True,False,1,0
TXN_101959,2024-03-11T15:27:00Z,5424.17,RTGS,377,2960,5,4,False,False,1,0
TXN_101746,2024-12-03T17:33:00Z,1888.19,RTGS,1311,359,3,7,False,False,1,0
TXN_100576,2024-10-25T19:23:00Z,2087.18,NEFT,3073,2361,0,6,False,False,0,0
TXN_100266,2024-02-25T11:03:00Z,7834.02,NEFT,374,588,0,4,False,False,0,0
TXN_101007,2024-11-04T11:36:00Z,5127.32,IMPS,1252,2691,6,2,False,False,1,0
TXN_101927,2024-11-30T17:01:00Z,15762.7,IMPS,1701,3583,1,6,False,False,0,0
TXN_100921,2024-06-27T13:01:00Z,4577.92,RTGS,776,2602,5,5,False,False,1,0
TXN_100953,2024-04-27T13:02:00Z,2028.37,NEFT,456,718,3,9,False,False,1,0
TXN_101620,2024-01-09T20:05:00Z,1164.76,IMPS,2206,417,4,4,False,False,1,0
TXN_100367,2024-11-11T12:37:00Z,3334.69,NEFT,1741,2870,1,1,False,False,0,0
TXN_102492,2024-07-31T12:35:00Z,5366.69,NEFT,721,1658,4,4,False,True,0,0
TXN_100819,2024-07-11T18:57:00Z,2553.82,IMPS,1148,2796,6,9,False,False,1,0
TXN_100375,2024-07-15T20:09:00Z,18626.79,NEFT,2761,3011,6,2,False,False,1,0
TXN_102047,2024-09-24T06:33:00Z,526.4,UPI,3416,2882,2,7,False,False,1,0
TXN_102676,2024-07-30T06:08:00Z,3141.74,UPI,3098,1972,4,8,False,False,1,0
TXN_101254,2024-06-05T09:30:00Z,11781.11,NEFT,2794,2542,2,2,False,False,1,0
TXN_101445,2024-08-02T14:19:00Z,3081.0,NEFT,3072,3645,3,1,False,False,1,0
TXN_101188,2024-07-07T20:27:00Z,18023.98,RTGS,1235,437,1,5,False,False,0,0
TXN_100732,2024-10-13T13:19:00Z,584.99,NEFT,751,825,6,1,False,False,1,0
TXN_102277,2024-05-22T16:41:00Z,650.12,IMPS,684,1612,2,2,False,False,1,0
TXN_101847,2024-08-25T22:55:00Z,3692.72,RTGS,2122,435,7,2,False,False,1,0
TXN_102309,2024-02-25T06:41:00Z,647.59,UPI,3266,203,2,5,False,False,0,0
TXN_101150,2024-08-21T22:21:00Z,41180.1,NEFT,3163,2426,0,4,False,False,1,0
TXN_100520,2024-01-06T12:56:00Z,4584.16,UPI,3052,3058,7,5,False,False,1,0
TXN_100107,2024-05-06T14:38:00Z,3409.39,NEFT,833,2126,4,9,True,False,1,0
TXN_102411,2024-10-18T17:17:00Z,3300.32,UPI,1068,3348,0,8,False,False,0,0
TXN_100984,2024-04-28T10:36:00Z,24801.74,IMPS,3412,1852,6,9,False,False,0,0
TXN_100454,2024-03-28T20:40:00Z,6411.04,RTGS,2711,779,7,9,False,False,0,0
TXN_101397,2024-04-30T09:42:00Z,989.49,IMPS,2710,256,2,3,False,False,1,0
TXN_100919,2024-12-24T14:37:00Z,6936.04,UPI,1485,889,7,3,False,False,1,0
TXN_100157,2024-05-23T09:38:00Z,3490.76,NEFT,2562,2022,6,9,False,False,1,0
TXN_100523,2024-04-13T13:11:00Z,1895.1,UPI,2077,3522,6,7,False,False,1,0
TXN_102796,2024-06-24T08:28:00Z,5092.76,RTGS,1134,156,5,5,False,False,1,0
TXN_102811,2024-02-07T08:33:00Z,12845.35,RTGS,3495,2274,0,8,False,False,1,0
TXN_102190,2024-10-21T19:01:00Z,7236.94,UPI,1316,224,5,8,False,False,0,0
TXN_101776,2024-04-25T06:48:00Z,18986.99,IMPS,389,376,5,1,False,False,1,0
TXN_100048,2024-08-14T20:54:00Z,5103.34,UPI,854,531,1,3,False,False,1,0
TXN_101966,2024-01-13T06:43:00Z,6136.68,IMPS,2478,2933,6,2,False,False,1,0
TXN_102628,2024-05-04T21:46:00Z,18737.34,RTGS,1738,1267,4,4,True,False,1,0
TXN_102948,2024-05-05T12:35:00Z,6764.32,NEFT,3546,3024,29,4,False,True,1,1
TXN_102911,2024-12-20T22:40:00Z,5012.79,RTGS,0,3060,2,1,True,True,1,1
TXN_101707,2024-10-16T17:34:00Z,4477.92,NEFT,746,2200,0,8,False,False,1,0
TXN_101942,2024-10-25T15:41:00Z,2635.09,RTGS,3360,1344,5,3,False,False,1,0
TXN_100662,2024-12-19T09:49:00Z,38417.4,RTGS,1233,787,5,8,False,False,1,0
TXN_102336,2024-12-29T18:19:00Z,2655.66,IMPS,3515,624,1,8,False,False,1,0
TXN_102518,2024-04-05T10:41:00Z,8036.09,IMPS,453,897,6,6,False,True,0,0
TXN_100289,2024-04-04T14:13:00Z,3315.81,UPI,2015,93,3,7,False,False,0,0
TXN_102121,2024-01-21T10:13:00Z,10193.36,IMPS,1169,540,4,3,False,True,1,0
TXN_100901,2024-07-05T14:00:00Z,10541.57,IMPS,3060,3494,3,8,False,False,1,0
TXN_102557,2024-05-23T17:42:00Z,2870.78,NEFT,2837,1617,1,9,False,False,1,0
TXN_101865,2024-10-10T20:31:00Z,3062.75,RTGS,1535,3369,5,6,False,False,0,0
TXN_102969,2024-06-26T03:41:00Z,100154.36,IMPS,144,1069,4,1,False,True,1,1
TXN_102680,2024-06-23T17:00:00Z,9041.27,NEFT,855,967,1,1,False,False,0,0
TXN_102864,2024-04-13T18:21:00Z,37423.98,RTGS,3531,2474,3,7,False,False,0,0
TXN_100195,2024-01-08T16:31:00Z,10816.61,UPI,951,318,6,4,False,False,0,0
TXN_101890,2024-07-13T21:37:00Z,24134.24,NEFT,1516,2165,5,6,False,False,0,0
TXN_102958,2024-04-04T09:13:00Z,2201.51,UPI,2,2999,5,6,True,False,1,1
TXN_100540,2024-11-02T15:47:00Z,595.4,IMPS,2960,1895,6,5,True,False,1,0
TXN_100469,2024-11-27T21:54:00Z,1116.54,IMPS,3071,1501,2,7,False,False,0,0
TXN_102390,2024-10-07T13:02:00Z,2942.98,RTGS,67,3260,2,2,False,False,1,0
TXN_100286,2024-06-08T06:13:00Z,1017.68,UPI,1194,1451,0,7,True,False,1,0
TXN_102491,2024-12-25T16:45:00Z,5782.16,UPI,3502,3377,0,8,False,False,0,0
TXN_100610,2024-03-21T18:32:00Z,1368.57,UPI,3038,3427,1,7,True,False,1,0
TXN_100968,2024-08-01T06:23:00Z,1161.83,NEFT,2295,2333,7,7,False,True,1,0
TXN_101506,2024-10-20T08:42:00Z,10034.79,NEFT,2134,1579,6,2,False,False,0,0
TXN_101263,2024-05-13T10:38:00Z,31967.77,IMPS,2503,1561,5,1,False,False,0,0
TXN_100763,2024-04-15T20:37:00Z,1124.49,NEFT,2745,1008,2,7,False,False,0,0
TXN_101433,2024-08-15T22:15:00Z,7247.07,UPI,284,1739,5,7,False,False,1,0
TXN_100863,2024-05-25T20:44:00Z,71867.62,UPI,912,3105,3,9,False,False,1,0
TXN_100524,2024-11-16T13:12:00Z,1015.08,RTGS,2894,1278,6,2,False,False,0,0
TXN_100708,2024-06-14T13:09:00Z,446.0,UPI,2355,3284,0,1,False,False,1,0
TXN_101164,2024-06-21T21:31:00Z,1201.7,IMPS,1615,2307,6,8,False,False,1,0
TXN_101080,2024-05-27T10:20:00Z,813.69,UPI,3036,3070,7,9,False,False,0,0
TXN_100538,2024-09-19T22:44:00Z,16108.82,NEFT,1259,2454,4,4,False,False,0,0
TXN_100806,2024-01-07T20:24:00Z,2410.97,RTGS,3493,2664,4,5,False,False,1,0
TXN_100567,2024-08-31T16:47:00Z,9174.03,NEFT,3619,1065,3,4,False,False,1,0
TXN_101022,2024-06-01T12:24:00Z,14437.73,NEFT,1588,1472,4,8,False,False,1,0
TXN_101410,2024-09-26T08:44:00Z,6322.9,NEFT,54,394,5,6,False,False,1,0
TXN_102045,2024-03-13T19:22:00Z,16242.61,RTGS,911,803,4,4,False,False,0,0
TXN_102598,2024-04-11T11:51:00Z,4735.45,UPI,121,168,5,3,False,False,1,0
TXN_100853,2024-01-02T16:42:00Z,1018.55,RTGS,362,2653,7,8,True,False,0,0
TXN_100016,2024-05-07T13:20:00Z,22868.22,IMPS,2359,2042,4,4,False,False,0,0
TXN_100705,2024-10-28T20:58:00Z,746.61,IMPS,2155,3244,7,6,False,False,0,0
TXN_100040,2024-08-03T10:41:00Z,5330.29,RTGS,343,978,6,8,False,False,0,0
TXN_100817,2024-07-13T15:30:00Z,1545.75,UPI,2260,913,0,7,False,False,0,0
TXN_101016,2024-09-16T06:43:00Z,14025.44,RTGS,3066,1212,5,1,False,False,1,0
TXN_100791,2024-01-23T18:37:00Z,3751.08,UPI,441,2760,2,7,True,False,0,0
TXN_101534,2024-12-08T13:11:00Z,3839.23,UPI,134,1374,4,3,False,True,0,0
TXN_102035,2024-10-07T11:08:00Z,2757.29,NEFT,3424,2203,4,6,False,False,1,0
TXN_100695,2024-07-18T22:39:00Z,13428.69,IMPS,3050,230,4,7,False,False,1,0
TXN_102825,2024-11-06T09:35:00Z,23507.79,NEFT,629,143,4,8,False,False,1,0
TXN_100066,2024-05-01T21:53:00Z,4924.94,RTGS,1796,492,2,8,False,True,1,0
TXN_102671,2024-11-17T20:07:00Z,7696.93,IMPS,3197,819,7,3,False,False,0,0
TXN_101906,2024-10-06T13:21:00Z,3864.06,UPI,1521,1351,5,3,False,False,0,0
TXN_100378,2024-11-14T07:48:00Z,5319.99,NEFT,1407,2503,7,3,False,False,0,0
TXN_100721,2024-01-10T11:17:00Z,17885.45,NEFT,2607,2451,7,9,False,False,1,0
TXN_100635,2024-11-22T12:15:00Z,1528.65,NEFT,743,300,1,2,False,False,0,0
TXN_100824,2024-01-13T16:10:00Z,2242.72,UPI,708,3137,0,3,True,False,1,0
TXN_102678,2024-06-04T09:41:00Z,32519.45,NEFT,396,1553,5,7,False,False,0,0
TXN_102299,2024-04-10T09:28:00Z,30734.23,UPI,2599,2748,2,4,True,False,0,0
TXN_102745,2024-07-08T06:37:00Z,44200.3,UPI,532,3485,7,3,False,True,0,0
TXN_102649,2024-04-23T11:04:00Z,1507.05,IMPS,2558,1699,5,3,False,False,1,0
TXN_100338,2024-05-07T20:08:00Z,6476.64,NEFT,981,2133,5,7,False,False,0,0
TXN_100095,2024-05-23T20:02:00Z,18652.65,NEFT,350,3212,6,9,False,False,0,0
TXN_101850,2024-06-03T13:22:00Z,1369.08,IMPS,2633,3250,7,6,False,False,1,0
TXN_100684,2024-04-13T06:50:00Z,9635.0,RTGS,2499,3580,3,9,False,False,1,0
TXN_102210,2024-06-09T16:31:00Z,3478.78,UPI,2181,2020,2,4,False,False,0,0
TXN_101544,2024-07-21T12:14:00Z,7927.36,IMPS,774,1067,6,5,False,False,1,0
TXN_101536,2024-01-25T07:49:00Z,6673.33,RTGS,1485,1175,2,6,False,False,1,0
TXN_101338,2024-11-03T22:38:00Z,25072.39,IMPS,2471,2082,6,1,False,False,0,0
TXN_102319,2024-08-30T10:15:00Z,2480.58,NEFT,1174,967,2,3,False,False,1,0
TXN_100668,2024-05-09T19:35:00Z,19736.02,IMPS,1733,3335,3,3,False,False,0,0
TXN_100550,2024-02-18T22:00:00Z,6149.2,RTGS,1712,63,1,4,False,False,0,0
TXN_101520,2024-06-21T22:51:00Z,2812.94,IMPS,1468,3139,5,5,False,False,0,0
TXN_102916,2024-12-05T02:06:00Z,148391.05,RTGS,805,104,4,3,False,False,1,1
TXN_100250,2024-11-07T14:16:00Z,38162.79,NEFT,3127,1772,3,7,False,False,0,0
TXN_101292,2024-05-03T08:15:00Z,22992.62,RTGS,2620,354,7,2,False,True,0,0
TXN_101309,2024-02-11T22:34:00Z,6563.37,RTGS,3071,994,0,5,False,False,0,0
TXN_101570,2024-11-05T12:36:00Z,35221.88,UPI,2255,2084,5,7,False,False,0,0
TXN_102454,2024-01-20T19:15:00Z,4419.83,IMPS,1635,2223,4,8,False,False,1,0
TXN_102525,2024-04-10T07:43:00Z,2079.11,NEFT,2880,483,4,3,False,False,1,0
TXN_101485,2024-02-05T16:17:00Z,635.12,RTGS,3524,1317,2,3,False,False,0,0
TXN_102099,2024-12-07T11:58:00Z,2362.27,IMPS,2622,3030,0,1,False,True,1,0
TXN_102717,2024-01-13T09:11:00Z,3059.69,IMPS,3444,816,6,6,False,False,0,0
TXN_102962,2024-03-20T11:42:00Z,2265.81,UPI,4,1152,0,5,True,False,1,1
TXN_102964,2024-07-02T21:01:00Z,2865.72,NEFT,4,2540,4,4,True,False,0,1
TXN_101618,2024-12-14T06:05:00Z,72875.41,IMPS,2635,1873,0,1,False,False,1,0
TXN_102918,2024-09-23T12:04:00Z,9430.4,IMPS,2,2077,0,9,True,False,0,1
TXN_102682,2024-05-03T15:25:00Z,2713.92,UPI,1586,523,0,7,False,False,0,0
TXN_102765,2024-10-30T09:43:00Z,5412.58,IMPS,2493,1669,2,4,False,False,1,0
TXN_100451,2024-05-11T18:09:00Z,2147.8,NEFT,3529,2600,0,4,False,False,1,0
TXN_102313,2024-08-19T09:18:00Z,6523.69,RTGS,3266,55,0,4,False,False,1,0
TXN_100529,2024-12-26T06:12:00Z,8536.23,RTGS,105,3615,4,8,False,False,0,0
TXN_100508,2024-01-22T06:14:00Z,9609.7,UPI,3344,2540,4,3,False,False,1,0
TXN_101357,2024-05-10T19:42:00Z,9014.44,IMPS,3272,2654,3,5,False,True,0,0
TXN_100275,2024-03-25T08:54:00Z,770.87,RTGS,2566,3010,1,1,False,False,0,0
TXN_102133,2024-09-23T06:26:00Z,2421.02,NEFT,2959,754,7,4,False,False,0,0
TXN_100371,2024-09-06T08:27:00Z,105924.06,IMPS,243,1437,7,9,False,False,1,0
TXN_100632,2024-01-25T22:52:00Z,4633.84,RTGS,1880,1957,3,5,False,False,1,0
TXN_102400,2024-01-08T10:43:00Z,626.69,NEFT,3315,2709,6,9,False,False,0,0
TXN_100578,2024-08-25T13:07:00Z,8560.77,IMPS,3234,1512,6,6,False,False,1,0
TXN_102799,2024-11-13T12:42:00Z,1120.18,UPI,2712,2961,1,8,False,False,1,0
TXN_102440,2024-05-26T06:40:00Z,6953.15,RTGS,2851,3205,7,7,False,False,0,0
TXN_102272,2024-02-27T17:40:00Z,704.57,NEFT,3233,3017,0,1,False,False,1,0
TXN_101925,2024-10-25T22:13:00Z,2438.77,IMPS,933,1818,7,2,False,False,0,0
TXN_100745,2024-03-09T06:07:00Z,24288.78,RTGS,1415,1053,1,5,False,False,0,0
TXN_100704,2024-09-08T21:41:00Z,3235.94,RTGS,2708,1894,5,4,False,False,1,0
TXN_102462,2024-12-27T17:50:00Z,14793.89,RTGS,2122,1328,7,2,False,False,0,0
TXN_102858,2024-03-17T20:46:00Z,1015.11,RTGS,1122,2509,6,5,False,False,1,0
TXN_102076,2024-12-25T10:53:00Z,3229.55,NEFT,2951,1731,0,5,True,False,1,0
TXN_100906,2024-08-11T15:26:00Z,2292.24,NEFT,1410,2308,3,6,False,True,0,0
TXN_100724,2024-02-12T09:22:00Z,15401.53,UPI,2872,2325,4,4,False,False,1,0
TXN_101701,2024-08-05T16:20:00Z,3157.72,UPI,2751,350,7,6,False,False,1,0
TXN_100970,2024-04-14T20:50:00Z,8084.96,NEFT,2275,719,7,6,False,False,0,0
TXN_101268,2024-02-27T22:45:00Z,640.48,RTGS,1161,1561,6,5,False,False,0,0
TXN_101602,2024-03-02T08:55:00Z,8043.27,UPI,1520,2145,0,5,False,False,1,0
TXN_102267,2024-11-22T19:28:00Z,2471.63,IMPS,531,3322,0,7,True,False,0,0
TXN_102405,2024-06-27T18:47:00Z,2206.92,UPI,1693,1577,2,8,False,False,0,0
TXN_100065,2024-01-26T21:56:00Z,1200.09,RTGS,212,801,0,8,False,False,1,0
TXN_100811,2024-07-29T10:37:00Z,17329.02,NEFT,3111,1563,4,5,False,False,1,0
TXN_102614,2024-05-12T20:27:00Z,12671.66,UPI,3433,1492,1,3,False,False,1,0
TXN_101448,2024-03-20T08:43:00Z,16079.02,UPI,1868,2621,0,5,False,False,0,0
TXN_101074,2024-03-13T16:52:00Z,12669.42,IMPS,1162,3588,1,6,False,False,0,0
TXN_100432,2024-10-12T16:18:00Z,1477.28,IMPS,2778,3142,7,3,False,False,0,0
TXN_101633,2024-05-30T10:20:00Z,9859.46,IMPS,3376,1322,6,7,False,False,0,0
TXN_101395,2024-05-07T12:07:00Z,1162.54,RTGS,1084,1798,3,2,False,False,1,0
TXN_101295,2024-09-27T13:31:00Z,535.68,RTGS,1983,412,6,2,False,False,0,0
TXN_101202,2024-09-18T22:19:00Z,47242.35,NEFT,2536,2247,1,2,False,False,0,0
TXN_101210,2024-02-23T14:57:00Z,2885.87,IMPS,2149,3304,2,8,True,False,0,0
TXN_100822,2024-02-06T19:29:00Z,391.4,NEFT,2426,3439,6,3,False,False,1,0
TXN_102612,2024-01-28T14:11:00Z,5432.05,NEFT,3410,3085,7,3,False,False,1,0
TXN_102759,2024-05-24T06:03:00Z,2821.64,UPI,826,1508,3,6,False,False,0,0
TXN_100213,2024-07-15T06:13:00Z,2108.23,RTGS,3424,393,4,3,False,False,0,0
TXN_101490,2024-01-24T20:10:00Z,925.94,NEFT,339,2305,5,9,False,False,0,0
TXN_102187,2024-08-27T18:43:00Z,24668.52,RTGS,1285,2995,3,7,False,False,0,0
TXN_101500,2024-07-23T17:29:00Z,13789.87,RTGS,1519,842,0,8,False,False,0,0
TXN_100441,2024-04-26T22:18:00Z,1183.87,IMPS,1283,786,6,5,False,False,1,0
TXN_102721,2024-07-11T12:15:00Z,11485.56,IMPS,2885,3219,1,3,False,True,0,0
TXN_100143,2024-03-14T14:35:00Z,943.16,UPI,1157,799,6,3,False,False,0,0
TXN_100762,2024-06-25T17:56:00Z,4395.28,NEFT,2884,218,3,5,False,False,0,0
TXN_100778,2024-05-18T13:51:00Z,6987.98,IMPS,2514,1951,3,3,False,False,0,0
TXN_101920,2024-08-30T15:00:00Z,3479.06,RTGS,1384,1805,4,2,False,False,0,0
TXN_102845,2024-06-03T14:31:00Z,26318.45,NEFT,2483,527,2,6,False,False,0,0
TXN_102517,2024-12-08T16:47:00Z,1316.15,RTGS,1931,755,7,1,False,True,1,0
TXN_102420,2024-12-01T17:56:00Z,369.42,UPI,3210,3518,3,1,False,False,1,0
TXN_101801,2024-12-12T11:13:00Z,3906.53,RTGS,2276,3609,4,8,False,False,1,0
TXN_101275,2024-12-06T21:38:00Z,3663.22,RTGS,485,3117,2,7,False,False,1,0
TXN_101679,2024-10-16T07:21:00Z,12273.91,IMPS,2023,2337,4,3,False,False,0,0
TXN_102537,2024-09-23T17:57:00Z,1902.44,UPI,472,1659,4,6,False,True,0,0
TXN_102586,2024-01-28T07:59:00Z,15190.11,IMPS,2332,43,1,4,False,False,1,0
TXN_101181,2024-07-24T20:07:00Z,3922.38,RTGS,3253,2675,3,2,False,True,0,0
TXN_102702,2024-05-13T08:17:00Z,412.27,IMPS,2267,2369,5,3,False,False,1,0
TXN_100364,2024-10-05T10:26:00Z,1584.05,UPI,1360,766,7,4,False,True,0,0
TXN_100790,2024-12-27T08:59:00Z,3379.71,NEFT,658,2815,6,8,False,False,1,0
TXN_100891,2024-10-01T13:17:00Z,1493.57,UPI,166,187,0,2,False,True,1,0
TXN_100136,2024-08-14T17:24:00Z,3358.9,UPI,1970,1346,2,4,False,False,1,0
TXN_101224,2024-05-30T19:00:00Z,9290.31,NEFT,3641,122,5,8,False,True,1,0
TXN_101129,2024-12-11T18:58:00Z,3530.51,UPI,2328,1203,3,2,False,False,1,0
TXN_100196,2024-12-29T18:00:00Z,899.74,RTGS,1465,750,5,6,False,False,1,0
TXN_102957,2024-05-28T13:05:00Z,13563.82,IMPS,3,2222,4,3,True,False,0,1
TXN_101109,2024-05-07T14:01:00Z,4602.26,UPI,1613,215,6,6,False,False,0,0
TXN_101449,2024-02-26T11:09:00Z,72279.94,UPI,1314,558,0,4,False,False,0,0
TXN_100296,2024-09-08T18:45:00Z,8227.06,UPI,368,2400,4,5,False,True,1,0
TXN_100278,2024-01-30T06:37:00Z,2835.89,NEFT,2985,3151,5,9,False,True,1,0
TXN_102082,2024-04-30T14:36:00Z,1444.79,NEFT,3454,777,0,2,False,False,0,0
TXN_102324,2024-12-03T07:54:00Z,5726.5,UPI,3438,64,0,1,False,False,0,0
TXN_101221,2024-01-16T20:52:00Z,6113.1,RTGS,2763,186,6,4,False,False,1,0
TXN_102347,2024-10-07T18:23:00Z,107211.8,NEFT,3151,1466,2,7,False,False,1,0
TXN_102881,2024-05-16T13:18:00Z,15500.68,NEFT,3519,3314,1,5,False,False,0,0
TXN_101404,2024-06-10T18:33:00Z,3002.7,NEFT,3556,157,0,2,False,False,0,0
TXN_100988,2024-03-09T22:19:00Z,636.79,RTGS,722,821,5,1,False,False,1,0
TXN_100339,2024-07-12T12:58:00Z,8139.67,UPI,1770,3164,3,8,False,False,0,0
TXN_101817,2024-05-01T22:44:00Z,6573.59,UPI,45,1434,2,8,False,False,1,0
TXN_102828,2024-04-17T17:17:00Z,11329.66,IMPS,3317,1936,0,6,False,False,1,0
TXN_100439,2024-02-05T15:52:00Z,8695.19,IMPS,2749,1076,1,2,False,False,1,0
TXN_101211,2024-06-05T16:21:00Z,3991.63,UPI,1137,3436,5,8,False,False,1,0
TXN_100017,2024-07-18T16:57:00Z,8061.53,UPI,3172,1949,7,3,False,False,0,0
TXN_101910,2024-12-27T15:07:00Z,1003.78,RTGS,1442,1909,2,7,False,True,0,0
TXN_100839,2024-02-08T14:22:00Z,5433.69,NEFT,2440,1658,4,4,False,False,0,0
TXN_102033,2024-05-25T11:57:00Z,7416.03,UPI,2718,943,1,7,False,False,1,0
TXN_102446,2024-09-24T08:19:00Z,33635.28,UPI,1300,1603,6,1,False,False,1,0
TXN_102570,2024-03-08T13:59:00Z,3415.48,RTGS,450,1938,1,2,False,False,0,0
TXN_102001,2024-06-09T07:35:00Z,18261.48,NEFT,3598,3553,6,4,False,False,0,0
TXN_100659,2024-01-21T10:21:00Z,716.62,UPI,121,1155,5,1,False,False,1,0
TXN_102063,2024-09-01T18:05:00Z,7419.09,UPI,3421,2790,1,9,False,False,0,0
TXN_102934,2024-01-26T02:21:00Z,42769.32,IMPS,3430,1119,4,5,False,False,0,1
TXN_102929,2024-05-29T07:17:00Z,3430.39,RTGS,3204,940,38,8,False,False,1,1
TXN_102066,2024-12-23T08:55:00Z,1143.46,IMPS,1033,2127,1,1,False,False,1,0
TXN_101765,2024-04-01T20:26:00Z,3973.28,UPI,644,1075,7,8,False,False,1,0
TXN_102631,2024-09-30T21:57:00Z,31422.27,UPI,309,2174,0,6,False,False,1,0
TXN_100181,2024-03-28T08:44:00Z,2650.14,RTGS,2769,2755,7,1,False,False,0,0
TXN_100305,2024-06-26T06:44:00Z,15541.47,IMPS,158,2280,1,4,False,False,1,0
TXN_100512,2024-01-20T16:53:00Z,5673.48,UPI,1857,3291,6,1,False,True,1,0
TXN_101055,2024-10-04T09:43:00Z,1768.35,RTGS,1901,3552,1,6,False,False,0,0
TXN_101498,2024-11-23T08:47:00Z,11978.23,RTGS,1995,1663,7,8,False,False,0,0
TXN_101035,2024-01-04T10:27:00Z,25918.81,IMPS,3335,583,7,7,False,False,0,0
TXN_101270,2024-09-05T11:00:00Z,2118.35,RTGS,654,1697,7,6,False,False,1,0
TXN_100211,2024-11-29T19:09:00Z,6852.66,IMPS,112,170,6,5,False,False,0,0
TXN_101020,2024-07-13T15:44:00Z,4681.22,UPI,1629,945,4,6,False,False,1,0
TXN_102982,2024-03-07T13:39:00Z,8000.91,UPI,783,191,33,1,False,False,0,1
TXN_101002,2024-09-02T19:05:00Z,12385.48,RTGS,1405,745,6,1,False,False,0,0
TXN_100776,2024-09-22T18:52:00Z,7036.52,IMPS,174,271,0,7,False,False,1,0
TXN_101609,2024-06-19T09:48:00Z,2965.22,RTGS,2949,3320,6,9,True,False,1,0
TXN_101366,2024-05-11T22:18:00Z,18134.56,NEFT,1586,2868,0,7,False,True,0,0
TXN_101099,2024-07-27T14:48:00Z,37965.59,RTGS,338,2877,1,1,False,False,0,0
TXN_102516,2024-04-01T08:15:00Z,3950.44,NEFT,3284,2135,3,7,True,True,1,0
TXN_100411,2024-03-21T22:51:00Z,3221.04,NEFT,2531,2248,3,6,False,False,0,0
TXN_102673,2024-11-27T15:53:00Z,11140.55,UPI,2157,3485,7,5,False,False,0,0
TXN_100359,2024-04-15T06:01:00Z,46105.78,UPI,1684,2525,2,5,False,False,0,0
TXN_101107,2024-10-24T15:03:00Z,18992.62,UPI,323,990,4,5,False,True,1,0
TXN_101048,2024-03-14T17:02:00Z,1386.58,RTGS,152,298,0,2,True,False,1,0
TXN_102273,2024-12-02T21:39:00Z,26332.9,IMPS,1516,2177,3,8,True,False,0,0
TXN_102325,2024-08-03T15:48:00Z,1014.4,NEFT,349,1942,6,5,False,False,1,0
TXN_102284,2024-06-23T10:54:00Z,5230.47,RTGS,3024,1878,2,1,False,False,1,0
TXN_102638,2024-05-03T10:15:00Z,8813.8,IMPS,687,134,6,8,False,False,0,0
TXN_102384,2024-10-17T09:57:00Z,6487.23,RTGS,1066,3318,7,2,False,False,0,0
TXN_102451,2024-08-21T20:36:00Z,1642.77,NEFT,247,2826,1,8,False,False,1,0
TXN_102645,2024-01-27T17:57:00Z,1381.29,UPI,3436,3033,0,4,False,True,0,0
TXN_102965,2024-05-08T10:56:00Z,1902.46,NEFT,459,1530,26,4,False,False,1,1
TXN_101465,2024-03-26T18:06:00Z,1931.45,RTGS,1001,991,0,4,False,False,1,0
TXN_101388,2024-08-10T13:40:00Z,18212.39,RTGS,1204,3392,7,4,False,False,1,0
TXN_101697,2024-02-07T19:05:00Z,3723.97,IMPS,503,467,2,3,False,False,1,0
TXN_100218,2024-12-05T19:03:00Z,386.34,RTGS,83,723,5,8,False,False,0,0
TXN_100612,2024-03-08T07:32:00Z,745.44,IMPS,2778,2114,6,1,False,False,0,0
TXN_100146,2024-08-24T21:36:00Z,10496.23,IMPS,978,2073,1,5,False,True,1,0
TXN_102872,2024-07-14T08:12:00Z,2158.11,RTGS,3062,3626,1,9,False,False,0,0
TXN_102853,2024-01-07T10:18:00Z,22609.12,UPI,1799,674,4,7,False,False,0,0
TXN_101809,2024-03-14T15:52:00Z,9353.13,IMPS,1334,2175,5,9,False,False,1,0
TXN_102236,2024-06-05T11:33:00Z,2497.79,RTGS,1526,2309,0,2,False,False,0,0
TXN_102150,2024-09-16T13:26:00Z,7928.51,UPI,3084,3453,6,4,False,False,0,0
TXN_102175,2024-11-29T15:34:00Z,20030.93,NEFT,1262,749,7,5,False,False,0,0
TXN_102485,2024-01-23T11:07:00Z,5061.03,NEFT,1088,320,0,3,False,False,0,0
TXN_102939,2024-02-14T20:23:00Z,373.16,NEFT,0,3088,1,1,True,False,0,1
TXN_101347,2024-12-30T16:46:00Z,3849.34,IMPS,1345,3560,4,7,False,False,1,0
TXN_100899,2024-09-20T11:20:00Z,3673.79,UPI,1644,508,3,9,False,False,0,0
TXN_101820,2024-08-20T14:58:00Z,14691.68,RTGS,1935,2145,0,5,False,False,0,0
TXN_101037,2024-02-16T18:24:00Z,5892.01,IMPS,2204,320,7,6,False,False,0,0
TXN_101452,2024-12-24T12:25:00Z,11338.88,IMPS,1386,3087,1,4,False,False,1,0
TXN_102000,2024-03-23T11:03:00Z,1093.54,UPI,655,1286,5,6,False,False,0,0
TXN_100028,2024-07-26T15:33:00Z,18227.16,UPI,1586,572,3,9,False,False,0,0
TXN_100696,2024-02-01T20:12:00Z,2624.84,NEFT,709,115,7,2,False,False,0,0
TXN_100465,2024-09-18T11:53:00Z,3142.63,NEFT,164,866,0,9,False,False,1,0
TXN_101731,2024-09-12T11:59:00Z,6330.16,RTGS,2434,2281,2,8,False,False,0,0
TXN_100955,2024-04-08T15:47:00Z,25965.09,UPI,451,1478,5,3,False,False,1,0
TXN_101844,2024-08-16T14:07:00Z,4705.44,RTGS,3329,2751,7,2,False,False,0,0
TXN_100979,2024-03-28T22:00:00Z,13655.54,NEFT,806,774,3,7,True,False,1,0
TXN_100954,2024-12-30T20:33:00Z,2347.0,NEFT,992,69,6,4,False,False,1,0
TXN_100498,2024-07-31T16:47:00Z,13522.27,RTGS,360,1656,1,6,False,False,0,0
TXN_100977,2024-11-03T17:24:00Z,18112.46,IMPS,287,1943,2,6,False,False,0,0
TXN_101049,2024-06-13T07:48:00Z,6648.97,NEFT,1643,3098,7,5,False,False,0,0
TXN_100337,2024-09-01T10:55:00Z,1223.63,IMPS,2344,789,2,9,True,False,0,0
TXN_100514,2024-02-27T09:50:00Z,61354.01,IMPS,2979,2433,3,8,False,False,0,0
TXN_102412,2024-01-17T09:40:00Z,1735.99,NEFT,1222,809,6,5,False,False,0,0
TXN_102285,2024-02-28T22:45:00Z,881.83,NEFT,590,435,2,5,False,False,1,0
TXN_102172,2024-02-13T16:34:00Z,16144.7,UPI,3625,3437,6,5,False,False,1,0
TXN_101749,2024-06-28T22:59:00Z,1090.19,NEFT,3062,2384,6,3,False,False,0,0
TXN_102607,2024-07-30T11:18:00Z,27063.79,IMPS,1825,1060,1,3,False,False,1,0
TXN_101156,2024-09-12T22:17:00Z,6970.76,IMPS,1532,3415,1,1,False,False,1,0
TXN_102151,2024-06-01T19:46:00Z,2006.95,UPI,921,2274,2,4,False,False,0,0
TXN_102200,2024-01-27T11:30:00Z,6926.28,IMPS,957,207,3,5,False,False,0,0
TXN_102447,2024-09-18T15:41:00Z,5328.7,NEFT,1608,1517,3,9,False,False,1,0
TXN_102434,2024-01-25T21:56:00Z,8988.9,IMPS,432,3602,5,3,False,True,0,0
TXN_102110,2024-11-18T08:03:00Z,13624.81,RTGS,2064,1893,0,8,False,True,0,0
TXN_100386,2024-02-22T20:40:00Z,2354.19,NEFT,535,1659,7,8,False,False,0,0
TXN_102426,2024-02-23T15:05:00Z,1557.52,UPI,732,1272,1,8,False,False,0,0
TXN_101828,2024-10-26T20:03:00Z,9056.5,UPI,591,3407,2,7,False,False,1,0
TXN_100726,2024-03-25T12:19:00Z,2768.32,IMPS,106,1959,6,4,False,False,0,0
TXN_100134,2024-09-30T15:54:00Z,19890.82,RTGS,213,3028,7,1,False,False,0,0
TXN_102972,2024-05-18T07:38:00Z,1750.69,NEFT,1,266,0,5,True,False,1,1
TXN_100883,2024-10-08T13:37:00Z,889.23,UPI,2760,971,7,3,False,False,0,0
TXN_100945,2024-12-03T15:58:00Z,9070.76,NEFT,1642,2686,4,5,False,False,1,0
TXN_102457,2024-09-11T21:40:00Z,4471.85,IMPS,457,3485,1,7,False,False,1,0
TXN_100457,2024-11-17T21:22:00Z,16419.27,RTGS,1273,93,2,8,False,False,0,0
TXN_100880,2024-09-18T13:40:00Z,4188.26,NEFT,1953,3236,6,1,False,False,1,0
TXN_102572,2024-02-23T11:02:00Z,3278.45,UPI,1541,546,7,9,False,False,1,0
TXN_102888,2024-10-14T06:49:00Z,4429.35,IMPS,2170,2076,3,5,False,False,0,0
TXN_100007,2024-02-23T12:14:00Z,18591.95,IMPS,3391,1340,1,5,False,False,0,0
TXN_102701,2024-09-10T09:01:00Z,5873.71,UPI,3484,770,7,1,False,False,0,0
TXN_102163,2024-06-20T22:53:00Z,1681.39,UPI,2674,1205,4,1,False,False,1,0
TXN_100437,2024-05-22T10:24:00Z,3662.31,NEFT,1444,899,0,1,False,False,0,0
TXN_101732,2024-09-21T17:26:00Z,3191.17,UPI,600,710,4,5,False,False,0,0
TXN_102897,2024-06-25T11:23:00Z,8430.17,IMPS,1854,2894,7,5,False,False,0,0
TXN_100326,2024-08-14T17:15:00Z,18972.26,IMPS,2164,1341,6,8,False,False,1,0
TXN_102338,2024-11-10T22:21:00Z,13293.43,NEFT,1033,1943,0,8,False,False,1,0
TXN_100203,2024-05-07T22:06:00Z,1949.13,UPI,1998,1034,0,2,False,False,1,0
TXN_101215,2024-09-25T21:56:00Z,1112.61,NEFT,1041,1221,2,6,True,False,0,0
TXN_101585,2024-01-25T19:18:00Z,1193.98,RTGS,658,1121,1,7,False,True,0,0
TXN_101033,2024-02-28T13:51:00Z,7439.53,IMPS,241,1514,0,6,False,False,0,0
TXN_102054,2024-09-25T19:47:00Z,3320.92,RTGS,2914,2103,3,3,False,False,0,0
TXN_101372,2024-06-28T10:41:00Z,8855.71,UPI,2304,1218,6,4,False,False,0,0
TXN_102080,2024-01-10T09:49:00Z,6919.62,RTGS,1383,430,7,3,True,False,0,0
TXN_102245,2024-11-18T22:43:00Z,1994.22,UPI,844,937,5,1,False,False,0,0
TXN_102859,2024-04-14T11:55:00Z,16537.21,IMPS,1078,2695,4,1,False,False,0,0
TXN_101563,2024-11-23T20:08:00Z,4430.73,RTGS,1267,881,2,2,False,False,0,0
TXN_100352,2024-01-18T18:45:00Z,1468.22,RTGS,3237,3519,7,2,False,False,0,0
TXN_101512,2024-03-28T06:54:00Z,1342.63,UPI,1707,2227,4,8,False,False,0,0
TXN_100380,2024-11-25T06:09:00Z,1918.76,RTGS,1987,1802,1,4,False,False,1,0
TXN_101769,2024-01-22T21:27:00Z,4466.16,NEFT,627,827,7,2,False,False,1,0
TXN_101789,2024-11-12T10:07:00Z,785.67,RTGS,1376,2599,7,5,False,False,1,0
TXN_102826,2024-07-09T19:15:00Z,1446.7,RTGS,302,2832,5,2,False,False,0,0
TXN_101716,2024-08-08T18:13:00Z,41776.1,NEFT,2876,3289,6,2,False,False,1,0
TXN_101794,2024-09-03T11:50:00Z,3006.6,NEFT,1309,2559,0,5,False,False,0,0
TXN_100718,2024-10-01T14:23:00Z,934.71,IMPS,2897,1422,0,3,True,False,0,0
TXN_101386,2024-11-26T18:05:00Z,2521.61,NEFT,1942,1488,2,3,False,False,0,0
TXN_100966,2024-10-09T16:16:00Z,7716.44,NEFT,1613,2545,2,9,False,False,0,0
TXN_100800,2024-09-20T09:01:00Z,2014.85,IMPS,2043,1468,5,7,False,False,1,0
TXN_100537,2024-05-07T19:13:00Z,1192.8,NEFT,1664,2505,5,5,True,True,1,0
TXN_100938,2024-09-27T19:16:00Z,12408.64,RTGS,2142,107,6,9,False,False,0,0
TXN_101458,2024-01-09T16:26:00Z,25109.65,NEFT,3006,3554,2,3,False,True,1,0
TXN_101051,2024-04-23T06:06:00Z,32384.33,IMPS,2616,3084,7,6,False,True,1,0
TXN_101608,2024-05-29T18:35:00Z,1139.67,NEFT,2052,2851,1,1,False,False,0,0
TXN_102869,2024-12-08T12:56:00Z,1244.52,IMPS,1980,2708,6,6,False,False,1,0
TXN_102132,2024-03-16T16:39:00Z,14549.12,UPI,968,399,2,4,False,False,0,0
TXN_101479,2024-05-22T18:52:00Z,20657.54,RTGS,2006,3186,7,3,False,False,0,0
TXN_101396,2024-12-17T18:46:00Z,12132.36,RTGS,764,1053,7,1,False,False,1,0
TXN_100510,2024-05-23T21:17:00Z,2525.85,NEFT,2230,3108,4,3,False,False,1,0
TXN_102191,2024-01-02T09:40:00Z,4506.89,NEFT,285,3431,4,5,True,False,1,0
TXN_100130,2024-01-19T16:36:00Z,65711.53,RTGS,933,247,3,7,False,False,0,0
TXN_102489,2024-06-17T17:39:00Z,16866.39,UPI,3635,449,0,3,False,False,1,0
TXN_100269,2024-12-22T07:38:00Z,2389.12,RTGS,1073,2513,4,4,False,False,1,0
TXN_102072,2024-03-17T16:05:00Z,1378.29,IMPS,3272,1657,2,3,False,False,0,0
TXN_102642,2024-07-24T13:38:00Z,5003.78,IMPS,2941,2622,0,6,False,False,1,0
TXN_101011,2024-11-14T20:23:00Z,334.6,UPI,92,3460,4,6,False,False,0,0
TXN_102367,2024-02-24T22:39:00Z,2572.87,UPI,2919,3274,2,1,False,False,1,0
TXN_102079,2024-07-17T08:07:00Z,1447.7,UPI,2109,1663,2,8,False,False,1,0
TXN_102990,2024-05-13T15:55:00Z,41947.73,UPI,1431,892,37,2,False,False,0,1
TXN_102499,2024-02-12T15:23:00Z,2420.22,UPI,48,700,7,8,False,False,0,0
TXN_100124,2024-10-31T12:49:00Z,3090.36,IMPS,1837,2895,4,6,False,False,0,0
TXN_101783,2024-08-22T14:58:00Z,1249.82,UPI,98,1351,3,9,False,False,0,0
TXN_100303,2024-11-08T22:16:00Z,4767.72,RTGS,966,535,5,7,False,False,1,0
TXN_101522,2024-06-14T16:48:00Z,4951.92,IMPS,115,1761,1,1,False,False,0,0
TXN_101710,2024-05-20T14:59:00Z,956.89,NEFT,2304,3298,7,4,False,False,0,0
TXN_102606,2024-04-01T11:34:00Z,59819.79,IMPS,3343,390,3,9,False,False,1,0
TXN_100031,2024-11-26T20:29:00Z,2187.15,NEFT,2739,3642,7,7,False,True,0,0
TXN_102597,2024-08-30T08:10:00Z,6910.82,UPI,2624,3426,1,5,False,False,1,0
TXN_101759,2024-09-02T11:54:00Z,6843.93,IMPS,2902,816,4,4,False,False,1,0
TXN_101191,2024-09-19T10:09:00Z,4048.3,IMPS,2785,1975,1,3,False,False,1,0
TXN_100281,2024-05-14T16:50:00Z,1970.91,IMPS,727,2548,7,9,False,False,1,0
TXN_101529,2024-06-19T10:19:00Z,3418.71,UPI,598,1471,0,6,False,False,1,0
TXN_101102,2024-10-30T17:19:00Z,3551.99,NEFT,881,2977,2,5,False,False,0,0
TXN_100598,2024-07-14T18:30:00Z,7932.77,RTGS,2654,1697,2,4,False,False,1,0
TXN_100881,2024-12-11T08:55:00Z,2704.83,RTGS,116,2244,6,5,False,False,0,0
TXN_100608,2024-07-12T09:31:00Z,2847.52,IMPS,983,1624,7,5,False,False,1,0
TXN_102316,2024-08-02T08:34:00Z,1949.6,RTGS,889,92,5,1,False,True,0,0
TXN_101103,2024-06-15T14:19:00Z,5653.07,RTGS,2707,345,2,5,False,False,1,0
TXN_102399,2024-04-26T08:10:00Z,5739.62,IMPS,1350,1710,1,8,False,False,0,0
TXN_101085,2024-07-06T09:44:00Z,9275.11,IMPS,1981,427,5,8,False,False,0,0
TXN_102081,2024-08-07T07:27:00Z,2580.28,UPI,2385,503,4,2,False,True,1,0
TXN_100170,2024-08-18T16:17:00Z,21034.29,UPI,2509,1851,6,2,False,False,1,0
TXN_100795,2024-05-23T20:11:00Z,5623.39,RTGS,1709,1785,1,4,False,False,1,0
TXN_100373,2024-04-20T17:05:00Z,7381.25,IMPS,1734,504,3,5,False,False,0,0
TXN_102337,2024-08-01T14:13:00Z,10378.21,NEFT,1042,1481,1,8,False,False,1,0
TXN_100929,2024-01-26T18:28:00Z,128621.31,UPI,2712,3086,0,7,False,True,1,0
TXN_101863,2024-07-11T19:46:00Z,992.37,IMPS,268,3199,2,9,False,False,1,0
TXN_101645,2024-08-05T09:42:00Z,1076.93,UPI,2201,1391,0,8,False,False,1,0
TXN_100193,2024-11-13T12:38:00Z,16308.9,NEFT,2599,3385,5,6,False,False,0,0
TXN_102342,2024-02-08T09:57:00Z,16864.09,UPI,609,258,4,5,False,False,0,0
TXN_101841,2024-03-28T11:39:00Z,2218.64,IMPS,1440,2793,7,2,False,False,0,0
TXN_100734,2024-09-13T20:04:00Z,2084.89,UPI,2289,3633,1,1,False,True,1,0
TXN_101070,2024-07-24T08:34:00Z,6577.73,UPI,2245,2093,0,1,False,False,1,0
TXN_100982,2024-06-05T17:29:00Z,1636.23,UPI,2330,1542,1,5,False,False,1,0
TXN_101489,2024-03-25T16:02:00Z,891.29,UPI,2629,3137,4,9,False,False,1,0
TXN_102153,2024-12-14T14:19:00Z,11992.85,UPI,540,505,6,7,False,False,0,0
TXN_100628,2024-08-07T22:35:00Z,1814.43,IMPS,3042,665,2,2,False,False,1,0
TXN_100422,2024-01-20T10:42:00Z,10123.56,NEFT,2819,2789,4,8,False,False,1,0
TXN_100678,2024-04-03T10:49:00Z,1200.43,IMPS,3116,1966,0,2,False,False,1,0
TXN_101261,2024-06-15T17:50:00Z,6838.89,IMPS,2724,1253,2,4,False,False,0,0
TXN_101708,2024-05-02T19:10:00Z,4362.16,NEFT,1813,3276,6,3,True,False,1,0
TXN_102802,2024-12-16T18:31:00Z,4848.68,RTGS,2315,2567,2,1,False,True,1,0
TXN_101530,2024-03-04T22:12:00Z,4508.53,NEFT,2933,264,4,6,False,False,1,0
TXN_100781,2024-06-23T08:58:00Z,24738.72,UPI,171,383,7,3,True,False,1,0
TXN_100258,2024-04-29T12:08:00Z,12756.07,UPI,2323,1016,0,1,False,True,1,0
TXN_102867,2024-11-04T11:39:00Z,10049.66,RTGS,2645,2319,4,4,False,False,0,0
TXN_101474,2024-10-25T17:49:00Z,2055.37,UPI,3633,2563,2,8,False,False,0,0
TXN_101153,2024-01-24T07:41:00Z,1081.86,RTGS,1481,2471,4,8,False,False,0,0
TXN_101476,2024-10-03T08:23:00Z,1881.11,NEFT,3436,306,2,1,True,False,0,0
TXN_101167,2024-05-07T15:24:00Z,49499.52,IMPS,2848,1175,0,5,False,True,0,0
TXN_102302,2024-08-13T17:42:00Z,2577.4,UPI,3397,205,0,8,False,True,1,0
TXN_101946,2024-09-27T22:39:00Z,848.89,NEFT,2067,1441,4,1,False,False,1,0
TXN_101462,2024-06-08T10:49:00Z,6241.64,RTGS,1178,3496,4,8,False,False,1,0
TXN_102895,2024-01-25T13:29:00Z,4572.79,UPI,272,1701,4,7,False,True,0,0
TXN_101982,2024-10-14T18:17:00Z,444.59,RTGS,1505,2318,7,6,False,False,1,0
TXN_101114,2024-03-30T16:09:00Z,7931.72,RTGS,2280,3055,0,8,False,False,0,0
TXN_102048,2024-12-16T18:38:00Z,18019.91,IMPS,1676,3171,1,6,False,False,1,0
TXN_102580,2024-03-15T07:22:00Z,2659.88,UPI,148,3329,2,6,False,False,0,0
TXN_102944,2024-03-22T08:38:00Z,1083.66,RTGS,2,1339,0,4,True,False,0,1
TXN_102615,2024-05-23T08:50:00Z,6233.48,UPI,327,2899,2,2,False,False,1,0
TXN_102189,2024-05-06T09:36:00Z,5923.33,IMPS,2164,2063,2,1,False,False,0,0
TXN_101571,2024-06-18T15:28:00Z,3424.43,NEFT,1102,3295,4,4,False,False,0,0
TXN_101673,2024-07-09T18:08:00Z,5957.0,IMPS,2002,3415,7,9,False,False,1,0
TXN_102327,2024-02-20T11:27:00Z,8513.41,UPI,1852,1410,3,7,False,False,0,0
TXN_101283,2024-02-28T17:46:00Z,17602.28,RTGS,1576,220,0,8,False,True,1,0
TXN_101368,2024-10-25T16:33:00Z,4525.31,UPI,2526,3141,5,5,False,False,1,0
TXN_101831,2024-10-23T21:21:00Z,8453.13,IMPS,2441,3588,2,4,False,False,1,0
TXN_101904,2024-02-23T06:47:00Z,2929.3,UPI,848,458,2,8,False,False,1,0
TXN_101145,2024-12-03T17:00:00Z,5259.27,UPI,1653,110,2,2,False,False,1,0
TXN_102818,2024-02-04T22:34:00Z,739.25,NEFT,516,330,6,5,False,False,0,0
TXN_102129,2024-01-01T09:56:00Z,8581.17,UPI,1032,1925,7,6,False,False,0,0
TXN_102058,2024-09-08T22:10:00Z,5784.61,RTGS,3643,3073,0,5,False,False,0,0
TXN_102838,2024-06-21T08:58:00Z,8122.51,NEFT,3577,1914,0,4,False,False,0,0
TXN_101296,2024-06-23T13:04:00Z,3178.18,UPI,1653,3197,0,9,False,False,0,0
TXN_100926,2024-03-16T17:08:00Z,10355.55,IMPS,2218,3438,2,5,False,False,0,0
TXN_101660,2024-10-08T21:09:00Z,11731.2,RTGS,519,2744,7,9,False,False,0,0
TXN_101284,2024-04-16T15:58:00Z,4098.59,NEFT,1509,2565,1,6,False,False,1,0
TXN_102401,2024-01-10T21:22:00Z,4383.14,RTGS,167,1800,6,8,False,False,0,0
TXN_101009,2024-03-15T13:54:00Z,6497.64,NEFT,819,1414,6,6,False,False,0,0
TXN_101233,2024-02-10T07:19:00Z,4183.58,IMPS,2756,2948,5,5,True,False,1,0
TXN_102786,2024-07-05T06:19:00Z,4084.56,NEFT,3290,3470,1,5,False,False,1,0
TXN_100542,2024-12-06T07:40:00Z,2189.48,NEFT,1208,92,3,9,False,False,0,0
TXN_101689,2024-03-31T11:34:00Z,22313.99,IMPS,817,871,5,4,False,False,0,0
TXN_100985,2024-08-12T08:45:00Z,1833.83,RTGS,137,2407,3,8,False,False,0,0
TXN_102883,2024-09-12T06:25:00Z,2284.71,UPI,179,2062,0,6,False,False,0,0
TXN_102841,2024-07-18T12:48:00Z,291.23,RTGS,1727,3161,2,5,False,False,1,0
TXN_102266,2024-04-24T13:06:00Z,1733.31,RTGS,2560,692,0,8,False,False,0,0
TXN_102819,2024-10-08T14:20:00Z,19725.03,NEFT,2037,167,0,4,False,False,0,0
TXN_101375,2024-06-10T16:01:00Z,9892.76,UPI,2572,2506,3,9,False,False,0,0
TXN_101247,2024-12-26T11:54:00Z,1827.21,NEFT,2755,229,2,1,False,False,0,0
TXN_100349,2024-04-21T18:31:00Z,5543.21,RTGS,347,902,0,9,False,False,0,0
TXN_102670,2024-10-11T09:21:00Z,7285.85,NEFT,2707,579,4,6,False,False,1,0
TXN_102148,2024-01-13T20:30:00Z,17847.11,RTGS,143,1864,3,5,False,False,1,0
TXN_102078,2024-06-24T16:13:00Z,2921.66,RTGS,766,159,1,6,False,False,0,0
TXN_100125,2024-12-10T20:47:00Z,2948.83,RTGS,932,1354,5,7,False,False,1,0
TXN_101849,2024-04-06T21:58:00Z,1834.87,IMPS,2324,1094,6,3,False,False,1,0
TXN_100603,2024-06-17T19:26:00Z,2100.93,IMPS,2813,2816,1,1,False,False,0,0
TXN_100233,2024-10-22T22:22:00Z,25535.18,IMPS,146,2725,7,2,False,False,1,0
TXN_100127,2024-03-06T07:49:00Z,2477.82,IMPS,817,2292,1,2,False,False,1,0
TXN_100263,2024-01-03T10:09:00Z,35623.18,NEFT,3620,2301,7,3,False,False,1,0
TXN_101345,2024-05-02T14:55:00Z,4492.51,IMPS,324,2785,6,7,False,False,0,0
TXN_102091,2024-02-11T19:11:00Z,1014.82,RTGS,2406,2288,3,8,False,False,1,0
TXN_101340,2024-06-13T22:11:00Z,10948.53,NEFT,1950,2451,7,1,False,False,1,0
TXN_100034,2024-02-09T11:24:00Z,2463.61,IMPS,2407,3389,6,3,False,False,0,0
TXN_102069,2024-02-02T19:32:00Z,3593.1,IMPS,277,2251,1,6,False,False,1,0
TXN_100166,2024-07-25T20:01:00Z,25109.8,IMPS,1813,2062,5,2,False,False,0,0
TXN_101272,2024-01-07T08:27:00Z,2763.75,NEFT,1489,755,0,7,False,False,0,0
TXN_102348,2024-03-28T08:55:00Z,1006.71,IMPS,1725,714,6,5,False,False,1,0
TXN_102261,2024-06-17T07:10:00Z,4460.25,UPI,283,754,2,9,False,False,0,0
TXN_102868,2024-01-26T20:49:00Z,7201.46,RTGS,2412,298,2,5,False,False,1,0
TXN_101213,2024-10-05T18:37:00Z,13084.73,NEFT,2051,360,4,7,False,False,1,0
TXN_102061,2024-02-15T08:04:00Z,4639.25,IMPS,2922,2743,2,1,False,False,0,0
TXN_101767,2024-11-24T12:43:00Z,11274.37,NEFT,403,223,3,8,False,False,0,0
TXN_100898,2024-10-04T12:49:00Z,10379.65,IMPS,2812,2060,6,7,False,False,1,0
TXN_102030,2024-10-01T20:05:00Z,4318.2,NEFT,2564,2735,2,5,False,False,0,0
TXN_102764,2024-02-11T20:57:00Z,1634.11,NEFT,1269,1500,1,2,False,False,1,0
TXN_101548,2024-08-07T17:22:00Z,6787.63,IMPS,1383,397,3,3,False,False,1,0
TXN_102303,2024-07-24T12:52:00Z,4200.92,UPI,1714,2447,0,7,False,False,1,0
TXN_101239,2024-12-19T13:04:00Z,3302.09,IMPS,1981,386,5,5,False,False,1,0
TXN_102185,2024-03-15T18:08:00Z,337.29,NEFT,2268,1528,4,3,False,True,1,0
TXN_100282,2024-02-14T13:32:00Z,17076.42,IMPS,3253,2599,6,5,False,True,0,0
TXN_100314,2024-12-15T20:40:00Z,14741.43,UPI,1980,1495,6,1,False,False,1,0
TXN_100717,2024-03-13T12:48:00Z,1481.32,RTGS,1667,633,6,1,True,False,0,0
TXN_102234,2024-10-20T18:29:00Z,2236.94,UPI,580,1826,3,1,False,False,0,0
TXN_101745,2024-10-18T13:17:00Z,308.58,NEFT,39,3065,7,5,False,False,1,0
TXN_100434,2024-04-19T16:43:00Z,1029.96,NEFT,2331,336,6,2,False,False,0,0
TXN_100069,2024-11-14T18:34:00Z,2950.29,UPI,1690,2144,7,5,False,True,1,0
TXN_100207,2024-01-31T11:32:00Z,8284.81,RTGS,1077,2950,7,8,False,False,1,0
TXN_102263,2024-03-15T13:32:00Z,17584.34,NEFT,3355,2808,4,9,False,False,1,0
TXN_101244,2024-07-02T13:27:00Z,8652.38,UPI,1029,1843,3,4,False,False,1,0
TXN_101082,2024-10-09T16:49:00Z,1869.33,RTGS,2012,1297,2,7,False,False,1,0
TXN_102714,2024-06-10T15:04:00Z,24668.4,NEFT,1700,3517,6,6,False,True,1,0
TXN_102719,2024-01-04T17:58:00Z,41970.09,UPI,2763,2815,5,8,False,False,1,0
TXN_102812,2024-08-23T11:30:00Z,2106.85,NEFT,3634,1654,6,4,False,False,1,0
TXN_102720,2024-05-23T16:21:00Z,6480.08,RTGS,1417,1741,5,3,False,True,0,0
TXN_102579,2024-08-04T14:23:00Z,160783.19,IMPS,1778,2138,5,9,False,False,0,0
TXN_102318,2024-10-20T11:10:00Z,794.41,UPI,501,2022,5,6,False,False,0,0
TXN_100035,2024-02-28T19:22:00Z,8538.42,IMPS,2269,1990,1,1,False,False,1,0
TXN_100636,2024-03-14T16:38:00Z,1459.37,RTGS,1237,178,2,3,False,False,0,0
TXN_100733,2024-05-26T17:59:00Z,16271.01,RTGS,1994,1066,3,9,False,False,0,0
TXN_101190,2024-09-08T07:54:00Z,1539.05,RTGS,823,2831,1,1,False,True,0,0
TXN_101180,2024-12-30T07:02:00Z,15266.23,IMPS,819,1950,0,7,False,False,1,0
TXN_101705,2024-12-12T09:25:00Z,3241.01,RTGS,2465,860,1,2,True,False,1,0
TXN_101923,2024-02-25T08:58:00Z,1545.98,UPI,2398,1671,4,8,True,False,1,0
TXN_102605,2024-01-20T08:46:00Z,4342.91,NEFT,3227,980,7,5,False,False,1,0
TXN_102470,2024-11-06T22:13:00Z,458.07,IMPS,2278,1042,0,3,False,False,1,0
TXN_102927,2024-03-13T07:56:00Z,6860.87,NEFT,0,3332,7,2,True,True,0,1
TXN_101647,2024-07-12T17:20:00Z,5675.16,IMPS,1460,2464,3,8,False,False,0,0
TXN_102112,2024-12-07T19:50:00Z,1542.69,UPI,1534,3040,6,2,False,True,1,0
TXN_100810,2024-07-02T11:24:00Z,3337.95,IMPS,2714,3089,2,6,False,False,0,0
TXN_101323,2024-04-09T12:51:00Z,7761.16,UPI,478,2503,2,3,False,False,1,0
TXN_102438,2024-12-13T12:34:00Z,14889.55,UPI,271,1858,5,4,False,False,0,0
TXN_100755,2024-01-16T19:07:00Z,4448.35,UPI,3441,3547,7,7,False,False,0,0
TXN_100590,2024-03-17T11:17:00Z,2363.77,UPI,3648,2564,1,3,False,False,1,0
TXN_101757,2024-03-27T13:52:00Z,5569.9,IMPS,1517,902,7,5,False,False,1,0
TXN_101932,2024-03-31T13:47:00Z,6188.29,IMPS,683,1832,0,2,False,False,1,0
TXN_101165,2024-11-28T16:19:00Z,2898.39,IMPS,2453,843,7,1,False,False,0,0
TXN_102583,2024-08-21T11:39:00Z,63532.19,IMPS,569,1815,2,4,False,True,0,0
TXN_102677,2024-04-10T22:39:00Z,901.44,UPI,1289,3537,0,7,False,False,1,0
TXN_101505,2024-07-02T13:46:00Z,5326.36,NEFT,3483,2242,4,6,False,False,1,0
TXN_101383,2024-09-04T20:38:00Z,5403.15,RTGS,760,1773,3,6,True,False,1,0
TXN_100310,2024-03-24T08:21:00Z,16635.12,NEFT,108,3560,3,2,False,False,1,0
TXN_100180,2024-03-24T14:07:00Z,4283.14,NEFT,799,848,5,3,False,False,1,0
TXN_102848,2024-03-19T22:35:00Z,7077.96,IMPS,2106,398,7,5,False,False,0,0
TXN_102478,2024-01-16T16:37:00Z,22480.86,RTGS,1074,2367,0,3,False,False,1,0
TXN_102406,2024-07-15T07:42:00Z,2089.01,RTGS,1650,881,0,1,False,False,1,0
TXN_102700,2024-02-29T12:16:00Z,3733.2,UPI,1273,2511,4,7,False,False,1,0
TXN_100008,2024-08-10T12:42:00Z,15817.0,RTGS,3054,3634,7,8,False,False,0,0
TXN_102481,2024-02-26T21:00:00Z,1720.44,NEFT,1856,419,6,9,False,False,0,0
TXN_101658,2024-08-25T17:36:00Z,5825.31,UPI,1098,858,7,6,False,False,0,0
TXN_101518,2024-02-25T18:31:00Z,3861.41,RTGS,159,424,7,8,False,True,1,0
TXN_100756,2024-12-20T21:44:00Z,5749.49,NEFT,1838,2012,3,8,False,False,0,0
TXN_100666,2024-10-12T13:23:00Z,10253.45,NEFT,1908,1664,3,2,False,False,0,0
TXN_100832,2024-05-16T06:31:00Z,1198.38,NEFT,3212,872,5,5,False,False,1,0
TXN_100477,2024-09-05T16:52:00Z,6723.74,RTGS,336,1540,5,5,False,False,1,0
TXN_100060,2024-10-10T08:44:00Z,1078.7,RTGS,2908,2317,1,6,False,False,0,0
TXN_101401,2024-11-11T07:33:00Z,2058.61,RTGS,1063,2623,5,7,False,False,0,0
TXN_101933,2024-08-30T22:46:00Z,6682.08,RTGS,130,1932,7,1,False,False,0,0
TXN_100327,2024-06-12T08:26:00Z,1746.75,IMPS,1595,2116,0,3,False,False,1,0
TXN_102395,2024-08-05T11:59:00Z,6859.38,NEFT,3341,1724,2,7,False,False,0,0
TXN_102752,2024-03-01T22:40:00Z,8864.07,RTGS,726,2215,7,7,False,False,1,0
TXN_100936,2024-01-29T09:09:00Z,2478.17,IMPS,1881,1938,3,5,True,True,1,0
TXN_102475,2024-09-21T19:18:00Z,30649.19,RTGS,1293,2678,6,8,False,True,1,0
TXN_101970,2024-01-12T16:43:00Z,60113.7,IMPS,1866,2330,5,9,False,False,0,0
TXN_100172,2024-07-13T13:19:00Z,2215.07,IMPS,40,2486,3,3,False,False,0,0
TXN_102594,2024-03-25T22:24:00Z,7900.75,RTGS,945,68,4,6,False,False,0,0
TXN_102256,2024-08-28T14:53:00Z,7531.53,IMPS,1859,799,1,4,False,False,1,0
TXN_102689,2024-07-15T20:59:00Z,561.36,IMPS,3356,533,2,3,False,False,1,0
TXN_102199,2024-06-09T12:42:00Z,14368.9,UPI,1333,895,0,6,False,False,0,0
TXN_102751,2024-10-21T13:35:00Z,1679.55,RTGS,391,879,2,5,False,False,1,0
TXN_102566,2024-02-11T15:11:00Z,1446.0,RTGS,3637,506,5,8,False,True,0,0
TXN_100638,2024-11-22T13:54:00Z,17695.07,NEFT,2251,2503,2,8,False,False,0,0
TXN_101552,2024-11-25T12:41:00Z,2788.63,RTGS,683,1627,7,8,False,False,0,0
TXN_101569,2024-05-31T10:06:00Z,28794.98,NEFT,1161,1235,5,7,False,False,0,0
TXN_101408,2024-01-17T07:40:00Z,4195.85,NEFT,378,1512,2,4,False,False,1,0
TXN_101053,2024-06-02T06:42:00Z,14229.65,UPI,3460,1904,4,8,False,False,1,0
TXN_101084,2024-05-17T20:49:00Z,1067.35,RTGS,2083,2205,2,4,False,True,1,0
TXN_102942,2024-07-01T12:42:00Z,7043.71,IMPS,0,3266,2,5,True,False,0,1
TXN_101068,2024-01-15T08:45:00Z,7996.49,NEFT,1061,3563,7,5,False,False,0,0
TXN_102767,2024-03-20T08:25:00Z,36437.95,NEFT,2925,383,5,1,False,False,0,0
TXN_100917,2024-04-15T14:13:00Z,1950.68,RTGS,429,3223,3,9,False,False,1,0
TXN_100983,2024-07-23T08:02:00Z,20446.31,RTGS,1716,3230,7,2,False,False,1,0
TXN_100719,2024-07-12T08:04:00Z,26541.78,UPI,2191,457,0,7,True,False,1,0
TXN_100673,2024-06-08T20:27:00Z,29903.11,UPI,2334,3095,4,1,False,False,1,0
TXN_102068,2024-04-16T22:38:00Z,111.92,RTGS,1893,2813,3,1,False,True,0,0
TXN_101815,2024-09-23T06:42:00Z,9346.14,NEFT,1532,2237,2,4,False,False,1,0
TXN_102409,2024-11-11T16:21:00Z,402.44,UPI,385,3529,6,1,False,False,0,0
TXN_100240,2024-05-28T07:13:00Z,11387.26,IMPS,3359,2861,2,9,False,False,1,0
TXN_100825,2024-08-20T18:22:00Z,5248.93,IMPS,659,2646,5,6,False,False,1,0
TXN_100739,2024-10-03T06:06:00Z,8315.7,IMPS,3190,3189,5,9,False,False,1,0
TXN_101161,2024-09-29T10:10:00Z,1349.48,RTGS,1697,2363,1,3,True,False,1,0
TXN_101384,2024-12-27T08:24:00Z,4148.61,UPI,710,1408,0,7,False,False,1,0
TXN_101674,2024-05-16T20:42:00Z,3694.98,UPI,309,1640,1,6,False,False,0,0
TXN_101617,2024-10-07T09:26:00Z,10456.6,IMPS,2849,1841,5,8,False,False,0,0
TXN_100706,2024-10-24T08:48:00Z,44431.66,NEFT,183,2433,7,2,False,False,1,0
TXN_100104,2024-09-13T16:16:00Z,31253.8,UPI,1629,3483,5,8,False,False,0,0
TXN_102973,2024-08-02T17:14:00Z,94.16,RTGS,3,2653,4,3,True,False,0,1
TXN_101307,2024-10-11T08:50:00Z,41769.39,IMPS,2524,2512,2,7,False,False,1,0
TXN_100910,2024-09-11T10:07:00Z,6766.14,UPI,1638,2419,0,9,False,False,1,0
TXN_102813,2024-03-29T10:20:00Z,2434.11,IMPS,478,2019,2,6,False,False,0,0
TXN_102744,2024-01-27T15:53:00Z,51639.4,UPI,1475,2288,4,8,False,False,1,0
TXN_100593,2024-05-30T16:48:00Z,11037.32,RTGS,1039,2823,2,8,False,False,1,0
TXN_101542,2024-07-25T07:22:00Z,45521.97,RTGS,2578,3115,3,4,True,False,0,0
TXN_100904,2024-01-24T17:49:00Z,2447.57,NEFT,53,1804,7,7,False,False,0,0
TXN_101770,2024-02-02T07:21:00Z,4073.76,NEFT,3154,689,5,9,False,False,1,0
TXN_100809,2024-06-07T22:43:00Z,274.39,UPI,2514,1936,1,8,False,False,0,0
TXN_101044,2024-12-12T14:08:00Z,4219.07,NEFT,532,2695,0,4,False,True,1,0
TXN_100135,2024-03-27T17:19:00Z,848.11,UPI,3261,283,4,5,False,False,0,0
TXN_102307,2024-09-12T18:04:00Z,4305.68,UPI,3338,297,5,7,False,False,0,0
TXN_101286,2024-12-24T14:11:00Z,5355.36,NEFT,1377,2753,1,3,False,False,0,0
TXN_102182,2024-07-15T11:55:00Z,9765.75,IMPS,3022,734,3,4,False,False,0,0
TXN_100630,2024-03-05T16:56:00Z,9439.03,IMPS,1581,1107,5,3,False,False,0,0
TXN_102528,2024-10-01T06:46:00Z,1463.38,NEFT,2567,2806,6,4,False,False,1,0
TXN_102242,2024-09-09T15:57:00Z,7877.49,NEFT,1988,508,7,5,False,False,1,0
TXN_102901,2024-05-15T18:07:00Z,1877.98,NEFT,1785,1142,1,4,False,False,0,0
TXN_102247,2024-04-19T21:09:00Z,6761.9,IMPS,2554,1528,4,7,False,False,1,0
TXN_102087,2024-11-01T08:34:00Z,2221.76,RTGS,1769,1895,0,5,False,False,0,0
TXN_100292,2024-08-19T15:57:00Z,10980.91,NEFT,230,3083,2,7,False,True,0,0
TXN_102472,2024-07-15T19:32:00Z,11847.76,RTGS,2729,748,0,7,False,False,0,0
TXN_100129,2024-11-17T18:21:00Z,5038.37,RTGS,764,2351,5,1,False,False,1,0
TXN_100397,2024-12-15T06:35:00Z,52376.09,RTGS,3250,2803,6,8,False,False,0,0
TXN_101974,2024-05-23T10:50:00Z,5580.74,RTGS,2358,618,6,6,False,False,0,0
TXN_100964,2024-03-29T08:25:00Z,50724.64,IMPS,190,2616,4,1,False,False,0,0
TXN_100843,2024-03-21T10:06:00Z,6991.21,RTGS,2253,1905,1,4,False,False,0,0
TXN_100154,2024-10-25T21:27:00Z,4292.98,NEFT,3366,2033,5,5,False,False,1,0
TXN_102535,2024-12-09T14:51:00Z,2503.34,RTGS,308,155,2,4,False,False,1,0
TXN_101027,2024-01-11T15:11:00Z,7411.2,UPI,1385,910,3,9,False,False,1,0
TXN_102238,2024-09-01T18:53:00Z,8598.48,RTGS,3169,2623,7,3,False,False,1,0
TXN_102889,2024-11-21T22:46:00Z,8582.63,NEFT,2889,2570,6,5,False,True,0,0
TXN_101597,2024-03-10T09:22:00Z,8331.04,IMPS,580,1750,7,7,False,False,1,0
TXN_101312,2024-12-25T19:05:00Z,329.09,IMPS,894,876,7,9,False,False,1,0
TXN_101218,2024-04-05T21:32:00Z,544.04,IMPS,2720,2535,0,8,False,False,0,0
TXN_101026,2024-02-15T15:38:00Z,11001.51,IMPS,707,441,5,3,False,False,1,0
TXN_100216,2024-07-24T08:45:00Z,3325.37,NEFT,865,1699,7,2,False,False,1,0
TXN_101090,2024-05-11T08:10:00Z,2328.88,IMPS,2244,597,2,4,False,False,1,0
TXN_101681,2024-02-05T21:10:00Z,10178.97,RTGS,116,516,6,8,False,True,0,0
TXN_102687,2024-12-24T22:50:00Z,15865.27,NEFT,2673,1013,1,9,False,True,1,0
TXN_100963,2024-01-17T07:26:00Z,8108.76,RTGS,624,2316,1,4,False,True,0,0
TXN_101065,2024-01-11T14:31:00Z,12533.81,IMPS,1228,313,4,6,False,False,1,0
TXN_101866,2024-07-28T10:01:00Z,8980.15,NEFT,2720,2818,7,2,False,False,0,0
TXN_102007,2024-10-07T19:22:00Z,1272.02,RTGS,2749,1225,4,2,False,False,1,0
TXN_101325,2024-10-13T12:59:00Z,5125.15,RTGS,1942,1088,3,4,False,False,1,0
TXN_102208,2024-08-26T07:10:00Z,2499.94,RTGS,2284,2439,3,8,False,False,0,0
TXN_101736,2024-01-24T20:14:00Z,5413.35,RTGS,2422,1197,5,4,False,False,0,0
TXN_101264,2024-12-27T14:14:00Z,25696.92,IMPS,1099,2635,1,4,False,False,0,0
TXN_102435,2024-09-21T22:20:00Z,22379.71,NEFT,1309,1437,6,4,False,False,1,0
TXN_101541,2024-12-01T21:34:00Z,1419.79,RTGS,1637,457,4,5,False,False,0,0
TXN_101662,2024-03-21T19:53:00Z,46225.52,IMPS,3049,1957,4,4,False,False,0,0
TXN_102363,2024-06-13T11:21:00Z,1289.92,IMPS,1444,1210,7,2,False,False,1,0
TXN_101204,2024-09-05T08:51:00Z,4103.99,IMPS,2969,547,5,3,False,False,1,0
TXN_102259,2024-01-08T20:45:00Z,854.43,UPI,1258,3184,2,7,False,False,0,0
TXN_102563,2024-01-18T06:15:00Z,19914.37,RTGS,2438,1582,1,5,False,False,1,0
TXN_100614,2024-12-26T16:37:00Z,2646.96,UPI,35,1207,6,9,False,False,1,0
TXN_101537,2024-10-04T14:57:00Z,4196.45,IMPS,3358,3032,2,3,False,False,0,0
TXN_101201,2024-12-26T15:12:00Z,7237.29,IMPS,2830,1717,0,8,False,False,0,0
TXN_101034,2024-05-13T08:56:00Z,1378.89,RTGS,3303,2154,0,9,False,False,1,0
TXN_101909,2024-06-05T14:35:00Z,5293.33,NEFT,2416,3545,6,6,False,False,1,0
TXN_101632,2024-04-20T13:56:00Z,31852.22,RTGS,1661,2566,0,8,True,False,1,0
TXN_100210,2024-07-30T06:58:00Z,1322.45,IMPS,2971,83,6,2,False,False,1,0
TXN_100640,2024-05-08T08:22:00Z,13359.13,RTGS,315,3598,2,5,False,False,1,0
TXN_100108,2024-06-23T19:06:00Z,22691.2,IMPS,2794,161,3,9,False,False,0,0
TXN_102298,2024-03-01T16:04:00Z,15076.29,UPI,2695,2818,5,3,False,False,0,0
TXN_102156,2024-07-05T07:01:00Z,65979.14,NEFT,1445,1341,6,7,False,False,0,0
TXN_102410,2024-01-15T14:00:00Z,18918.37,RTGS,2125,1465,7,1,False,False,1,0
TXN_101589,2024-01-13T13:57:00Z,291.95,IMPS,327,2788,1,1,False,False,1,0
TXN_101359,2024-12-15T17:33:00Z,9083.15,UPI,1515,485,0,9,False,False,1,0
TXN_101371,2024-11-13T16:18:00Z,2885.33,IMPS,563,1720,1,7,False,True,1,0
TXN_101995,2024-12-16T22:40:00Z,4893.68,UPI,1876,1576,5,2,False,False,1,0
TXN_102496,2024-08-24T10:08:00Z,3288.52,UPI,861,2051,1,7,False,False,1,0
TXN_101557,2024-03-24T11:42:00Z,10883.53,UPI,3108,1335,6,7,False,False,0,0
TXN_101704,2024-03-03T14:11:00Z,30659.7,RTGS,3619,2418,7,9,False,False,1,0
TXN_102220,2024-08-04T22:45:00Z,5880.52,IMPS,57,3247,4,4,False,False,1,0
TXN_102834,2024-09-12T09:07:00Z,6032.74,RTGS,3106,1100,3,6,False,False,1,0
TXN_101742,2024-07-02T19:32:00Z,6614.14,RTGS,2378,346,5,5,False,False,1,0
TXN_100761,2024-06-24T11:37:00Z,2648.5,RTGS,2055,281,0,9,False,False,0,0
TXN_102937,2024-05-10T13:55:00Z,2376.02,RTGS,2009,644,34,1,False,False,1,1
TXN_101573,2024-10-07T18:55:00Z,3798.91,IMPS,2632,1022,2,8,False,False,0,0
TXN_102029,2024-08-12T19:59:00Z,8218.26,NEFT,639,1157,6,8,False,False,1,0
TXN_101855,2024-09-21T19:40:00Z,200.18,RTGS,1287,761,5,9,False,False,0,0
TXN_102738,2024-12-20T15:11:00Z,3515.17,UPI,1480,3519,3,2,False,False,0,0
TXN_101112,2024-02-21T20:31:00Z,6107.09,IMPS,44,1160,2,9,False,False,0,0
TXN_100543,2024-12-27T22:55:00Z,1311.91,RTGS,1689,1407,4,7,True,False,1,0
TXN_102763,2024-09-22T11:01:00Z,6160.8,IMPS,2528,2150,1,4,False,False,1,0
TXN_101511,2024-06-06T20:24:00Z,29194.54,UPI,2742,3012,3,4,False,False,0,0
TXN_102404,2024-02-15T16:24:00Z,5594.72,NEFT,1802,2529,7,2,False,False,0,0
TXN_102981,2024-06-05T21:05:00Z,1132.33,UPI,2,759,4,3,True,False,0,1
TXN_102943,2024-03-21T10:51:00Z,3520.46,RTGS,338,3498,4,49,False,False,0,1
TXN_102791,2024-10-25T09:37:00Z,9477.07,NEFT,2852,173,0,1,False,False,0,0
TXN_102571,2024-01-06T08:44:00Z,4609.41,IMPS,1576,456,2,6,False,True,0,0
TXN_101975,2024-11-13T22:50:00Z,9882.84,NEFT,3277,2090,3,9,True,False,1,0
TXN_101862,2024-11-14T09:27:00Z,2466.02,NEFT,1871,2515,2,8,False,False,1,0
TXN_100145,2024-11-06T14:10:00Z,4068.69,NEFT,551,1871,1,9,False,False,0,0
TXN_102114,2024-07-28T20:15:00Z,3091.69,UPI,458,3180,3,2,False,False,0,0
TXN_101965,2024-09-21T22:15:00Z,4752.16,RTGS,1638,2301,2,3,False,False,0,0
TXN_102857,2024-10-07T22:45:00Z,1299.95,IMPS,3382,2636,0,2,False,False,1,0
TXN_100941,2024-06-21T18:15:00Z,14949.55,NEFT,2640,2738,5,7,False,True,1,0
TXN_100589,2024-12-03T11:04:00Z,5400.92,RTGS,1883,3232,3,3,False,False,1,0
TXN_101041,2024-11-01T10:14:00Z,4223.8,RTGS,420,1425,7,7,False,False,1,0
TXN_100285,2024-06-28T13:08:00Z,4368.81,NEFT,349,429,1,9,False,False,0,0
TXN_101046,2024-03-28T14:49:00Z,2530.26,RTGS,2951,2702,7,4,False,False,1,0
TXN_101163,2024-01-23T11:43:00Z,8800.37,RTGS,2630,1032,0,6,False,False,0,0
TXN_101755,2024-08-14T22:57:00Z,27335.67,UPI,2987,3060,3,3,False,True,1,0
TXN_102846,2024-03-27T19:50:00Z,2922.86,RTGS,1399,1455,7,8,False,False,1,0
TXN_102986,2024-05-16T04:21:00Z,118857.23,NEFT,863,2385,3,1,False,False,1,1
TXN_102993,2024-11-19T12:18:00Z,8858.81,UPI,1089,1113,3,25,False,False,0,1
TXN_101169,2024-05-19T21:14:00Z,2649.56,RTGS,3454,131,7,2,False,True,0,0
TXN_102471,2024-08-20T17:30:00Z,4845.92,UPI,2832,1305,1,5,False,False,0,0
TXN_100404,2024-08-31T16:42:00Z,12996.86,IMPS,396,1798,0,1,False,False,0,0
TXN_100343,2024-02-08T19:47:00Z,19441.0,NEFT,417,3079,0,5,False,False,0,0
TXN_100729,2024-03-07T14:57:00Z,651.83,NEFT,1674,3236,6,8,False,False,1,0
TXN_100320,2024-06-08T15:31:00Z,321.93,RTGS,2963,3571,3,7,False,False,1,0
TXN_101314,2024-03-09T15:17:00Z,3661.82,RTGS,1937,1018,4,9,False,False,0,0
TXN_101198,2024-08-01T21:00:00Z,4806.58,UPI,1982,1730,1,3,False,False,1,0
TXN_101208,2024-08-12T08:46:00Z,2068.5,RTGS,3081,733,7,4,False,False,0,0
TXN_100788,2024-04-20T18:29:00Z,1425.97,RTGS,2707,2982,6,8,False,False,0,0
TXN_100344,2024-03-17T19:43:00Z,5405.89,NEFT,1150,3395,7,3,False,False,0,0
TXN_102885,2024-01-02T14:30:00Z,1395.1,RTGS,2302,3213,0,6,False,False,1,0
TXN_100855,2024-01-06T07:50:00Z,722.28,RTGS,3228,610,7,5,False,False,0,0
TXN_102196,2024-07-26T18:02:00Z,15829.65,RTGS,3232,1551,0,2,False,False,0,0
TXN_100885,2024-11-23T19:29:00Z,11842.94,NEFT,3227,1441,2,7,False,False,1,0
TXN_100030,2024-01-23T21:56:00Z,70631.55,UPI,2085,1364,7,7,False,False,1,0
TXN_101593,2024-10-01T15:47:00Z,7513.74,NEFT,168,1124,7,7,False,False,0,0
TXN_101058,2024-06-08T09:30:00Z,15240.79,UPI,1153,447,5,8,False,False,0,0
TXN_101656,2024-01-28T21:21:00Z,5078.18,NEFT,1324,583,2,8,False,False,0,0
TXN_101994,2024-03-05T15:07:00Z,2839.65,UPI,1841,2130,0,3,False,True,1,0
TXN_100920,2024-07-09T12:33:00Z,5413.31,RTGS,1423,2521,7,3,False,False,1,0
TXN_102936,2024-08-06T20:02:00Z,24686.04,IMPS,3044,1872,19,9,False,False,0,1
TXN_101392,2024-11-04T12:27:00Z,39574.49,RTGS,1463,3367,3,3,False,False,1,0
TXN_102959,2024-06-17T20:28:00Z,66284.6,UPI,3061,3401,35,6,False,False,0,1
TXN_102037,2024-05-17T11:09:00Z,7728.12,UPI,1549,1537,0,5,False,False,0,0
TXN_100691,2024-09-29T08:10:00Z,5482.16,IMPS,144,1643,5,5,False,False,1,0
TXN_102870,2024-06-17T09:05:00Z,1887.14,UPI,835,1940,3,2,False,False,1,0
TXN_100573,2024-03-30T15:46:00Z,26237.29,UPI,664,1812,1,6,False,False,1,0
TXN_100823,2024-04-16T21:52:00Z,5136.24,UPI,1772,82,7,5,False,False,0,0
TXN_102143,2024-07-13T13:47:00Z,4590.48,RTGS,3432,2994,1,7,False,False,1,0
TXN_102181,2024-01-01T11:22:00Z,1671.58,UPI,777,972,4,4,False,True,1,0
TXN_102100,2024-03-24T10:21:00Z,6290.43,NEFT,911,456,0,4,False,False,0,0
TXN_102065,2024-09-13T12:05:00Z,12899.16,RTGS,143,759,4,6,False,False,1,0
TXN_100169,2024-01-31T13:52:00Z,5526.42,NEFT,2595,2986,1,1,False,False,1,0
TXN_102793,2024-02-23T08:27:00Z,8104.66,IMPS,3396,295,6,9,False,False,0,0
TXN_100279,2024-07-05T07:40:00Z,633.34,RTGS,3319,330,0,7,False,True,1,0
TXN_102600,2024-03-21T20:06:00Z,977.3,RTGS,3141,648,4,8,False,False,1,0
TXN_100581,2024-11-30T10:42:00Z,1428.57,RTGS,3361,1004,4,9,False,False,0,0
TXN_101370,2024-10-31T11:21:00Z,4112.77,UPI,440,1563,2,3,False,False,1,0
TXN_102547,2024-11-22T16:04:00Z,2493.75,NEFT,1630,1854,6,6,False,True,1,0
TXN_102593,2024-04-11T18:46:00Z,11083.44,NEFT,1088,1238,5,4,True,False,0,0
TXN_101793,2024-04-21T10:57:00Z,4659.36,NEFT,1365,2914,5,3,False,True,0,0
TXN_101508,2024-07-30T14:45:00Z,2576.85,NEFT,240,1298,4,5,False,False,0,0
TXN_100363,2024-08-17T14:03:00Z,13430.64,IMPS,2791,1860,7,2,False,False,1,0
TXN_101194,2024-03-24T15:43:00Z,3012.69,NEFT,566,2286,0,7,False,False,0,0
TXN_100913,2024-08-15T19:57:00Z,689.77,NEFT,243,597,6,1,False,False,0,0
TXN_101115,2024-07-04T13:42:00Z,12695.17,NEFT,2886,142,2,9,False,False,0,0
TXN_101010,2024-12-11T08:10:00Z,7841.99,IMPS,3636,1492,5,8,False,False,1,0
TXN_102699,2024-12-22T19:48:00Z,3596.66,RTGS,2812,2345,7,7,False,False,1,0
TXN_101251,2024-12-03T12:00:00Z,2325.09,NEFT,1055,1453,0,4,False,False,1,0
TXN_101883,2024-06-03T17:55:00Z,13690.08,NEFT,2445,1278,1,2,False,False,0,0
TXN_101346,2024-09-16T15:17:00Z,22288.28,UPI,254,2570,1,3,False,False,1,0
TXN_100544,2024-08-06T06:31:00Z,3226.36,IMPS,3339,3316,5,5,False,False,1,0
TXN_101758,2024-06-22T22:42:00Z,983.11,IMPS,1492,3074,4,5,False,False,0,0
TXN_102490,2024-02-26T12:32:00Z,392.71,NEFT,1239,1325,4,2,False,False,0,0
TXN_102349,2024-06-16T11:17:00Z,12099.39,IMPS,2230,1304,2,2,False,False,1,0
TXN_101629,2024-12-04T09:55:00Z,66958.21,NEFT,3329,3389,3,5,False,False,0,0
TXN_100221,2024-12-03T18:04:00Z,6244.85,IMPS,2609,694,1,5,False,False,0,0
TXN_100830,2024-04-21T13:57:00Z,17473.23,IMPS,2627,2316,4,1,False,True,0,0
TXN_101807,2024-02-23T17:32:00Z,5519.59,IMPS,1942,157,6,7,False,False,0,0
TXN_101472,2024-07-06T19:41:00Z,199.04,IMPS,1905,1930,7,7,False,False,1,0
TXN_100792,2024-01-06T13:41:00Z,3334.38,IMPS,2815,1833,7,5,False,False,0,0
TXN_101197,2024-12-11T10:49:00Z,935.14,RTGS,286,612,1,5,False,False,1,0
TXN_101586,2024-09-25T16:08:00Z,5346.4,RTGS,2672,2266,5,3,False,False,0,0
TXN_102415,2024-07-23T11:14:00Z,2434.5,RTGS,2239,1683,2,5,False,False,1,0
TXN_102803,2024-02-01T17:45:00Z,44304.64,IMPS,2938,2216,5,1,False,False,1,0
TXN_100394,2024-06-14T20:35:00Z,3440.98,NEFT,2084,483,0,8,False,False,1,0
TXN_102358,2024-08-14T09:02:00Z,1258.73,IMPS,439,3522,3,1,False,False,0,0
TXN_101800,2024-06-02T22:07:00Z,13049.11,NEFT,1828,1043,0,9,False,True,0,0
TXN_100462,2024-02-11T22:40:00Z,81753.2,NEFT,3005,556,0,7,True,False,0,0
TXN_101182,2024-05-18T11:58:00Z,12534.53,UPI,796,325,6,2,False,False,1,0
TXN_100412,2024-11-29T08:53:00Z,1304.97,IMPS,797,3508,3,9,False,False,0,0
TXN_101833,2024-10-20T18:00:00Z,3692.07,IMPS,3440,1568,6,7,False,False,0,0
TXN_101878,2024-10-03T11:31:00Z,7362.82,UPI,2228,971,0,7,False,False,0,0
TXN_102654,2024-04-05T12:17:00Z,35416.42,UPI,2827,3317,4,1,False,True,0,0
TXN_102831,2024-03-06T06:14:00Z,2222.5,IMPS,1430,887,4,3,False,False,0,0
TXN_101773,2024-08-30T20:13:00Z,1585.46,UPI,2741,931,7,2,False,False,1,0
TXN_102173,2024-10-05T12:07:00Z,23107.53,NEFT,3353,3167,2,7,False,False,0,0
TXN_100574,2024-06-22T16:00:00Z,4360.0,NEFT,1847,3090,0,6,False,True,1,0
TXN_101577,2024-09-04T22:52:00Z,15593.08,RTGS,3398,2007,4,9,False,False,0,0
TXN_100482,2024-08-21T15:14:00Z,3788.72,RTGS,3340,1476,5,8,False,False,0,0
TXN_101454,2024-12-22T19:27:00Z,3841.17,RTGS,3332,2586,5,2,False,False,1,0
TXN_102203,2024-08-07T08:01:00Z,25821.18,RTGS,2442,1537,1,3,False,False,0,0
TXN_102873,2024-01-29T20:20:00Z,8745.91,UPI,2250,1923,1,6,False,False,0,0
TXN_100264,2024-04-17T18:36:00Z,2697.24,RTGS,2490,74,4,6,False,True,1,0
TXN_102373,2024-07-21T20:54:00Z,1144.64,NEFT,3524,2707,4,7,False,False,1,0
TXN_100991,2024-07-02T10:30:00Z,3052.82,NEFT,650,141,0,8,False,False,0,0
TXN_100669,2024-03-09T14:27:00Z,3277.91,IMPS,2646,105,2,5,False,False,0,0
TXN_101899,2024-07-12T07:10:00Z,3981.78,NEFT,1628,2602,1,1,False,False,0,0
TXN_102970,2024-11-17T16:49:00Z,4808.83,UPI,2962,3570,7,23,False,False,1,1
TXN_100507,2024-12-29T16:40:00Z,9805.23,UPI,2055,472,0,5,False,False,0,0
TXN_102985,2024-07-11T12:19:00Z,34884.03,NEFT,2125,2407,2,59,False,False,0,1
TXN_101300,2024-09-03T07:52:00Z,733.43,UPI,1363,2207,6,2,False,False,0,0
TXN_102527,2024-12-12T17:12:00Z,17285.33,RTGS,3296,1112,2,5,False,False,1,0
TXN_101822,2024-08-30T15:20:00Z,4419.1,NEFT,1499,3143,5,5,False,True,1,0
TXN_101625,2024-06-24T13:04:00Z,6660.68,UPI,2111,1161,1,5,False,False,1,0
TXN_100787,2024-08-12T21:42:00Z,9906.68,IMPS,2926,769,2,1,False,False,1,0
TXN_101391,2024-02-17T14:03:00Z,1162.86,NEFT,3621,929,7,6,False,False,0,0
TXN_100548,2024-08-07T16:39:00Z,1039.58,IMPS,2415,3086,0,3,False,False,1,0
TXN_101216,2024-06-06T10:49:00Z,2974.08,IMPS,2366,2480,6,2,False,False,0,0
TXN_102930,2024-10-14T12:57:00Z,3255.05,UPI,4,2875,6,3,True,False,0,1
TXN_101158,2024-01-21T15:40:00Z,2839.95,UPI,126,1903,6,7,False,False,1,0
TXN_101825,2024-03-09T20:43:00Z,922.06,RTGS,2911,2045,4,5,False,True,0,0
TXN_102393,2024-04-24T10:00:00Z,31003.96,IMPS,1693,1056,4,9,False,False,0,0
TXN_100376,2024-05-07T19:07:00Z,24554.91,UPI,1906,1480,2,6,False,False,1,0
TXN_101784,2024-06-16T22:27:00Z,4666.83,NEFT,3448,205,5,4,False,False,1,0
TXN_102684,2024-10-17T19:06:00Z,14100.82,IMPS,395,2092,7,7,False,False,1,0
TXN_102094,2024-04-23T09:57:00Z,3013.88,NEFT,706,48,5,6,False,False,0,0
TXN_102147,2024-07-28T18:42:00Z,42841.8,IMPS,781,873,0,3,False,False,0,0
TXN_102748,2024-10-27T18:48:00Z,9599.56,NEFT,2407,2952,1,8,False,False,1,0
TXN_101587,2024-06-29T21:26:00Z,982.12,RTGS,948,2180,1,2,False,False,1,0
TXN_102997,2024-08-12T20:15:00Z,7545.09,IMPS,2,2334,3,1,True,True,1,1
TXN_101031,2024-03-10T12:35:00Z,3255.43,NEFT,261,471,4,6,False,False,1,0
TXN_101176,2024-11-14T11:44:00Z,4418.69,NEFT,1308,2744,1,4,False,False,0,0
TXN_100164,2024-11-22T17:11:00Z,3926.46,IMPS,3102,521,4,4,False,False,1,0
TXN_101774,2024-05-27T15:12:00Z,16534.02,RTGS,1554,990,0,3,False,False,1,0
TXN_102996,2024-07-24T08:49:00Z,2969.74,RTGS,3,338,6,9,True,False,0,1
TXN_100940,2024-09-14T06:34:00Z,3085.98,NEFT,2281,1768,5,4,False,False,0,0
TXN_101288,2024-06-27T14:24:00Z,37689.48,NEFT,3569,2971,6,8,False,False,1,0
TXN_101132,2024-06-08T14:00:00Z,3048.9,UPI,738,2659,5,5,False,False,1,0
TXN_100547,2024-05-24T19:09:00Z,14022.14,IMPS,2260,2459,3,9,False,False,1,0
TXN_101771,2024-06-03T10:07:00Z,11575.81,IMPS,291,2809,5,6,False,False,0,0
TXN_100754,2024-04-01T15:50:00Z,6448.26,RTGS,2966,2776,5,9,False,False,1,0
TXN_101905,2024-09-29T09:29:00Z,2206.43,RTGS,3549,1968,4,1,False,False,1,0
TXN_100860,2024-07-14T19:22:00Z,4589.15,RTGS,3599,1728,6,7,False,False,1,0
TXN_102915,2024-06-01T13:25:00Z,3897.69,NEFT,4,90,7,9,True,False,0,1
TXN_100361,2024-05-25T09:17:00Z,1016.1,RTGS,2161,3326,3,8,False,False,1,0
TXN_102686,2024-05-15T19:50:00Z,9507.43,RTGS,1304,2882,5,5,False,False,1,0
TXN_101496,2024-01-25T22:04:00Z,7033.85,IMPS,1105,597,0,2,False,False,1,0
TXN_102377,2024-02-08T11:20:00Z,2905.31,UPI,257,2387,7,9,False,False,0,0
TXN_100101,2024-08-27T08:28:00Z,5854.06,IMPS,3137,34,3,3,False,False,0,0
TXN_102439,2024-01-31T22:26:00Z,3644.5,RTGS,1725,1440,6,5,False,False,1,0
TXN_101936,2024-08-07T10:01:00Z,8563.5,RTGS,797,2883,4,9,False,False,0,0
TXN_101896,2024-11-20T17:46:00Z,8317.88,NEFT,2033,2288,0,3,False,False,1,0
TXN_102692,2024-12-12T21:04:00Z,1438.98,NEFT,2662,2084,1,7,False,True,0,0
TXN_101042,2024-01-28T14:57:00Z,2454.15,UPI,2217,2862,6,8,False,False,1,0
TXN_102419,2024-10-17T11:19:00Z,715.42,RTGS,2366,2197,2,7,False,True,0,0
TXN_101005,2024-04-03T20:58:00Z,4958.46,RTGS,2104,3584,5,8,False,False,0,0
TXN_101718,2024-07-20T17:12:00Z,3972.35,UPI,1320,976,1,1,False,False,1,0
TXN_100971,2024-06-08T21:37:00Z,15639.4,RTGS,219,2243,7,4,False,False,0,0
TXN_102264,2024-06-26T19:31:00Z,4292.78,UPI,2079,276,7,3,False,False,0,0
TXN_102013,2024-03-20T10:07:00Z,4848.97,UPI,1544,2225,6,3,False,False,0,0
TXN_102581,2024-06-13T17:58:00Z,19232.18,UPI,2682,3505,1,5,False,False,0,0
TXN_102387,2024-02-17T13:05:00Z,41496.61,RTGS,1371,242,0,7,False,False,0,0
TXN_101200,2024-08-02T20:01:00Z,3948.15,RTGS,2824,1280,2,3,False,False,0,0
TXN_101100,2024-08-29T20:29:00Z,2685.76,NEFT,1332,875,7,9,False,False,1,0
TXN_102292,2024-09-19T19:33:00Z,3017.42,NEFT,3262,1517,4,6,False,False,1,0
TXN_102549,2024-11-30T20:18:00Z,1007.21,RTGS,51,3319,1,2,False,False,1,0
TXN_100056,2024-01-11T13:38:00Z,2395.18,IMPS,239,3185,1,8,False,False,1,0
TXN_101667,2024-03-28T09:33:00Z,18707.15,RTGS,34,3170,4,1,False,False,1,0
TXN_101902,2024-04-16T12:12:00Z,13691.28,IMPS,3190,1340,0,8,False,False,0,0
TXN_100265,2024-11-28T16:24:00Z,33558.14,IMPS,1445,2823,1,3,False,False,0,0
TXN_101495,2024-01-04T20:40:00Z,1016.0,IMPS,2370,2324,6,9,False,False,1,0
TXN_100836,2024-04-30T17:46:00Z,14031.9,RTGS,2026,682,7,5,False,False,1,0
TXN_102334,2024-07-27T14:33:00Z,16954.79,RTGS,430,287,3,7,False,False,0,0
TXN_102966,2024-07-23T11:24:00Z,6852.51,RTGS,0,1896,0,9,True,False,0,1
TXN_102894,2024-06-06T16:00:00Z,63516.43,IMPS,3323,230,6,7,True,False,1,0
TXN_102817,2024-05-14T17:37:00Z,3390.31,NEFT,3346,3640,1,2,False,False,1,0
TXN_100611,2024-02-20T10:15:00Z,3569.58,RTGS,2157,2980,1,6,True,False,1,0
TXN_102357,2024-03-26T10:28:00Z,6782.68,RTGS,2228,1915,3,3,False,False,0,0
TXN_100389,2024-03-15T21:56:00Z,1126.15,NEFT,3150,1253,7,4,False,False,1,0
TXN_102967,2024-04-26T15:25:00Z,48880.39,IMPS,1714,2811,28,6,False,False,1,1
TXN_100346,2024-05-11T17:59:00Z,2860.53,RTGS,2359,2155,4,1,False,False,1,0
TXN_101301,2024-05-11T19:32:00Z,1792.55,IMPS,1223,1561,1,6,False,False,0,0
TXN_100962,2024-02-09T06:44:00Z,3541.98,RTGS,1989,2914,6,3,False,False,1,0
TXN_101028,2024-12-10T18:59:00Z,11628.96,NEFT,1921,3618,5,4,False,True,1,0
TXN_100854,2024-07-28T08:05:00Z,2619.84,NEFT,2946,929,2,6,False,False,1,0
TXN_102444,2024-07-04T20:11:00Z,4789.21,UPI,1768,1904,7,9,False,False,1,0
TXN_101566,2024-10-16T12:27:00Z,3303.88,UPI,1805,481,6,6,False,True,0,0
TXN_101528,2024-10-12T21:52:00Z,19494.15,IMPS,3172,1316,5,2,False,False,1,0
TXN_101630,2024-02-04T20:03:00Z,129191.13,IMPS,3223,1292,2,1,False,False,1,0
TXN_102548,2024-02-23T11:31:00Z,1475.06,IMPS,2718,1051,4,9,False,False,1,0
TXN_101241,2024-10-09T10:10:00Z,6477.21,NEFT,3608,2382,5,3,False,False,0,0
TXN_102995,2024-09-30T20:45:00Z,1954.2,NEFT,1885,3029,1,52,False,False,0,1
TXN_100184,2024-03-01T19:37:00Z,4669.72,IMPS,3206,3054,7,6,False,False,1,0
TXN_102345,2024-03-27T17:50:00Z,2481.25,RTGS,636,3546,7,4,False,False,1,0
TXN_102020,2024-07-13T16:35:00Z,4777.24,IMPS,1760,2439,3,3,True,False,0,0
TXN_102968,2024-10-20T21:54:00Z,2022.18,NEFT,1,869,4,6,True,False,0,1
TXN_102880,2024-07-30T08:04:00Z,73442.82,IMPS,972,712,6,4,True,False,0,0
TXN_101019,2024-02-09T12:41:00Z,3234.39,IMPS,739,1952,5,8,False,False,1,0
TXN_102117,2024-10-27T13:00:00Z,20752.07,RTGS,2206,3423,1,8,False,False,0,0
TXN_101235,2024-11-29T14:00:00Z,4124.42,NEFT,3279,1523,4,6,False,False,0,0
TXN_102195,2024-05-30T12:57:00Z,19487.03,IMPS,1906,432,1,9,False,False,0,0
TXN_100677,2024-02-21T19:07:00Z,14314.49,IMPS,3602,2944,6,1,False,False,1,0
TXN_100231,2024-06-07T16:22:00Z,3756.08,IMPS,2943,1499,2,6,False,False,0,0
TXN_101808,2024-08-28T21:41:00Z,383.41,NEFT,1505,305,2,4,False,False,1,0
TXN_102823,2024-02-20T14:38:00Z,5319.3,UPI,1762,1419,5,9,False,False,1,0
TXN_100271,2024-08-02T18:41:00Z,29089.88,IMPS,1730,1598,7,3,False,False,1,0
TXN_101119,2024-01-07T20:40:00Z,5688.61,UPI,3044,1465,1,5,False,False,0,0
TXN_101077,2024-02-29T12:58:00Z,51758.96,RTGS,1093,2940,5,4,False,False,1,0
TXN_102015,2024-01-02T07:54:00Z,1374.41,UPI,1197,3350,7,1,False,True,0,0
TXN_101926,2024-04-12T20:42:00Z,14798.11,IMPS,2604,2933,0,9,False,False,0,0
TXN_102887,2024-08-09T13:32:00Z,8992.56,RTGS,3584,819,3,3,False,False,1,0
TXN_100395,2024-03-02T15:10:00Z,1290.4,UPI,1681,81,7,9,False,True,0,0
TXN_102932,2024-09-02T19:10:00Z,1094.3,UPI,0,2846,6,3,True,False,0,1
TXN_101768,2024-11-20T19:30:00Z,10968.88,IMPS,3331,2215,5,4,False,False,1,0
TXN_100774,2024-09-19T13:31:00Z,2892.32,RTGS,2324,518,3,2,False,False,1,0
TXN_101387,2024-01-13T18:44:00Z,446.7,IMPS,2837,2443,4,7,False,False,1,0
TXN_100334,2024-07-16T14:28:00Z,635.57,RTGS,142,2839,2,1,False,False,0,0
TXN_102027,2024-11-09T21:43:00Z,6215.82,IMPS,119,121,1,5,False,False,1,0
TXN_100884,2024-08-18T08:41:00Z,2320.12,IMPS,1439,2825,6,3,False,False,0,0
TXN_102022,2024-12-10T20:47:00Z,17488.97,NEFT,2288,72,6,7,False,False,0,0
TXN_100667,2024-07-27T14:02:00Z,24285.47,RTGS,2785,1470,0,8,False,False,0,0
TXN_100647,2024-02-27T16:06:00Z,3708.94,NEFT,2156,1897,5,2,False,False,1,0
TXN_102392,2024-03-17T10:32:00Z,10284.62,NEFT,107,2556,3,1,False,False,1,0
TXN_101606,2024-10-17T09:53:00Z,1979.54,NEFT,587,1456,0,6,True,False,1,0
TXN_100047,2024-11-06T19:38:00Z,951.76,UPI,297,2165,4,3,False,False,0,0
TXN_101326,2024-01-18T18:20:00Z,13719.82,RTGS,1708,3450,5,8,False,False,1,0
TXN_101232,2024-09-17T19:18:00Z,2187.65,UPI,1125,725,2,2,False,False,1,0
TXN_102658,2024-10-12T12:27:00Z,46915.09,NEFT,532,875,2,4,False,False,0,0
TXN_101885,2024-06-30T12:41:00Z,22470.76,IMPS,3101,103,7,2,False,False,1,0
TXN_102945,2024-09-04T20:39:00Z,12866.07,UPI,1,2327,3,9,True,False,0,1
TXN_102785,2024-04-02T11:59:00Z,6876.94,UPI,1113,2676,1,9,False,False,0,0
TXN_100903,2024-06-08T13:03:00Z,3893.87,NEFT,249,3181,5,4,False,False,0,0
TXN_100347,2024-10-31T07:30:00Z,17862.97,RTGS,2446,526,7,6,False,False,1,0
TXN_102769,2024-03-02T06:21:00Z,2697.17,RTGS,284,3584,1,7,False,False,0,0
TXN_102279,2024-05-15T09:19:00Z,1580.39,RTGS,629,2036,0,3,False,False,0,0
TXN_100820,2024-01-18T15:22:00Z,16653.21,IMPS,3058,1081,5,8,False,False,0,0
TXN_100797,2024-05-08T15:55:00Z,38488.5,RTGS,1268,1613,3,8,True,False,0,0
TXN_100623,2024-10-18T21:41:00Z,14900.72,IMPS,3396,1053,2,3,False,False,0,0
TXN_100625,2024-06-27T09:16:00Z,17716.51,RTGS,1941,2853,4,2,False,False,0,0
TXN_101778,2024-07-22T19:00:00Z,5597.57,RTGS,3610,588,4,4,True,False,0,0
TXN_102467,2024-02-15T15:23:00Z,912.72,RTGS,3022,1068,1,6,False,False,0,0
TXN_101192,2024-09-14T10:47:00Z,6334.05,NEFT,706,1639,0,6,False,False,1,0
TXN_102317,2024-04-24T18:04:00Z,2182.19,IMPS,3351,444,5,4,False,True,1,0
TXN_100727,2024-09-28T11:10:00Z,923.28,RTGS,326,1188,3,5,False,False,0,0
TXN_101562,2024-06-29T11:40:00Z,2346.85,NEFT,140,2909,6,3,False,False,1,0
TXN_102378,2024-10-19T17:15:00Z,9346.43,NEFT,3466,1113,7,7,False,True,1,0
TXN_101358,2024-07-14T13:05:00Z,1941.19,IMPS,2257,282,6,3,False,False,1,0
TXN_102124,2024-12-13T14:11:00Z,7303.05,RTGS,830,2330,2,7,False,False,1,0
TXN_100199,2024-09-07T16:04:00Z,3486.69,RTGS,1078,846,2,8,False,False,1,0
TXN_102381,2024-07-08T08:11:00Z,733.22,IMPS,3044,961,0,4,False,False,0,0
TXN_101781,2024-05-25T09:41:00Z,13987.67,NEFT,2589,704,3,8,False,True,0,0
TXN_101953,2024-04-17T13:38:00Z,4807.15,IMPS,3217,1457,4,9,False,False,0,0
TXN_102766,2024-07-02T06:38:00Z,3876.48,IMPS,2327,3568,2,4,False,False,1,0
TXN_100975,2024-05-15T14:26:00Z,13762.45,UPI,2150,1029,5,4,False,False,1,0
TXN_101839,2024-09-15T18:38:00Z,2174.12,UPI,1441,3078,1,7,False,False,1,0
TXN_100150,2024-04-07T14:37:00Z,1540.99,RTGS,1802,204,4,8,False,False,0,0
TXN_100893,2024-06-20T07:17:00Z,35869.42,RTGS,1975,3503,1,3,False,False,1,0
TXN_101075,2024-01-17T16:14:00Z,12959.54,NEFT,3255,1511,2,5,False,False,1,0
TXN_101446,2024-05-26T09:06:00Z,11909.71,RTGS,2761,2436,5,6,False,False,0,0
TXN_101463,2024-04-12T18:25:00Z,769.57,NEFT,327,3623,4,6,False,False,1,0
TXN_102775,2024-11-17T07:04:00Z,2230.69,UPI,1754,264,1,7,False,False,1,0
TXN_101304,2024-10-05T12:55:00Z,5280.76,NEFT,3158,3579,5,9,False,False,1,0
TXN_101337,2024-03-08T18:17:00Z,5762.36,UPI,3212,3498,5,2,False,False,1,0
TXN_100993,2024-04-25T09:56:00Z,4623.38,IMPS,1447,3630,0,5,False,False,0,0
TXN_101671,2024-06-11T07:38:00Z,1474.65,RTGS,3603,2560,6,3,False,False,1,0
TXN_102477,2024-01-22T12:44:00Z,3702.0,IMPS,2716,3324,7,3,False,True,0,0
TXN_101886,2024-08-21T15:52:00Z,39242.46,RTGS,2821,244,1,4,False,False,0,0
TXN_100460,2024-12-28T22:06:00Z,30914.88,RTGS,2224,2678,6,9,False,False,0,0
TXN_101480,2024-10-18T11:31:00Z,24752.79,NEFT,1907,2273,1,2,False,False,1,0
TXN_102036,2024-03-22T18:14:00Z,4019.2,UPI,2886,335,7,5,False,False,0,0
TXN_100987,2024-03-04T13:26:00Z,9427.8,IMPS,2253,524,3,8,False,False,0,0
TXN_100171,2024-08-08T16:10:00Z,2008.13,UPI,393,288,4,9,False,False,1,0
TXN_102237,2024-02-08T11:19:00Z,30699.36,UPI,804,2342,7,3,False,True,0,0
TXN_100449,2024-09-10T17:02:00Z,57865.2,UPI,2700,3489,7,3,False,False,0,0
TXN_101461,2024-04-12T22:18:00Z,11666.95,IMPS,2562,2318,7,6,True,False,1,0
TXN_102779,2024-09-17T18:14:00Z,3208.89,RTGS,3198,2114,5,6,False,False,1,0
TXN_102866,2024-09-07T12:08:00Z,1964.96,IMPS,1867,271,2,2,True,False,1,0
TXN_100401,2024-07-25T20:12:00Z,3600.06,IMPS,2600,3591,2,9,False,True,1,0
TXN_101436,2024-05-15T15:46:00Z,347.02,IMPS,411,1786,3,2,False,False,1,0
TXN_102158,2024-12-17T11:54:00Z,555.49,NEFT,742,3436,5,4,False,False,0,0
TXN_100728,2024-04-10T08:57:00Z,1931.17,RTGS,2605,2286,6,6,False,False,0,0
TXN_102601,2024-09-17T10:52:00Z,4070.04,RTGS,2809,908,2,2,False,False,0,0
TXN_102119,2024-12-20T11:32:00Z,3207.43,IMPS,994,3317,1,9,False,False,1,0
TXN_102790,2024-09-08T08:13:00Z,6209.04,UPI,1642,2173,1,8,False,False,1,0
TXN_100474,2024-08-31T14:02:00Z,17807.74,UPI,1758,894,3,3,False,False,1,0
TXN_101052,2024-08-31T16:05:00Z,660.35,RTGS,1415,1271,5,1,False,False,1,0
TXN_102646,2024-08-14T21:58:00Z,41473.53,UPI,2406,844,5,9,False,False,1,0
TXN_100679,2024-12-09T17:29:00Z,6425.72,IMPS,2728,1828,1,8,False,False,0,0
TXN_102202,2024-09-19T09:24:00Z,870.55,UPI,1918,2010,3,7,False,False,1,0
TXN_101940,2024-06-19T20:15:00Z,8578.45,RTGS,3195,680,4,2,True,False,1,0
TXN_102212,2024-08-10T06:36:00Z,8854.09,UPI,1505,1786,3,5,False,False,1,0
TXN_102086,2024-01-12T09:16:00Z,2036.65,RTGS,268,1059,0,1,False,False,0,0
TXN_101059,2024-06-19T15:31:00Z,8178.62,NEFT,2449,547,3,3,False,False,1,0
TXN_100290,2024-05-29T14:12:00Z,4308.36,RTGS,2499,93,6,5,False,False,0,0
TXN_100329,2024-05-03T17:53:00Z,1503.88,IMPS,98,2969,1,5,False,False,1,0
TXN_102907,2024-04-17T13:34:00Z,3095.66,RTGS,2839,679,2,2,False,True,1,0
TXN_100424,2024-04-09T14:37:00Z,4595.41,IMPS,614,3128,2,4,False,False,0,0
TXN_102776,2024-06-24T21:11:00Z,4673.95,NEFT,2122,3283,3,6,False,False,0,0
TXN_100167,2024-07-13T13:58:00Z,1909.47,NEFT,580,3360,4,1,False,False,1,0
TXN_101762,2024-07-18T11:51:00Z,29249.79,NEFT,2964,2979,0,2,False,False,1,0
TXN_100672,2024-05-15T08:07:00Z,1852.47,UPI,3236,1352,4,7,False,False,1,0
TXN_102255,2024-06-07T19:26:00Z,2928.98,RTGS,3624,3468,3,3,False,False,1,0
TXN_102019,2024-09-06T21:04:00Z,1607.72,RTGS,1352,371,3,4,False,False,0,0
TXN_102984,2024-01-16T21:53:00Z,19601.5,NEFT,1869,949,38,6,False,False,0,1
TXN_102073,2024-06-30T11:49:00Z,4388.51,IMPS,1386,2003,0,4,False,False,1,0
TXN_100348,2024-02-23T18:31:00Z,13342.57,IMPS,2308,2751,3,2,True,False,1,0
TXN_100219,2024-09-30T17:28:00Z,368.24,NEFT,1661,2387,5,6,False,True,0,0
TXN_102024,2024-09-18T21:00:00Z,2483.15,UPI,2584,932,4,3,False,False,0,0
TXN_102693,2024-02-11T13:28:00Z,1524.3,NEFT,3252,1989,0,6,True,False,1,0
TXN_101149,2024-03-26T16:02:00Z,9215.58,UPI,3400,1606,5,3,False,False,0,0
TXN_101124,2024-12-22T19:01:00Z,8912.71,IMPS,1752,314,0,5,False,False,1,0
TXN_100103,2024-01-15T09:24:00Z,2110.88,UPI,1965,2825,0,1,False,True,1,0
TXN_101712,2024-03-12T19:57:00Z,307.11,IMPS,2356,781,0,7,False,False,0,0
TXN_101341,2024-05-30T07:52:00Z,7637.95,IMPS,2162,2394,7,4,False,True,0,0
TXN_100126,2024-12-17T10:08:00Z,4204.03,IMPS,2616,2496,1,6,False,False,1,0
TXN_102578,2024-04-19T21:51:00Z,14846.99,RTGS,1799,1567,7,9,False,False,0,0
TXN_100400,2024-06-10T06:59:00Z,3401.97,NEFT,1070,3365,4,9,False,False,1,0
TXN_102432,2024-05-14T14:23:00Z,6782.35,IMPS,933,2401,3,1,False,False,1,0
TXN_102540,2024-07-07T15:10:00Z,9374.16,RTGS,260,3353,7,8,False,False,1,0
TXN_100517,2024-09-25T15:02:00Z,2993.28,RTGS,1863,3333,6,8,False,False,0,0
TXN_102310,2024-10-28T07:44:00Z,4529.15,UPI,3292,419,4,5,True,False,1,0
TXN_102667,2024-10-06T06:02:00Z,1624.5,RTGS,2314,188,6,3,False,False,1,0
TXN_101972,2024-05-20T08:29:00Z,217.97,UPI,2917,506,2,7,False,False,1,0
TXN_100122,2024-08-13T15:20:00Z,5794.7,IMPS,2378,44,1,2,False,False,1,0
TXN_102801,2024-08-07T20:06:00Z,2356.75,NEFT,368,137,1,4,False,True,1,0
TXN_102152,2024-12-05T09:23:00Z,4534.39,RTGS,305,174,2,4,False,False,1,0
TXN_101533,2024-12-05T17:00:00Z,3892.95,UPI,3463,292,0,4,False,False,1,0
TXN_100657,2024-12-26T19:53:00Z,2309.49,RTGS,3258,1594,4,8,False,False,0,0
TXN_101231,2024-09-03T18:33:00Z,2217.27,NEFT,2585,1538,0,4,False,False,0,0
TXN_102093,2024-02-16T15:14:00Z,11439.37,RTGS,1813,869,0,2,False,False,1,0
TXN_100558,2024-09-11T11:47:00Z,1652.98,UPI,2110,420,7,7,False,False,0,0
TXN_100123,2024-03-18T13:25:00Z,2275.06,NEFT,397,2237,5,3,False,True,0,0
TXN_100942,2024-01-04T15:39:00Z,2530.37,NEFT,2230,2237,2,6,False,False,0,0
TXN_100976,2024-08-13T07:48:00Z,4996.34,IMPS,1548,3469,2,2,False,False,1,0
TXN_102416,2024-06-01T21:50:00Z,3917.99,UPI,1178,2137,7,4,False,False,0,0
TXN_102695,2024-07-12T19:44:00Z,5150.07,NEFT,2867,207,1,7,False,False,0,0
TXN_100947,2024-04-19T22:06:00Z,2787.21,UPI,2608,787,6,2,False,False,0,0
TXN_101278,2024-07-25T07:20:00Z,4143.14,IMPS,1670,2517,7,7,False,False,0,0
TXN_100878,2024-04-18T10:07:00Z,8601.08,NEFT,2115,1378,7,8,False,False,0,0
TXN_101228,2024-04-23T16:47:00Z,12270.53,IMPS,719,131,3,4,False,False,1,0
TXN_102346,2024-04-19T21:16:00Z,2074.01,IMPS,104,1849,4,1,False,False,1,0
TXN_101101,2024-08-02T09:51:00Z,7962.58,UPI,2312,974,0,8,False,False,0,0
TXN_101205,2024-01-14T12:51:00Z,2439.42,NEFT,1944,2225,3,2,False,False,1,0
TXN_101040,2024-10-21T22:01:00Z,3503.01,NEFT,2607,2412,2,2,False,True,0,0
TXN_100992,2024-05-23T12:21:00Z,3832.6,IMPS,707,1401,7,9,False,True,0,0
TXN_102708,2024-02-14T13:21:00Z,3454.52,IMPS,2305,1049,0,6,False,False,1,0
TXN_101654,2024-08-02T07:46:00Z,13889.87,RTGS,2119,3462,3,2,False,False,1,0
TXN_100464,2024-06-22T11:19:00Z,7595.55,RTGS,3603,1110,1,5,True,True,1,0
TXN_100187,2024-04-13T06:54:00Z,13741.42,UPI,633,2339,6,6,False,False,1,0
TXN_102602,2024-01-28T09:29:00Z,4808.32,NEFT,410,3066,7,6,False,False,1,0
TXN_100201,2024-10-12T08:04:00Z,5446.01,IMPS,3408,2384,4,2,False,False,1,0
TXN_101171,2024-01-30T11:10:00Z,323.35,NEFT,802,2289,7,8,False,False,0,0
TXN_101179,2024-05-10T09:30:00Z,4629.76,NEFT,2765,3066,7,4,False,False,1,0
TXN_100572,2024-01-31T06:39:00Z,23459.5,RTGS,1771,1691,2,9,False,False,0,0
TXN_102215,2024-04-11T11:27:00Z,1091.29,IMPS,2719,305,1,6,False,False,0,0
TXN_102344,2024-06-29T12:19:00Z,6768.38,UPI,2262,391,3,2,False,False,0,0
TXN_102442,2024-05-22T09:05:00Z,5425.64,UPI,2293,1723,6,6,False,False,0,0
TXN_102893,2024-05-02T12:29:00Z,15066.99,NEFT,1063,1245,0,5,False,False,0,0
TXN_102733,2024-01-28T19:46:00Z,8579.76,UPI,703,1746,4,7,False,False,0,0
TXN_102852,2024-01-30T13:48:00Z,26087.76,IMPS,1740,979,4,2,False,False,0,0
TXN_100844,2024-11-02T12:32:00Z,21592.64,RTGS,2838,3023,5,5,False,False,1,0
TXN_100330,2024-04-01T17:32:00Z,5876.59,RTGS,3245,3148,4,9,False,False,0,0
TXN_100116,2024-07-30T17:05:00Z,7015.42,IMPS,935,3533,7,4,False,False,0,0
TXN_102975,2024-02-03T22:12:00Z,12362.73,UPI,2878,2537,30,1,False,False,1,1
TXN_101467,2024-04-05T18:58:00Z,6573.28,UPI,2502,1307,1,2,False,False,1,0
TXN_102031,2024-11-19T21:08:00Z,73224.85,RTGS,1433,836,2,6,False,True,1,0
TXN_102827,2024-11-21T09:05:00Z,15518.5,NEFT,1747,2137,3,8,False,False,0,0
TXN_102822,2024-10-07T19:05:00Z,1028.63,NEFT,2183,2924,4,2,False,False,1,0
TXN_102832,2024-02-07T08:39:00Z,5159.07,UPI,1283,3228,0,9,False,True,1,0
TXN_101015,2024-04-30T08:27:00Z,7422.73,NEFT,2477,1401,2,6,True,False,1,0
TXN_101377,2024-06-19T10:04:00Z,25015.26,NEFT,499,452,3,1,False,False,0,0
TXN_101575,2024-02-24T16:11:00Z,2717.78,NEFT,3249,3197,4,3,False,False,1,0
TXN_102729,2024-12-16T16:55:00Z,5251.17,UPI,1040,590,1,8,False,False,1,0
TXN_101230,2024-05-15T18:54:00Z,898.99,UPI,3564,2259,5,3,False,False,0,0
TXN_101488,2024-12-15T18:35:00Z,6875.08,IMPS,2149,3293,0,5,False,True,0,0
TXN_101938,2024-03-14T09:05:00Z,5579.29,NEFT,98,2940,3,9,False,False,0,0
TXN_101142,2024-10-04T13:46:00Z,38233.55,RTGS,1296,1994,2,7,False,False,0,0
TXN_101453,2024-06-26T15:39:00Z,31015.15,UPI,159,2927,1,6,False,False,1,0
TXN_101574,2024-03-10T19:42:00Z,3272.7,RTGS,412,839,4,4,False,False,1,0
TXN_102290,2024-04-16T09:13:00Z,11882.43,RTGS,2028,1136,0,2,False,False,0,0
TXN_100072,2024-07-26T12:05:00Z,2034.4,UPI,623,3142,7,8,False,False,0,0
TXN_102925,2024-11-05T06:14:00Z,83898.06,UPI,1518,1605,5,34,False,False,0,1
TXN_100999,2024-07-08T16:11:00Z,2322.15,IMPS,2659,3247,6,4,False,False,0,0
TXN_100024,2024-02-02T22:07:00Z,6526.66,RTGS,1569,2102,1,7,False,False,1,0
TXN_102938,2024-02-27T10:44:00Z,13143.91,IMPS,0,1426,6,1,True,False,1,1
TXN_102389,2024-12-10T07:25:00Z,11433.74,RTGS,3521,3428,5,6,False,True,1,0
TXN_100402,2024-08-27T15:57:00Z,3587.77,NEFT,810,2392,1,9,False,False,0,0
TXN_100504,2024-02-01T09:27:00Z,2127.38,RTGS,1091,2400,7,1,False,False,1,0
TXN_101610,2024-12-18T11:51:00Z,111732.75,UPI,312,2530,1,6,False,False,1,0
TXN_102685,2024-02-01T18:36:00Z,2363.96,RTGS,66,1017,6,8,False,False,1,0
TXN_101914,2024-12-30T12:22:00Z,4274.69,RTGS,2460,139,6,3,False,False,1,0
TXN_101637,2024-04-12T06:26:00Z,12086.64,NEFT,365,396,3,6,False,False,1,0
TXN_101935,2024-03-09T06:43:00Z,35168.8,NEFT,1358,233,4,5,False,False,1,0
TXN_102105,2024-05-29T07:12:00Z,1929.9,IMPS,2428,279,3,7,False,False,1,0
TXN_100949,2024-04-12T20:41:00Z,9166.37,IMPS,628,3505,1,3,False,False,0,0
TXN_100911,2024-07-16T10:33:00Z,5232.72,NEFT,257,354,2,4,False,False,1,0
TXN_101739,2024-12-20T19:35:00Z,3321.4,UPI,186,2461,0,7,False,False,1,0
TXN_101540,2024-01-30T13:51:00Z,3302.89,IMPS,3414,847,3,7,False,False,0,0
TXN_101728,2024-05-15T16:28:00Z,21514.42,RTGS,630,330,3,2,False,False,1,0
TXN_100235,2024-06-13T17:54:00Z,5311.1,IMPS,1516,103,7,3,False,False,0,0
TXN_101431,2024-05-23T12:17:00Z,1677.25,NEFT,3059,1878,6,1,False,False,1,0
TXN_100188,2024-05-10T08:47:00Z,51148.02,RTGS,1334,2805,6,6,False,False,1,0
TXN_101832,2024-10-07T14:39:00Z,7610.35,IMPS,1788,519,4,1,True,False,0,0
TXN_100444,2024-06-26T20:35:00Z,3600.2,UPI,2278,1485,4,4,False,False,1,0
TXN_102323,2024-02-11T21:21:00Z,17554.9,RTGS,3163,2936,2,4,False,False,1,0
TXN_100094,2024-09-19T09:00:00Z,17424.54,UPI,1583,1224,3,3,True,False,0,0
TXN_102931,2024-03-04T11:06:00Z,6071.33,NEFT,4,2104,6,6,True,False,0,1
TXN_102213,2024-08-18T09:31:00Z,5943.66,RTGS,1972,3436,0,2,False,False,0,0
TXN_102421,2024-02-25T21:02:00Z,2393.8,NEFT,624,2576,5,9,False,False,1,0
TXN_101725,2024-08-07T10:34:00Z,5195.43,UPI,202,3112,7,1,False,False,0,0
TXN_102756,2024-05-06T18:01:00Z,5538.87,NEFT,2695,2521,4,1,False,False,1,0
TXN_101140,2024-06-01T10:07:00Z,676.74,IMPS,1074,3415,5,2,False,True,0,0
TXN_102584,2024-04-03T15:29:00Z,12172.87,IMPS,1202,209,4,2,False,False,0,0
TXN_100712,2024-07-29T19:02:00Z,4065.87,NEFT,74,2161,4,9,False,False,1,0
TXN_101799,2024-11-16T18:17:00Z,17695.33,IMPS,2031,3383,1,7,False,False,0,0
TXN_100580,2024-08-15T19:52:00Z,10237.71,RTGS,1902,916,6,4,False,False,0,0
TXN_100179,2024-12-18T06:25:00Z,1413.12,UPI,1349,444,3,6,False,False,1,0
TXN_101481,2024-11-05T13:00:00Z,4487.26,RTGS,1774,2583,2,9,False,True,1,0
TXN_102683,2024-08-10T13:39:00Z,1877.83,UPI,1565,1378,5,6,False,False,0,0
TXN_101226,2024-07-02T18:21:00Z,229301.06,RTGS,3558,269,5,1,False,False,1,0
TXN_100973,2024-04-17T16:29:00Z,11548.55,UPI,2343,746,1,2,False,False,1,0
TXN_102543,2024-01-08T21:02:00Z,56080.35,IMPS,2322,163,6,3,False,True,1,0
TXN_100385,2024-03-30T06:48:00Z,9401.45,IMPS,3421,325,4,9,False,False,1,0
TXN_101951,2024-08-22T15:01:00Z,93020.46,IMPS,1734,1458,4,3,False,False,0,0
TXN_102839,2024-08-19T12:14:00Z,10231.58,UPI,2246,1802,3,4,False,True,0,0
TXN_100858,2024-02-28T08:32:00Z,1957.92,NEFT,3520,223,5,6,False,False,0,0
TXN_102463,2024-08-01T11:34:00Z,5361.35,RTGS,1068,2114,3,5,False,False,0,0
TXN_100426,2024-11-02T21:44:00Z,29704.83,UPI,518,1406,5,1,False,False,1,0
TXN_101123,2024-04-26T16:53:00Z,2138.28,NEFT,1658,3082,4,7,False,False,1,0
TXN_101427,2024-08-19T22:43:00Z,4423.93,NEFT,3498,778,7,1,False,True,0,0
TXN_101583,2024-02-09T06:01:00Z,26121.78,RTGS,1232,1139,4,7,False,False,1,0
TXN_101471,2024-02-11T19:21:00Z,12547.27,NEFT,2991,1785,0,8,False,False,0,0
TXN_102539,2024-09-19T08:22:00Z,4620.72,IMPS,897,780,6,2,False,False,0,0
TXN_101685,2024-10-23T11:53:00Z,2139.46,UPI,1446,1298,4,7,False,False,0,0
TXN_100027,2024-09-28T17:14:00Z,6219.39,UPI,2178,2054,0,4,False,False,1,0
TXN_100932,2024-02-11T16:39:00Z,7985.81,RTGS,1966,1134,6,8,False,False,0,0
TXN_101684,2024-12-02T09:50:00Z,6461.97,RTGS,1801,3085,0,4,True,True,1,0
TXN_100229,2024-05-31T22:47:00Z,6492.77,UPI,688,1200,1,6,False,True,0,0
TXN_100489,2024-10-14T06:09:00Z,3438.69,UPI,1174,3104,7,7,False,True,0,0
TXN_102017,2024-09-07T13:04:00Z,20826.63,NEFT,2252,1473,0,7,False,False,1,0
TXN_101110,2024-03-10T18:00:00Z,31303.53,UPI,67,797,0,9,False,True,1,0
TXN_101166,2024-08-14T06:09:00Z,9864.83,RTGS,1817,2678,6,6,False,False,0,0
TXN_102809,2024-01-16T17:54:00Z,1178.4,UPI,3302,634,4,2,False,False,1,0
TXN_100105,2024-12-03T20:06:00Z,45425.41,RTGS,83,1795,7,9,False,False,0,0
TXN_100742,2024-04-30T08:35:00Z,5011.34,IMPS,2579,382,2,2,False,False,0,0
TXN_102350,2024-06-04T07:30:00Z,8747.67,RTGS,274,1079,6,4,False,False,1,0
TXN_100099,2024-04-27T13:32:00Z,782.28,UPI,2065,127,2,8,False,False,0,0
TXN_101246,2024-02-13T15:09:00Z,24266.69,UPI,1644,2735,7,6,False,False,1,0
TXN_100073,2024-08-28T10:04:00Z,16177.08,UPI,3645,683,7,8,True,False,0,0
TXN_101111,2024-11-06T17:36:00Z,11061.64,RTGS,3461,2585,6,8,False,False,1,0
TXN_102052,2024-01-27T09:59:00Z,1086.95,NEFT,517,632,6,8,False,False,1,0
TXN_101209,2024-11-04T06:19:00Z,20338.52,NEFT,114,3575,1,1,False,False,1,0
TXN_100393,2024-01-20T08:22:00Z,3275.1,NEFT,1503,2615,1,7,False,False,1,0
TXN_102429,2024-02-06T07:36:00Z,22951.92,IMPS,3104,941,5,8,False,True,1,0
TXN_100766,2024-03-16T08:54:00Z,1520.28,RTGS,3061,526,1,2,False,False,1,0
TXN_102829,2024-10-27T13:31:00Z,10043.43,UPI,1065,2767,1,4,False,False,1,0
TXN_100592,2024-11-24T19:38:00Z,16444.16,NEFT,2221,596,6,4,False,False,0,0
TXN_101913,2024-03-02T10:47:00Z,4881.54,NEFT,1957,2989,1,7,False,True,0,0
TXN_102707,2024-07-07T06:04:00Z,15474.72,NEFT,3020,65,7,5,False,False,0,0
TXN_102860,2024-07-11T09:59:00Z,6441.22,RTGS,1167,1566,6,1,False,False,0,0
TXN_102214,2024-05-08T12:55:00Z,1012.09,IMPS,2833,1083,0,7,False,False,0,0
TXN_101378,2024-02-03T17:34:00Z,640.59,IMPS,590,3036,1,5,False,False,0,0
TXN_101222,2024-10-28T09:49:00Z,12675.81,UPI,3610,1739,2,9,False,False,1,0
TXN_100255,2024-02-12T08:46:00Z,6478.05,NEFT,3577,2751,2,3,False,False,0,0
TXN_100845,2024-05-04T19:28:00Z,18477.56,UPI,933,192,6,1,True,False,0,0
TXN_101513,2024-10-27T22:27:00Z,11191.54,NEFT,1210,2789,2,1,False,False,0,0
TXN_100033,2024-10-27T12:35:00Z,66714.9,RTGS,3466,1866,1,4,False,False,0,0
TXN_101305,2024-11-19T18:20:00Z,17930.48,RTGS,862,1932,5,7,False,False,0,0
TXN_101665,2024-10-03T13:55:00Z,1069.92,UPI,436,1443,2,9,False,False,0,0
TXN_101315,2024-11-08T12:09:00Z,5130.0,RTGS,1706,65,7,7,False,False,1,0
TXN_100849,2024-07-03T15:18:00Z,5976.47,IMPS,2650,1641,2,1,False,False,0,0
TXN_100931,2024-06-18T13:07:00Z,1671.03,UPI,2811,745,0,6,False,False,1,0
TXN_100725,2024-06-05T08:53:00Z,36179.15,IMPS,2727,2172,2,9,False,False,1,0
TXN_100270,2024-05-04T11:00:00Z,799.02,RTGS,1932,1082,6,2,False,True,0,0
TXN_102258,2024-08-24T19:43:00Z,5258.98,RTGS,2597,3425,4,4,False,False,1,0
TXN_100417,2024-06-15T22:44:00Z,1727.7,RTGS,1808,1424,3,3,False,False,0,0
TXN_102458,2024-11-12T13:17:00Z,27200.53,NEFT,2221,946,3,1,False,False,1,0
TXN_100604,2024-12-13T14:56:00Z,23950.11,IMPS,2750,3595,4,6,True,False,0,0
TXN_100209,2024-12-20T13:21:00Z,2421.54,IMPS,485,2713,3,9,False,False,1,0
TXN_101113,2024-12-10T13:44:00Z,8116.51,UPI,2237,3034,5,4,False,False,1,0
TXN_101999,2024-06-27T09:51:00Z,19500.88,IMPS,305,2667,0,4,False,False,1,0
TXN_100915,2024-09-21T21:27:00Z,751.22,IMPS,3339,1703,2,8,False,False,0,0
TXN_102575,2024-03-20T06:10:00Z,4237.98,NEFT,1445,2521,5,9,False,False,1,0
TXN_100370,2024-02-14T20:14:00Z,6433.91,RTGS,3209,3028,5,3,False,False,1,0
TXN_102635,2024-01-18T20:34:00Z,860.41,IMPS,2145,36,7,7,False,False,1,0
TXN_102506,2024-11-21T10:22:00Z,10559.01,IMPS,1220,1351,4,8,False,True,1,0
TXN_101428,2024-03-07T20:56:00Z,31622.0,RTGS,850,3436,3,3,False,False,1,0
TXN_100905,2024-06-03T17:56:00Z,9054.87,RTGS,2482,552,6,7,True,False,1,0
TXN_101047,2024-03-04T17:59:00Z,2472.68,NEFT,420,3009,6,6,False,False,0,0
TXN_100491,2024-02-16T08:12:00Z,2737.64,IMPS,2128,433,1,8,False,False,1,0
TXN_102511,2024-01-25T15:39:00Z,12352.44,IMPS,170,2207,3,1,False,False,1,0
TXN_101137,2024-07-09T16:21:00Z,13285.57,NEFT,977,3400,7,3,False,False,0,0
TXN_102246,2024-08-20T15:51:00Z,10425.05,IMPS,1510,2856,4,4,False,False,0,0
TXN_101631,2024-09-29T20:58:00Z,5063.72,RTGS,646,185,0,3,False,False,0,0
TXN_102994,2024-10-04T12:08:00Z,8678.98,UPI,2569,1263,7,38,False,False,0,1
TXN_100760,2024-10-01T14:49:00Z,4944.67,RTGS,833,1599,2,7,False,False,1,0
TXN_100046,2024-10-25T21:06:00Z,427.15,UPI,1949,153,4,6,False,False,1,0
TXN_100596,2024-11-21T15:21:00Z,9529.44,RTGS,82,2949,1,9,False,False,0,0
TXN_102281,2024-05-05T09:13:00Z,10302.44,NEFT,869,1460,0,1,False,False,1,0
TXN_100501,2024-11-03T12:51:00Z,599.52,IMPS,3356,229,0,1,False,False,1,0
TXN_101956,2024-09-02T18:15:00Z,2061.84,IMPS,2601,461,7,4,False,False,0,0
TXN_100557,2024-04-05T07:43:00Z,2395.5,RTGS,3389,2808,0,9,False,False,1,0
TXN_101971,2024-09-21T10:03:00Z,9543.53,IMPS,2789,350,2,5,False,False,0,0
TXN_101790,2024-11-18T06:29:00Z,562.26,RTGS,2839,2191,5,8,False,False,1,0
TXN_102486,2024-09-22T12:06:00Z,4645.75,RTGS,2668,3526,4,1,False,False,0,0
TXN_102610,2024-04-24T14:44:00Z,1440.7,IMPS,2233,3065,4,4,False,False,1,0
TXN_100340,2024-07-05T17:56:00Z,5835.71,UPI,2876,3596,5,4,False,False,1,0
TXN_100042,2024-07-05T08:00:00Z,6454.98,NEFT,3145,3557,2,3,False,False,0,0
TXN_102743,2024-08-05T16:55:00Z,5943.59,RTGS,3212,1239,3,4,False,False,1,0
TXN_101168,2024-09-01T18:27:00Z,12998.95,RTGS,1588,2807,3,6,False,False,1,0
TXN_102162,2024-11-08T21:15:00Z,2354.99,RTGS,1817,2352,5,8,False,False,1,0
TXN_102987,2024-10-22T11:27:00Z,1406.12,UPI,3,2607,2,6,True,False,1,1
TXN_101313,2024-07-15T13:54:00Z,2644.27,RTGS,769,128,5,4,False,False,1,0
TXN_101543,2024-08-29T13:59:00Z,711.76,UPI,2152,2428,4,2,False,False,0,0
TXN_102192,2024-01-11T08:50:00Z,2475.75,UPI,2086,3208,6,7,False,False,0,0
TXN_102534,2024-10-02T21:58:00Z,8518.95,IMPS,949,2510,4,4,False,False,0,0
TXN_101412,2024-04-03T17:11:00Z,5070.13,NEFT,3292,2741,3,9,False,False,1,0
TXN_102691,2024-11-27T17:41:00Z,5422.22,NEFT,525,3613,3,4,False,False,0,0
TXN_100304,2024-05-30T12:00:00Z,726.66,RTGS,1985,1005,0,3,False,True,1,0
TXN_100771,2024-06-05T17:40:00Z,7100.08,NEFT,1302,956,6,5,False,False,0,0
TXN_102414,2024-11-11T14:38:00Z,3580.12,NEFT,1901,3106,2,5,False,False,1,0
TXN_102425,2024-01-12T15:54:00Z,4262.08,NEFT,3200,2232,1,2,False,False,0,0
TXN_101698,2024-04-30T10:40:00Z,2351.2,UPI,1772,1154,2,5,False,False,0,0
TXN_101108,2024-05-16T15:22:00Z,2807.35,UPI,2207,695,2,8,False,True,1,0
TXN_102778,2024-11-28T13:43:00Z,1401.26,NEFT,327,960,3,3,False,False,1,0
TXN_100488,2024-04-08T11:10:00Z,4408.47,IMPS,470,2257,6,5,False,False,0,0
TXN_102773,2024-07-10T13:40:00Z,6609.44,UPI,3536,2364,6,7,False,False,1,0
TXN_100746,2024-05-07T17:12:00Z,5903.97,NEFT,299,748,0,1,False,False,1,0
TXN_101592,2024-01-14T14:41:00Z,1477.38,IMPS,2047,3258,5,6,False,False,1,0
TXN_101350,2024-02-10T13:57:00Z,9309.33,NEFT,1545,624,5,1,False,False,0,0
TXN_101071,2024-11-02T19:54:00Z,10574.8,IMPS,664,1396,6,5,False,False,1,0
TXN_102890,2024-01-15T08:48:00Z,1213.46,NEFT,2231,453,0,2,False,False,0,0
TXN_102386,2024-06-18T19:22:00Z,3704.66,RTGS,3370,2106,6,1,False,False,0,0
TXN_102441,2024-07-20T15:46:00Z,42722.57,UPI,2047,2650,2,9,False,False,0,0
TXN_101867,2024-12-07T13:04:00Z,10218.3,UPI,2688,695,5,1,False,False,1,0
TXN_101692,2024-08-18T18:17:00Z,10228.15,RTGS,3012,1312,0,4,False,False,0,0
TXN_102450,2024-03-26T07:42:00Z,2404.7,UPI,289,2439,2,9,False,False,0,0
TXN_100273,2024-07-31T06:45:00Z,3091.34,RTGS,2637,291,6,7,False,False,0,0
TXN_100716,2024-12-26T09:37:00Z,2198.9,UPI,1579,2004,1,8,False,False,0,0
TXN_102568,2024-12-11T09:04:00Z,998.17,IMPS,3130,279,1,8,False,False,0,0
TXN_102998,2024-07-01T10:35:00Z,2635.69,NEFT,3,2911,6,7,True,True,1,1
TXN_100609,2024-05-20T11:42:00Z,34807.5,IMPS,3458,564,0,4,False,False,1,0
TXN_100535,2024-08-09T10:52:00Z,4503.11,IMPS,3118,268,6,9,False,False,0,0
TXN_102661,2024-05-09T08:54:00Z,10938.86,RTGS,1068,1727,2,5,False,False,1,0
TXN_101076,2024-05-11T18:50:00Z,27475.92,NEFT,3472,3049,2,7,False,False,0,0
TXN_101864,2024-12-14T07:37:00Z,3231.29,RTGS,1826,796,1,1,False,True,1,0
TXN_102961,2024-04-30T09:32:00Z,2125.0,UPI,0,3442,3,3,True,False,1,1
TXN_100377,2024-05-02T19:16:00Z,753.5,RTGS,2399,2970,6,9,False,False,0,0
TXN_101093,2024-03-13T07:55:00Z,3573.72,UPI,1185,1343,3,7,False,True,1,0
TXN_102899,2024-07-15T20:59:00Z,3609.03,IMPS,59,1415,3,2,False,False,0,0
TXN_100775,2024-04-09T06:18:00Z,9805.99,IMPS,65,2986,3,8,False,False,1,0
TXN_102792,2024-11-03T07:25:00Z,2824.5,IMPS,1187,1465,7,3,False,False,1,0
TXN_102176,2024-01-15T21:53:00Z,318660.27,IMPS,1559,203,5,2,False,False,0,0
TXN_101960,2024-09-08T09:49:00Z,14919.66,IMPS,1720,1147,1,2,False,False,1,0
TXN_101751,2024-12-09T22:29:00Z,2209.26,IMPS,657,3519,4,2,False,False,1,0
TXN_101796,2024-07-19T09:47:00Z,1631.74,UPI,1131,2414,0,6,False,True,0,0
TXN_100978,2024-03-04T14:41:00Z,3056.35,RTGS,2733,2300,2,3,False,True,1,0
TXN_100886,2024-01-10T21:46:00Z,548.91,IMPS,1342,2625,6,4,False,True,0,0
TXN_102227,2024-06-26T10:26:00Z,14161.1,IMPS,2321,940,6,9,False,False,1,0
TXN_101964,2024-10-07T08:37:00Z,5639.99,RTGS,3315,3536,0,5,False,False,1,0
TXN_101688,2024-10-27T11:59:00Z,943.85,UPI,3241,3255,6,4,False,False,1,0
TXN_100433,2024-04-08T09:45:00Z,1024.98,RTGS,146,1947,1,9,False,False,0,0
TXN_102028,2024-04-19T12:04:00Z,2585.75,UPI,3468,2000,4,4,False,False,1,0
TXN_100445,2024-12-29T16:14:00Z,11898.36,NEFT,509,514,3,7,False,False,0,0
TXN_101848,2024-05-22T09:47:00Z,1378.68,NEFT,1359,2287,0,1,False,False,1,0
TXN_102892,2024-03-18T16:59:00Z,5654.12,UPI,2827,1396,5,6,False,False,1,0
TXN_102041,2024-04-28T22:13:00Z,5192.12,NEFT,810,2113,2,5,False,False,1,0
TXN_102904,2024-06-01T06:53:00Z,11766.25,RTGS,2914,2518,2,5,False,False,0,0
TXN_101590,2024-12-27T09:52:00Z,5785.76,RTGS,1208,2040,5,5,False,False,1,0
TXN_102665,2024-10-31T22:27:00Z,1511.49,RTGS,890,2124,7,9,False,True,0,0
TXN_101136,2024-08-10T08:48:00Z,3715.33,RTGS,3305,2085,6,6,False,False,0,0
TXN_102564,2024-02-27T12:30:00Z,1770.09,RTGS,1621,2003,3,5,False,False,1,0
TXN_101791,2024-02-04T19:07:00Z,4726.6,RTGS,3188,3531,4,2,False,False,1,0
TXN_102926,2024-10-23T16:47:00Z,3965.75,RTGS,0,53,5,6,True,False,1,1
TXN_101468,2024-06-21T20:05:00Z,11042.35,UPI,225,2273,0,6,False,False,0,0
TXN_100283,2024-07-14T20:31:00Z,6300.58,NEFT,1731,1843,4,2,False,False,0,0
TXN_102980,2024-05-05T12:06:00Z,7846.52,RTGS,1,1376,1,7,True,False,1,1
TXN_100186,2024-04-21T11:01:00Z,8777.76,NEFT,2512,2576,6,8,False,False,0,0
TXN_102443,2024-06-22T13:35:00Z,2663.56,IMPS,634,420,3,4,False,False,1,0
TXN_101050,2024-08-11T15:33:00Z,22890.78,NEFT,2949,1940,2,5,False,False,1,0
TXN_101963,2024-08-26T06:16:00Z,2559.18,NEFT,1553,2065,6,4,False,True,0,0
TXN_100505,2024-08-14T15:34:00Z,5938.14,NEFT,1535,3116,3,5,False,False,1,0
TXN_101429,2024-10-31T22:31:00Z,29902.82,NEFT,3323,3539,4,9,False,False,1,0
TXN_100868,2024-02-10T11:21:00Z,19761.48,RTGS,1224,1619,1,5,False,False,1,0
TXN_101483,2024-05-31T11:08:00Z,2408.42,RTGS,3046,3074,6,8,False,False,1,0
TXN_102122,2024-09-02T17:53:00Z,21886.9,NEFT,2506,2031,7,3,True,False,1,0
TXN_100260,2024-03-28T18:42:00Z,45274.55,RTGS,1987,246,6,1,False,False,1,0
TXN_100372,2024-12-12T06:51:00Z,8368.87,NEFT,2698,635,0,9,False,False,1,0
TXN_100656,2024-12-25T15:46:00Z,7875.32,UPI,1062,454,7,1,False,False,1,0
TXN_102461,2024-05-14T10:27:00Z,12138.41,NEFT,1832,226,5,5,False,False,0,0
TXN_101303,2024-04-24T14:17:00Z,5723.3,IMPS,1509,2493,4,9,False,False,1,0
TXN_101105,2024-03-23T17:46:00Z,24646.71,UPI,30,2713,1,7,False,False,0,0
TXN_102083,2024-07-10T09:25:00Z,2176.36,UPI,3016,3493,7,3,True,False,1,0
TXN_102103,2024-05-14T08:34:00Z,2156.81,RTGS,923,2627,4,1,False,False,1,0
TXN_102917,2024-11-19T14:01:00Z,48550.52,NEFT,4,2958,0,6,True,False,0,1
TXN_102659,2024-03-21T08:35:00Z,4970.43,NEFT,3063,247,3,3,False,False,1,0
TXN_100889,2024-06-11T21:32:00Z,5512.48,RTGS,2658,3108,7,8,False,False,0,0
TXN_101568,2024-05-14T21:34:00Z,25051.69,IMPS,3222,183,4,3,False,False,0,0
TXN_102595,2024-05-25T20:32:00Z,15209.37,IMPS,3115,947,1,4,False,False,1,0
TXN_102193,2024-09-18T20:45:00Z,5782.3,UPI,835,592,1,6,False,False,0,0
TXN_100321,2024-08-27T07:24:00Z,6029.41,NEFT,2212,3586,5,9,False,False,1,0
TXN_101824,2024-11-19T14:42:00Z,2302.67,RTGS,3515,2026,1,8,False,False,1,0
TXN_100054,2024-01-12T17:41:00Z,7987.3,RTGS,101,680,7,8,False,False,1,0
TXN_102109,2024-01-22T13:22:00Z,7973.38,NEFT,2755,2751,6,2,False,True,0,0
TXN_100408,2024-12-01T13:16:00Z,25491.3,UPI,3318,621,4,6,False,False,1,0
TXN_102510,2024-01-24T16:08:00Z,891.41,UPI,2517,115,1,7,False,False,0,0
TXN_101257,2024-08-04T16:06:00Z,14240.63,IMPS,1142,2309,5,4,True,False,1,0
TXN_100467,2024-01-19T11:09:00Z,3340.52,RTGS,3456,456,0,4,False,False,0,0
TXN_100870,2024-08-11T10:19:00Z,8462.58,NEFT,999,3046,2,5,False,False,1,0
TXN_101990,2024-07-04T16:33:00Z,7161.57,NEFT,3498,924,0,5,False,False,0,0
TXN_100418,2024-12-24T11:01:00Z,771.47,NEFT,2262,108,1,6,False,False,0,0
TXN_102545,2024-11-30T17:40:00Z,9520.97,UPI,1152,2498,7,3,False,False,0,0
TXN_101802,2024-01-16T10:51:00Z,1032.59,IMPS,2625,1168,4,2,False,False,0,0
TXN_102233,2024-05-22T12:24:00Z,13772.65,UPI,1473,1325,4,9,False,False,1,0
TXN_102370,2024-03-26T19:42:00Z,3755.63,IMPS,2206,3039,6,3,False,False,0,0
TXN_100415,2024-01-24T15:48:00Z,11118.38,IMPS,3094,1226,4,8,False,True,0,0
TXN_100713,2024-07-12T18:58:00Z,2067.46,UPI,2629,3580,3,5,False,False,1,0
TXN_101330,2024-07-14T18:44:00Z,2455.29,NEFT,3355,112,3,8,True,False,0,0
TXN_100313,2024-04-05T08:32:00Z,5944.89,RTGS,2910,464,2,3,False,False,1,0
TXN_100503,2024-10-28T16:19:00Z,2932.69,UPI,1356,3526,2,4,False,False,0,0
TXN_101640,2024-10-30T09:42:00Z,43924.46,IMPS,145,354,0,8,False,False,0,0
TXN_102554,2024-07-02T17:39:00Z,1409.81,RTGS,973,1679,4,6,False,False,0,0
TXN_102849,2024-03-01T11:02:00Z,7121.62,NEFT,1017,2952,4,9,False,False,0,0
TXN_101008,2024-02-08T10:17:00Z,7493.95,IMPS,1187,90,4,8,False,False,0,0
TXN_101646,2024-08-31T13:26:00Z,54151.48,IMPS,526,1534,0,4,False,True,1,0
TXN_100560,2024-02-23T18:04:00Z,38932.21,NEFT,2607,1467,1,3,False,True,1,0
TXN_100192,2024-09-08T10:58:00Z,97067.95,RTGS,3329,1683,3,8,False,False,0,0
TXN_102798,2024-03-15T22:06:00Z,22852.34,UPI,2761,1498,5,7,False,False,1,0
TXN_100183,2024-11-24T12:55:00Z,4327.39,IMPS,3094,3344,2,5,False,True,0,0
TXN_100353,2024-05-28T22:44:00Z,68689.05,NEFT,2327,3071,0,7,False,False,0,0
TXN_100660,2024-02-06T06:56:00Z,11486.58,UPI,1456,2116,4,5,False,False,0,0
TXN_100102,2024-11-26T08:36:00Z,65563.78,RTGS,2147,2898,4,3,False,False,1,0
TXN_101687,2024-01-18T11:27:00Z,3347.07,UPI,1401,3216,4,6,False,False,1,0
TXN_100591,2024-09-30T16:26:00Z,7073.75,NEFT,2556,2722,5,9,False,True,0,0
TXN_100723,2024-10-16T20:25:00Z,3652.23,IMPS,1400,249,1,9,False,False,1,0
TXN_101775,2024-10-21T21:43:00Z,2769.31,NEFT,1635,2751,1,5,False,False,0,0
TXN_100872,2024-08-03T18:35:00Z,11658.57,RTGS,1753,2563,6,3,False,False,0,0
TXN_101117,2024-08-16T10:10:00Z,1474.31,RTGS,2964,1937,6,6,False,False,0,0
TXN_102431,2024-01-08T08:55:00Z,9818.43,RTGS,3635,1458,1,2,False,False,0,0
TXN_102903,2024-07-26T10:21:00Z,17727.98,UPI,3590,726,0,8,False,False,1,0
TXN_101788,2024-09-07T09:10:00Z,805.68,UPI,441,1127,7,8,False,False,1,0
TXN_102396,2024-05-06T09:14:00Z,666.77,RTGS,604,1963,0,7,False,False,0,0
TXN_102844,2024-02-15T08:22:00Z,29158.17,IMPS,2016,403,2,2,False,False,0,0
TXN_100053,2024-06-26T15:13:00Z,10605.02,UPI,2183,2083,2,7,False,False,1,0
TXN_100096,2024-08-24T20:55:00Z,35433.86,RTGS,747,2692,1,9,False,False,1,0
TXN_102565,2024-03-05T21:15:00Z,7234.73,NEFT,1246,62,1,5,False,False,0,0
TXN_100862,2024-03-17T19:11:00Z,3744.32,IMPS,177,979,5,9,False,False,1,0
TXN_100866,2024-12-10T20:50:00Z,6562.81,UPI,2245,3456,2,9,False,False,0,0
TXN_101004,2024-10-20T21:01:00Z,4824.94,NEFT,179,931,6,8,False,False,0,0
TXN_100165,2024-07-01T06:13:00Z,1032.01,IMPS,251,568,2,5,False,False,1,0
TXN_102060,2024-03-06T06:47:00Z,4886.4,IMPS,785,3085,4,4,False,False,0,0
TXN_101729,2024-12-17T07:14:00Z,5782.25,UPI,1524,754,3,6,False,False,0,0
TXN_101516,2024-09-14T17:39:00Z,1326.73,NEFT,2536,187,4,2,False,False,1,0
TXN_101996,2024-04-18T09:59:00Z,1867.9,NEFT,1531,756,2,1,False,False,1,0
TXN_100957,2024-03-12T15:15:00Z,14305.44,IMPS,144,145,2,2,False,False,0,0
TXN_100516,2024-08-06T18:24:00Z,8240.29,NEFT,2584,2082,5,3,False,True,0,0
TXN_100564,2024-06-25T16:29:00Z,5914.31,RTGS,2868,3622,6,5,False,False,0,0
TXN_101743,2024-06-28T07:42:00Z,1254.03,UPI,3373,562,7,2,False,False,0,0
TXN_100851,2024-09-03T16:18:00Z,33585.66,RTGS,820,3312,0,9,False,False,1,0
TXN_101827,2024-01-03T06:35:00Z,2843.4,RTGS,712,1184,7,9,False,False,1,0
TXN_101057,2024-05-25T06:24:00Z,15629.91,RTGS,329,1449,2,5,False,False,1,0
TXN_102694,2024-11-27T06:58:00Z,1352.45,UPI,2526,2902,5,5,False,False,1,0
TXN_101223,2024-01-28T09:20:00Z,9067.77,NEFT,2684,2988,4,3,False,False,1,0
TXN_102034,2024-10-06T14:20:00Z,14439.87,RTGS,70,787,1,4,False,False,0,0
TXN_100200,2024-04-03T18:37:00Z,1437.91,RTGS,1470,452,3,5,False,False,0,0
TXN_101381,2024-08-13T11:30:00Z,52323.97,IMPS,2228,2256,4,6,False,False,0,0
TXN_102343,2024-04-22T13:53:00Z,7695.11,RTGS,1018,1424,1,4,False,False,1,0
TXN_102730,2024-04-13T16:04:00Z,10731.05,UPI,3005,3336,4,8,False,False,0,0
TXN_101549,2024-09-03T07:35:00Z,98.82,NEFT,745,1721,4,9,False,False,1,0
TXN_100093,2024-07-23T22:38:00Z,455.4,NEFT,495,1944,7,6,False,False,0,0
TXN_101282,2024-06-26T19:55:00Z,2256.28,NEFT,2564,1071,0,3,False,False,0,0
TXN_102561,2024-03-19T20:21:00Z,29757.23,UPI,441,1297,7,3,False,False,1,0
TXN_100239,2024-08-09T07:24:00Z,3735.39,NEFT,2256,3472,2,3,False,False,0,0
TXN_101491,2024-03-06T17:07:00Z,4078.16,IMPS,2344,3635,2,5,False,False,0,0
TXN_100383,2024-01-27T10:22:00Z,381.83,UPI,1559,909,3,9,False,False,0,0
TXN_100554,2024-12-16T17:45:00Z,10069.45,NEFT,3587,1853,0,3,False,False,1,0
TXN_100546,2024-11-12T16:31:00Z,975.91,RTGS,619,775,2,6,False,False,1,0
TXN_102532,2024-05-05T18:36:00Z,41817.37,UPI,2903,1072,6,7,False,False,1,0
TXN_101098,2024-09-22T17:00:00Z,16830.62,RTGS,2067,2691,1,8,False,False,0,0
TXN_102050,2024-05-06T21:14:00Z,8672.69,IMPS,1939,2654,1,9,False,False,1,0
TXN_100490,2024-02-02T19:04:00Z,20262.45,IMPS,2747,2002,5,2,False,False,0,0
TXN_102166,2024-09-24T19:29:00Z,2565.05,IMPS,1537,472,5,1,False,False,1,0
TXN_100430,2024-06-12T12:46:00Z,894.51,UPI,3376,1904,1,6,False,False,0,0
TXN_101499,2024-09-25T17:17:00Z,32154.63,RTGS,2998,1074,6,8,False,True,1,0
TXN_100586,2024-11-04T14:06:00Z,30549.83,RTGS,3222,334,1,2,False,False,1,0
TXN_102777,2024-04-05T11:53:00Z,16223.5,RTGS,2685,1802,5,3,False,False,1,0
TXN_102617,2024-10-09T17:25:00Z,25223.6,IMPS,1866,3627,1,8,False,False,0,0
TXN_102830,2024-04-22T10:05:00Z,13658.34,IMPS,2562,794,5,1,False,False,0,0
TXN_100317,2024-07-11T19:09:00Z,1514.14,UPI,2670,554,3,1,False,False,0,0
TXN_102690,2024-07-12T20:36:00Z,10327.84,NEFT,1724,2928,4,5,False,False,1,0
TXN_100579,2024-03-02T22:56:00Z,16718.02,RTGS,3154,977,5,8,False,False,1,0
TXN_101155,2024-12-08T08:29:00Z,3832.86,IMPS,1552,3554,4,7,False,False,1,0
TXN_101457,2024-09-12T15:05:00Z,1325.11,UPI,1576,330,3,6,False,False,0,0
TXN_101434,2024-02-03T19:12:00Z,4499.92,RTGS,2585,3337,2,9,False,False,1,0
TXN_101985,2024-08-02T16:26:00Z,4074.32,UPI,223,1485,6,6,False,False,0,0
TXN_102280,2024-10-14T20:55:00Z,7347.59,RTGS,2760,2422,2,8,False,False,0,0
TXN_102787,2024-11-11T07:14:00Z,4021.24,RTGS,514,1283,5,2,False,False,1,0
TXN_102164,2024-02-01T13:39:00Z,457.04,UPI,418,1024,2,2,False,False,1,0
TXN_100960,2024-01-25T18:01:00Z,17705.12,RTGS,1901,966,2,4,False,False,0,0
TXN_100639,2024-10-22T09:29:00Z,2715.3,NEFT,1477,649,7,3,False,False,0,0
TXN_100848,2024-05-10T12:54:00Z,3409.13,IMPS,217,1387,3,5,False,False,0,0
TXN_100518,2024-05-01T17:29:00Z,9623.14,RTGS,1520,2557,2,7,False,False,0,0
TXN_102910,2024-10-03T14:27:00Z,36733.76,RTGS,1347,1308,3,4,False,False,0,0
TXN_100138,2024-02-05T17:58:00Z,37996.78,NEFT,1523,3064,7,1,False,False,1,0
TXN_100382,2024-06-03T21:22:00Z,3820.17,RTGS,2594,322,2,1,False,False,0,0
TXN_102983,2024-04-08T13:37:00Z,11825.47,RTGS,2243,3026,24,5,False,False,1,1
TXN_102737,2024-09-25T07:05:00Z,7495.06,UPI,2151,2891,7,9,False,False,1,0
TXN_102613,2024-05-17T07:04:00Z,863.27,NEFT,430,1709,1,6,False,True,1,0
TXN_101415,2024-04-27T20:16:00Z,2032.35,NEFT,1604,2806,1,6,True,False,0,0
TXN_101703,2024-12-02T18:05:00Z,1071.16,NEFT,1490,1531,2,8,False,False,1,0
TXN_102657,2024-06-16T19:24:00Z,20391.26,NEFT,2219,1353,1,8,False,False,0,0
TXN_102520,2024-01-20T07:48:00Z,3881.55,UPI,2202,960,5,4,False,False,1,0
TXN_101306,2024-08-12T18:45:00Z,6575.51,IMPS,2912,2860,7,5,False,False,1,0
TXN_100297,2024-08-12T08:42:00Z,6573.04,RTGS,1253,2319,0,8,False,False,1,0
TXN_100198,2024-06-27T19:26:00Z,1132.58,RTGS,834,3109,7,7,False,False,1,0
TXN_100224,2024-04-09T07:59:00Z,7229.02,IMPS,1416,3361,1,4,False,False,0,0
TXN_100986,2024-07-03T08:21:00Z,7355.82,NEFT,1145,2074,3,2,False,False,1,0
TXN_102016,2024-12-27T16:24:00Z,2077.91,NEFT,3532,2971,5,8,False,False,0,0
TXN_100323,2024-08-21T13:39:00Z,842.45,UPI,2113,2267,5,3,False,False,0,0
TXN_102625,2024-07-31T18:51:00Z,8198.99,UPI,1402,1174,2,7,False,False,1,0
TXN_101271,2024-04-04T06:03:00Z,17127.62,IMPS,1762,2027,1,8,False,True,0,0
TXN_101843,2024-03-28T10:41:00Z,1593.64,IMPS,1601,1015,6,7,False,False,0,0
TXN_101409,2024-09-24T09:03:00Z,5401.76,UPI,116,673,3,1,False,True,0,0
TXN_102914,2024-10-04T18:52:00Z,2436.42,RTGS,629,396,25,9,False,False,0,1
TXN_102674,2024-10-19T14:27:00Z,23291.68,NEFT,3352,2953,5,4,False,False,1,0
TXN_100701,2024-06-04T15:16:00Z,38373.66,UPI,1193,3352,5,2,False,False,1,0
TXN_100274,2024-03-09T12:20:00Z,3263.04,IMPS,544,152,1,1,False,False,1,0
TXN_100174,2024-12-21T22:56:00Z,2953.36,UPI,2815,678,3,8,False,False,0,0
TXN_101293,2024-06-29T12:28:00Z,5267.36,UPI,844,2219,0,2,False,False,1,0
TXN_101104,2024-02-16T12:56:00Z,3586.28,IMPS,3043,1073,7,8,False,False,0,0
TXN_102005,2024-01-26T16:24:00Z,10219.31,RTGS,3068,134,5,8,True,True,1,0
TXN_101504,2024-08-19T18:33:00Z,3736.84,NEFT,326,107,1,5,False,False,0,0
TXN_101503,2024-11-21T13:12:00Z,1898.22,IMPS,1692,3371,0,4,False,False,1,0
TXN_100500,2024-09-20T21:14:00Z,17174.15,NEFT,3258,2908,4,2,False,True,1,0
TXN_102070,2024-03-26T13:31:00Z,1370.12,IMPS,2135,903,6,1,False,False,0,0
TXN_102810,2024-01-11T17:47:00Z,9640.15,RTGS,2804,2534,3,8,False,False,0,0
TXN_100085,2024-05-26T12:01:00Z,1708.28,NEFT,1375,2905,3,2,False,False,1,0
TXN_100071,2024-04-08T14:13:00Z,654.59,NEFT,885,1080,1,9,False,False,0,0
TXN_102555,2024-03-01T22:21:00Z,6555.43,RTGS,595,1841,3,9,False,True,1,0
TXN_100311,2024-03-12T17:42:00Z,11678.63,UPI,2540,3401,0,6,False,False,0,0
TXN_102067,2024-10-29T21:02:00Z,3169.29,RTGS,270,1276,6,8,False,False,1,0
TXN_100605,2024-06-06T11:31:00Z,331.79,IMPS,3111,2759,6,5,False,False,1,0
TXN_102833,2024-05-13T21:26:00Z,1764.64,UPI,1498,2564,6,1,False,False,0,0
TXN_100922,2024-09-29T06:21:00Z,5886.82,UPI,1604,2627,4,3,False,False,1,0
TXN_100177,2024-08-04T07:00:00Z,35490.6,IMPS,274,3389,6,9,False,False,1,0
TXN_101405,2024-10-20T21:13:00Z,2759.53,UPI,3393,1597,0,9,False,False,0,0
TXN_102696,2024-05-25T15:07:00Z,16550.93,RTGS,2339,618,1,3,False,False,0,0
TXN_101360,2024-09-08T06:46:00Z,11187.31,UPI,110,189,3,5,False,False,0,0
TXN_102519,2024-11-11T15:18:00Z,778.81,NEFT,2227,1848,1,8,False,False,1,0
TXN_101735,2024-10-09T21:12:00Z,1964.15,NEFT,1859,56,7,8,False,False,1,0
TXN_100637,2024-07-18T08:38:00Z,1792.33,RTGS,3337,1497,3,6,False,False,1,0
TXN_100497,2024-04-08T20:36:00Z,3844.29,RTGS,2835,1649,7,9,False,False,1,0
TXN_101173,2024-05-23T20:01:00Z,5437.68,NEFT,474,3294,3,4,False,False,0,0
TXN_100925,2024-11-18T21:35:00Z,55073.23,NEFT,160,1088,5,8,False,False,0,0
TXN_101761,2024-03-26T22:04:00Z,20045.22,RTGS,3163,2988,2,8,False,True,0,0
TXN_101580,2024-07-17T08:15:00Z,743.03,NEFT,1070,2341,7,3,False,False,0,0
TXN_101342,2024-02-08T19:06:00Z,9869.79,UPI,2167,3005,4,6,False,False,1,0
TXN_100888,2024-07-01T19:40:00Z,7537.27,NEFT,1272,3099,1,8,False,False,0,0
TXN_101095,2024-04-06T16:02:00Z,4642.8,RTGS,1761,1779,3,4,False,False,0,0
TXN_102753,2024-10-14T09:23:00Z,5613.65,NEFT,742,3001,5,7,False,False,0,0
TXN_102573,2024-02-17T16:05:00Z,29137.11,RTGS,1235,2467,2,6,False,False,1,0
TXN_101469,2024-09-13T22:40:00Z,1815.25,IMPS,1447,3006,0,2,False,False,1,0
TXN_102529,2024-04-19T10:06:00Z,4273.56,IMPS,1809,1380,6,3,True,False,0,0
TXN_102501,2024-10-18T11:23:00Z,42218.25,RTGS,990,3182,3,4,False,False,0,0
TXN_102746,2024-09-05T17:32:00Z,5190.16,RTGS,752,1357,5,2,False,False,0,0
TXN_101748,2024-09-01T17:40:00Z,2202.19,IMPS,317,2968,3,4,False,False,0,0
TXN_100173,2024-11-06T17:00:00Z,5275.32,IMPS,1629,1481,6,9,False,False,0,0
TXN_100176,2024-02-22T18:43:00Z,5184.23,UPI,3624,306,3,1,False,False,0,0
TXN_100764,2024-03-17T22:51:00Z,4837.95,UPI,2492,1334,3,1,False,False,1,0
TXN_101733,2024-01-01T09:06:00Z,10094.24,RTGS,2807,944,1,3,False,False,0,0
TXN_102513,2024-09-05T06:26:00Z,8342.37,NEFT,2527,1435,4,9,False,False,0,0
TXN_101532,2024-04-18T12:26:00Z,3845.15,RTGS,1227,239,6,2,False,False,1,0
TXN_100829,2024-07-07T09:11:00Z,1156.62,UPI,2579,2668,0,5,False,False,0,0
TXN_100563,2024-10-18T14:32:00Z,16712.85,RTGS,3516,3206,3,5,False,False,0,0
TXN_100368,2024-08-28T09:02:00Z,18380.75,NEFT,753,936,7,1,False,True,0,0
TXN_101229,2024-09-13T12:19:00Z,1361.3,IMPS,282,3228,2,2,False,True,0,0
TXN_100828,2024-02-28T21:17:00Z,2207.11,UPI,3229,2436,5,7,False,False,1,0
TXN_100587,2024-11-28T21:26:00Z,7432.44,RTGS,1748,975,2,4,False,False,0,0
TXN_101187,2024-11-15T18:00:00Z,27366.07,IMPS,1307,2014,0,9,False,False,1,0
TXN_101260,2024-05-02T18:04:00Z,4407.06,IMPS,155,1752,6,8,False,False,0,0
TXN_100191,2024-09-04T22:18:00Z,7078.29,RTGS,2124,2165,0,2,False,False,1,0
TXN_101889,2024-06-19T07:42:00Z,13964.85,NEFT,284,1430,4,9,False,False,0,0
TXN_101694,2024-06-19T06:22:00Z,17336.94,RTGS,2635,1002,3,7,False,False,1,0
TXN_100355,2024-05-22T17:34:00Z,5074.94,UPI,1855,1193,3,5,False,False,1,0
TXN_100120,2024-09-02T15:44:00Z,411.95,RTGS,2654,1104,6,3,False,False,0,0
TXN_102951,2024-12-13T11:24:00Z,4048.35,IMPS,0,2387,2,6,True,True,0,1
TXN_102023,2024-07-25T21:47:00Z,2215.36,UPI,1056,1394,4,3,False,False,0,0
TXN_102138,2024-05-07T06:49:00Z,6052.29,NEFT,2515,1223,4,7,False,False,1,0
TXN_100452,2024-07-05T17:31:00Z,5840.69,NEFT,1615,1607,6,7,False,False,1,0
TXN_102002,2024-06-14T18:04:00Z,1486.32,UPI,1755,283,2,7,False,False,1,0
TXN_102577,2024-09-14T22:54:00Z,1882.63,UPI,2819,2378,3,3,False,False,0,0
TXN_102640,2024-01-27T09:37:00Z,6541.91,UPI,2434,826,5,3,False,False,0,0
TXN_102656,2024-10-21T11:20:00Z,10167.28,NEFT,826,1394,0,5,False,False,0,0
TXN_100534,2024-07-25T14:46:00Z,2491.44,UPI,2336,1588,7,9,False,False,0,0
TXN_102205,2024-03-07T22:46:00Z,15702.45,UPI,984,1521,5,4,False,False,0,0
TXN_101152,2024-05-13T20:37:00Z,9822.45,RTGS,1286,119,1,9,False,False,1,0
TXN_101116,2024-02-15T14:18:00Z,3814.22,RTGS,1415,2904,3,8,False,False,1,0
TXN_102184,2024-05-26T06:20:00Z,2960.32,UPI,1567,1043,7,3,False,False,0,0
TXN_100777,2024-07-11T06:04:00Z,482.5,RTGS,3011,2751,7,8,False,False,0,0
TXN_100448,2024-02-06T14:59:00Z,242.55,UPI,3478,1927,0,4,True,False,0,0
TXN_100322,2024-07-09T19:55:00Z,1178.25,NEFT,98,2856,5,9,False,False,0,0
TXN_102217,2024-02-12T18:17:00Z,1767.25,RTGS,2343,1448,5,1,False,False,0,0
TXN_102179,2024-11-11T17:52:00Z,18464.5,UPI,2358,1546,7,6,False,False,0,0
TXN_101834,2024-03-17T15:44:00Z,5545.1,RTGS,2346,2918,5,9,False,False,0,0
TXN_102232,2024-10-24T10:28:00Z,3135.07,UPI,164,1785,2,2,False,False,0,0
TXN_100908,2024-10-11T20:30:00Z,24428.93,UPI,1450,3072,6,2,True,False,0,0
TXN_100045,2024-09-25T12:31:00Z,50571.54,NEFT,2155,3514,5,3,False,False,1,0
TXN_100431,2024-07-31T08:09:00Z,14009.55,RTGS,891,1386,5,8,False,False,1,0
TXN_102706,2024-09-17T22:35:00Z,31855.19,RTGS,1519,1765,0,2,False,False,0,0
TXN_102270,2024-09-06T06:25:00Z,4133.27,UPI,813,259,1,7,False,False,1,0
TXN_101240,2024-05-28T18:28:00Z,840.01,IMPS,2134,2939,1,8,False,False,0,0
TXN_100050,2024-09-30T21:41:00Z,1558.97,IMPS,3236,2671,4,1,False,False,1,0
TXN_102051,2024-04-16T17:31:00Z,7964.99,NEFT,1155,1727,4,3,False,False,0,0
TXN_102824,2024-01-20T20:47:00Z,17197.76,IMPS,1939,2864,1,2,False,False,1,0
TXN_100119,2024-01-26T22:48:00Z,290.56,UPI,2339,3386,2,1,False,False,1,0
TXN_100694,2024-10-02T15:43:00Z,4046.39,IMPS,593,1738,1,7,False,False,1,0
TXN_101432,2024-07-22T14:54:00Z,22810.95,UPI,2972,3256,7,5,False,False,0,0
TXN_101846,2024-09-20T08:14:00Z,4420.64,NEFT,3022,2586,0,4,False,False,0,0
TXN_102761,2024-11-11T07:36:00Z,1940.14,NEFT,3574,2599,1,5,False,False,0,0
TXN_101917,2024-06-26T11:18:00Z,3522.29,IMPS,1882,1735,0,2,False,False,0,0
TXN_101747,2024-10-16T10:33:00Z,4455.9,NEFT,3649,1500,0,2,False,False,1,0
TXN_101813,2024-09-24T10:32:00Z,1727.33,NEFT,3135,2269,1,5,False,False,0,0
TXN_100765,2024-07-15T17:03:00Z,3031.32,NEFT,1372,1307,1,3,False,False,1,0
TXN_101298,2024-09-20T14:32:00Z,7614.76,NEFT,2939,3001,7,1,False,False,0,0
TXN_102542,2024-07-21T15:54:00Z,5044.28,IMPS,37,1748,7,8,False,False,0,0
TXN_100946,2024-07-29T15:33:00Z,1712.83,IMPS,2395,1935,2,8,False,False,0,0
TXN_100867,2024-10-09T11:18:00Z,6793.23,UPI,2082,116,3,1,False,True,1,0
TXN_101418,2024-07-22T06:32:00Z,13864.81,UPI,2097,2274,1,2,False,False,0,0
TXN_100223,2024-06-16T13:15:00Z,18942.33,IMPS,2827,1394,5,4,False,False,0,0
TXN_100206,2024-05-12T08:18:00Z,12091.06,NEFT,1771,1610,2,4,False,False,1,0
TXN_100100,2024-10-18T16:08:00Z,26157.93,IMPS,1388,3236,1,2,True,False,1,0
TXN_100644,2024-09-21T19:19:00Z,34510.4,RTGS,343,749,6,4,False,False,1,0
TXN_101081,2024-07-09T22:13:00Z,2346.96,UPI,2601,3411,0,4,False,False,0,0
TXN_102130,2024-05-15T20:21:00Z,6694.11,UPI,811,2383,7,3,False,False,1,0
TXN_100900,2024-05-03T17:08:00Z,13726.01,UPI,70,1371,6,4,False,False,0,0
TXN_100699,2024-08-03T10:53:00Z,39181.14,RTGS,416,3608,0,5,False,False,0,0
TXN_100633,2024-03-14T15:57:00Z,13141.29,RTGS,1548,3082,5,5,False,False,0,0
TXN_102306,2024-10-19T14:10:00Z,343.32,RTGS,1973,1264,3,3,False,False,0,0
TXN_102106,2024-12-09T15:16:00Z,3506.01,IMPS,3597,1099,7,1,False,False,0,0
TXN_100019,2024-11-15T14:37:00Z,35432.7,RTGS,2246,1954,2,6,False,False,1,0
TXN_102449,2024-02-20T19:18:00Z,1717.14,UPI,2987,2805,7,4,False,False,1,0
TXN_101880,2024-07-22T14:04:00Z,524.55,NEFT,2562,498,5,8,False,False,0,0
TXN_102468,2024-08-02T12:47:00Z,4976.07,RTGS,2514,759,1,7,False,True,1,0
TXN_101265,2024-01-25T14:15:00Z,4715.69,RTGS,2055,1182,2,7,False,False,0,0
TXN_102021,2024-07-05T13:16:00Z,3974.71,UPI,610,777,2,7,False,False,0,0
TXN_102991,2024-04-25T02:55:00Z,189164.97,RTGS,3389,3106,3,5,False,False,1,1
TXN_101823,2024-01-10T19:30:00Z,219.05,UPI,988,1933,3,2,True,False,0,0
TXN_101622,2024-02-14T21:54:00Z,13249.92,IMPS,1689,2836,2,4,False,True,0,0
TXN_102433,2024-09-26T07:17:00Z,2623.8,RTGS,2544,697,1,7,False,True,1,0
TXN_100613,2024-09-08T20:23:00Z,2003.76,IMPS,136,862,6,5,False,False,0,0
TXN_102905,2024-05-10T21:35:00Z,10086.03,RTGS,256,181,6,9,False,False,0,0
TXN_101851,2024-04-30T06:22:00Z,2838.12,RTGS,1196,1345,0,5,False,False,0,0
TXN_101538,2024-05-09T19:07:00Z,2452.76,NEFT,2415,330,0,8,False,False,0,0
TXN_101955,2024-10-16T11:59:00Z,4019.77,UPI,468,2628,1,6,False,False,0,0
TXN_102025,2024-04-04T15:06:00Z,3039.12,IMPS,1079,3454,0,8,False,False,1,0
TXN_100619,2024-05-15T19:08:00Z,6160.69,IMPS,2805,3521,0,1,False,False,0,0
TXN_101280,2024-12-07T16:06:00Z,9476.71,NEFT,883,777,3,2,False,False,1,0
TXN_102466,2024-05-03T19:20:00Z,2092.57,NEFT,717,1060,4,8,False,False,1,0
TXN_101328,2024-08-14T10:17:00Z,14636.36,RTGS,871,3588,0,1,False,False,1,0
TXN_101908,2024-11-15T17:41:00Z,3656.37,NEFT,2993,281,4,9,False,False,0,0
TXN_101320,2024-06-22T13:01:00Z,3602.64,UPI,3279,2532,5,9,False,False,0,0
TXN_100842,2024-04-26T21:43:00Z,15439.59,RTGS,3308,882,1,9,False,False,0,0
TXN_101887,2024-12-01T13:43:00Z,1088.71,RTGS,246,734,4,2,False,True,0,0
TXN_101635,2024-01-18T17:43:00Z,5147.38,RTGS,2466,3144,0,5,True,False,1,0
TXN_100692,2024-11-06T20:12:00Z,2637.48,RTGS,3038,614,7,7,False,False,1,0
TXN_101690,2024-12-04T12:20:00Z,11763.39,RTGS,2132,1177,5,1,False,False,1,0
TXN_100670,2024-03-19T19:08:00Z,1600.72,RTGS,3414,2006,7,7,False,False,0,0
TXN_102952,2024-10-18T10:32:00Z,1726.71,NEFT,1680,2844,33,2,False,False,0,1
TXN_102740,2024-09-17T08:19:00Z,2297.06,NEFT,2860,912,0,4,False,False,1,0
TXN_101054,2024-12-08T21:46:00Z,3113.43,UPI,3056,482,3,4,False,False,1,0
TXN_100750,2024-07-24T11:37:00Z,2540.94,IMPS,179,607,2,4,False,False,0,0
TXN_100799,2024-05-11T07:11:00Z,14475.26,IMPS,651,1826,1,1,False,False,1,0
TXN_101373,2024-05-30T12:17:00Z,2194.36,IMPS,2177,662,0,1,False,False,0,0
TXN_102335,2024-08-06T14:27:00Z,1613.09,NEFT,2669,1919,1,7,False,False,1,0
TXN_102046,2024-06-28T22:42:00Z,8104.36,UPI,2502,3141,6,8,False,False,0,0
TXN_100332,2024-06-10T15:12:00Z,15016.31,IMPS,860,50,6,4,False,False,0,0
TXN_101287,2024-03-23T10:29:00Z,3753.34,RTGS,3281,3639,2,5,False,False,0,0
TXN_102622,2024-05-18T17:05:00Z,1524.43,RTGS,3079,1445,7,7,False,False,0,0
TXN_101614,2024-02-04T08:36:00Z,5974.97,UPI,2866,2482,2,7,False,False,0,0
TXN_100036,2024-01-01T12:14:00Z,3792.91,NEFT,116,2841,6,3,False,True,1,0
TXN_102330,2024-07-17T14:50:00Z,4656.09,NEFT,422,2502,2,4,False,False,0,0
TXN_100483,2024-05-26T07:49:00Z,1159.9,RTGS,968,3018,5,9,True,False,1,0
TXN_102328,2024-10-23T09:43:00Z,33129.87,IMPS,2497,2998,3,6,False,False,1,0
TXN_101030,2024-10-05T18:09:00Z,71073.77,NEFT,1680,1551,4,7,False,False,0,0
TXN_100152,2024-01-03T22:27:00Z,3589.6,IMPS,316,146,6,4,False,False,0,0
TXN_101393,2024-08-01T07:35:00Z,2295.85,RTGS,1524,2992,7,4,False,True,1,0
TXN_102075,2024-08-29T18:17:00Z,847.37,IMPS,1541,3290,4,6,False,False,1,0
TXN_101814,2024-03-16T14:01:00Z,7479.17,UPI,1248,1715,4,3,False,False,1,0
TXN_101344,2024-06-04T18:26:00Z,18542.29,RTGS,1590,2911,5,7,False,False,1,0
TXN_100700,2024-10-03T18:01:00Z,5178.46,NEFT,854,1327,2,8,False,False,1,0
TXN_102886,2024-03-08T14:52:00Z,3051.47,NEFT,2022,1079,2,2,False,False,1,0
TXN_102940,2024-09-22T08:22:00Z,936.19,IMPS,4,3045,7,9,True,False,1,1
TXN_101509,2024-10-15T12:52:00Z,24590.55,RTGS,908,334,4,2,False,False,0,0
TXN_100641,2024-07-24T21:59:00Z,5768.25,NEFT,3350,92,3,1,False,False,1,0
TXN_102012,2024-04-27T09:30:00Z,24005.87,UPI,312,3145,1,1,False,False,0,0
TXN_101720,2024-04-05T12:10:00Z,11845.27,NEFT,1076,346,5,7,False,False,0,0
TXN_102275,2024-05-06T07:27:00Z,2836.48,RTGS,493,754,4,4,False,False,0,0
TXN_100958,2024-07-18T17:30:00Z,49900.52,IMPS,552,377,0,4,True,False,1,0
TXN_100366,2024-05-28T08:47:00Z,3263.81,UPI,3134,2079,5,4,False,False,1,0
TXN_100316,2024-01-19T08:09:00Z,6352.07,NEFT,708,2092,3,2,False,False,1,0
TXN_102741,2024-03-15T13:53:00Z,4104.9,NEFT,2862,1334,6,3,False,False,0,0
TXN_100419,2024-08-05T09:57:00Z,1571.74,NEFT,3292,1260,2,3,False,False,1,0
TXN_100463,2024-08-15T16:26:00Z,1816.29,IMPS,2601,1657,2,1,False,False,1,0
TXN_102807,2024-06-17T11:34:00Z,85.54,RTGS,267,51,2,7,False,False,1,0
TXN_102878,2024-08-19T19:23:00Z,21761.01,UPI,2357,1688,6,6,False,False,1,0
TXN_101991,2024-02-14T20:55:00Z,11972.31,IMPS,1809,622,1,9,False,False,0,0
TXN_101816,2024-04-06T15:06:00Z,6343.21,NEFT,3480,1374,0,7,False,False,1,0
TXN_100688,2024-03-29T21:53:00Z,30158.02,IMPS,1738,2475,6,2,False,False,0,0
TXN_100789,2024-10-16T18:41:00Z,24025.86,IMPS,544,2306,2,5,False,False,1,0
TXN_100492,2024-09-08T17:03:00Z,6253.9,NEFT,1239,3095,6,7,False,False,1,0
TXN_100506,2024-11-10T06:23:00Z,6137.64,NEFT,1983,229,6,4,False,False,0,0
TXN_101056,2024-12-13T08:20:00Z,16408.14,IMPS,3367,1614,6,6,False,False,0,0
TXN_102814,2024-08-05T20:49:00Z,3473.18,NEFT,2488,2098,2,8,False,False,1,0
TXN_101598,2024-06-10T20:31:00Z,5598.13,NEFT,2487,3146,5,1,False,False,0,0
TXN_100752,2024-01-07T11:39:00Z,5921.24,UPI,1930,2250,0,6,False,False,0,0
TXN_101063,2024-06-11T12:57:00Z,33264.84,UPI,984,1385,5,3,False,False,1,0
TXN_102669,2024-06-05T10:42:00Z,5658.3,IMPS,2904,3145,5,5,False,False,1,0
TXN_100291,2024-07-17T21:34:00Z,2431.7,NEFT,3474,556,7,3,True,False,0,0
TXN_102749,2024-06-09T20:18:00Z,22435.27,UPI,3055,1257,3,6,False,False,1,0
TXN_101363,2024-04-02T20:51:00Z,2955.97,RTGS,1280,464,5,7,False,False,0,0
TXN_101407,2024-11-14T17:49:00Z,14982.75,NEFT,699,3065,4,4,False,False,1,0
TXN_100005,2024-08-30T14:20:00Z,29012.2,UPI,2436,979,5,5,False,True,1,0
TXN_101582,2024-06-06T07:16:00Z,9240.0,IMPS,3626,3334,1,6,False,False,0,0
TXN_100496,2024-07-26T14:22:00Z,1351.51,RTGS,1545,3437,7,6,False,False,1,0
TXN_102632,2024-05-02T20:21:00Z,13185.91,NEFT,1388,3570,4,7,False,False,1,0
TXN_101406,2024-07-03T15:59:00Z,4566.77,UPI,1283,2441,6,7,False,False,0,0
TXN_102445,2024-12-19T17:11:00Z,1209.24,RTGS,1426,2071,3,5,False,False,1,0
TXN_100588,2024-08-21T19:44:00Z,15905.82,UPI,1076,3572,7,2,False,False,1,0
TXN_101744,2024-11-27T19:00:00Z,3361.01,RTGS,94,484,0,9,False,True,0,0
TXN_102288,2024-02-06T18:17:00Z,2250.32,RTGS,3567,203,0,6,False,False,0,0
TXN_102282,2024-06-26T22:23:00Z,11118.71,UPI,3418,475,2,9,False,False,1,0
TXN_101811,2024-03-09T06:45:00Z,16291.97,RTGS,402,2863,7,5,False,False,1,0
TXN_100840,2024-05-29T07:29:00Z,4335.24,NEFT,838,3172,1,5,False,False,1,0
TXN_102049,2024-09-29T07:47:00Z,42468.44,IMPS,649,486,4,3,False,False,1,0
TXN_100642,2024-12-07T12:28:00Z,9965.57,UPI,2850,2556,6,2,False,False,1,0
TXN_100664,2024-03-04T10:28:00Z,31035.74,IMPS,2302,651,0,9,False,False,0,0
TXN_100356,2024-11-11T14:33:00Z,7352.46,NEFT,1219,956,0,5,False,False,1,0
TXN_100436,2024-08-04T20:58:00Z,10015.92,RTGS,1803,3188,6,3,False,False,0,0
TXN_101895,2024-05-06T08:36:00Z,6086.76,RTGS,3111,3412,6,5,False,False,1,0
TXN_101369,2024-02-27T11:48:00Z,3632.58,NEFT,311,1965,4,5,False,False,1,0
TXN_102704,2024-08-21T13:54:00Z,7499.3,NEFT,1752,2406,1,4,False,False,0,0
TXN_100012,2024-02-13T21:48:00Z,5422.5,UPI,3238,3532,3,2,False,False,0,0
TXN_100018,2024-02-17T09:39:00Z,5606.48,IMPS,600,2480,6,5,False,False,0,0
TXN_101501,2024-08-17T16:14:00Z,28375.26,NEFT,1634,1045,7,4,False,False,0,0
TXN_100208,2024-12-14T18:08:00Z,6783.35,NEFT,1263,3541,3,7,False,False,0,0
TXN_100937,2024-04-28T19:50:00Z,5660.79,UPI,1546,2627,5,9,False,False,1,0
TXN_102223,2024-04-20T10:36:00Z,1684.19,NEFT,2734,91,3,3,False,False,0,0
TXN_100649,2024-10-24T14:07:00Z,2120.72,IMPS,1412,458,1,2,False,False,1,0
TXN_100410,2024-06-26T11:56:00Z,3052.1,NEFT,2677,2226,0,3,False,False,0,0
TXN_101430,2024-06-29T16:38:00Z,3241.14,IMPS,1557,2087,4,3,False,False,1,0
TXN_102198,2024-11-23T18:01:00Z,20066.83,RTGS,1956,2802,0,2,False,False,1,0
TXN_102274,2024-09-11T09:01:00Z,1264.04,IMPS,2743,979,5,7,False,False,1,0
TXN_102460,2024-05-26T08:44:00Z,1340.77,NEFT,3018,866,5,7,False,False,1,0
TXN_101258,2024-09-16T11:19:00Z,10462.05,RTGS,625,1925,2,2,False,False,1,0
TXN_101958,2024-03-10T07:13:00Z,4897.41,UPI,1265,584,7,8,False,False,1,0
TXN_102504,2024-05-20T12:02:00Z,8266.07,RTGS,3601,3059,7,9,False,False,1,0
TXN_102512,2024-05-21T13:02:00Z,2073.34,IMPS,2359,1732,1,6,False,False,1,0
TXN_102949,2024-12-02T10:56:00Z,523.08,RTGS,2688,1440,23,6,False,False,1,1
TXN_102366,2024-06-27T13:31:00Z,1134.44,RTGS,394,1319,0,8,False,False,0,0
TXN_102382,2024-10-25T20:38:00Z,24602.78,NEFT,115,2201,0,4,False,False,0,0
TXN_100785,2024-10-31T09:40:00Z,14132.18,NEFT,2925,471,6,6,False,False,0,0
TXN_102978,2024-02-02T07:09:00Z,1096.94,RTGS,3,1004,5,4,True,False,1,1
TXN_102629,2024-03-23T07:49:00Z,1250.87,IMPS,740,2705,7,9,False,False,0,0
TXN_102653,2024-04-10T08:40:00Z,2062.34,IMPS,3259,1361,0,7,False,False,1,0
TXN_100651,2024-09-29T15:50:00Z,9872.39,UPI,1695,2842,5,3,False,False,0,0
TXN_101595,2024-11-19T16:48:00Z,17786.19,UPI,1631,2244,3,1,False,False,0,0
TXN_102806,2024-05-06T08:55:00Z,2655.64,RTGS,2490,1836,2,8,False,False,1,0
TXN_101212,2024-08-06T13:20:00Z,5896.33,UPI,3196,525,2,3,False,False,0,0
TXN_100484,2024-03-03T12:52:00Z,4437.28,NEFT,3029,1488,6,5,False,False,1,0
TXN_102663,2024-06-01T22:55:00Z,8551.9,RTGS,1603,2554,1,3,False,False,1,0
TXN_102655,2024-09-08T17:14:00Z,52897.04,IMPS,1156,365,2,6,False,False,1,0
TXN_102505,2024-01-14T10:20:00Z,8642.27,IMPS,439,1910,7,5,False,False,1,0
TXN_100737,2024-02-02T14:59:00Z,1444.81,IMPS,295,331,2,3,False,False,0,0
TXN_102186,2024-09-30T20:54:00Z,7522.58,UPI,1639,393,4,4,False,False,1,0
TXN_100928,2024-03-19T10:49:00Z,5074.57,UPI,386,1915,6,4,True,False,0,0
TXN_102712,2024-09-14T11:01:00Z,8438.45,NEFT,2869,1791,2,7,False,False,1,0
TXN_101521,2024-09-11T11:59:00Z,2722.63,IMPS,1276,3122,7,6,False,True,1,0
TXN_100351,2024-08-07T06:16:00Z,15016.94,IMPS,522,205,3,4,False,False,1,0
TXN_102216,2024-05-29T18:31:00Z,1691.04,UPI,1523,823,4,8,False,False,1,0
TXN_101730,2024-11-12T20:21:00Z,5039.19,RTGS,1050,3358,4,1,False,False,0,0
TXN_102526,2024-05-23T13:54:00Z,26626.23,UPI,2562,768,2,6,True,False,1,0
TXN_100559,2024-04-05T18:28:00Z,586.0,IMPS,2175,1449,2,7,False,False,1,0
TXN_100566,2024-09-09T21:57:00Z,7297.66,NEFT,352,2387,1,1,False,False,1,0
TXN_101389,2024-05-31T16:38:00Z,6588.74,RTGS,1362,3029,0,9,False,False,1,0
TXN_102229,2024-06-02T08:08:00Z,4435.29,RTGS,143,175,4,1,False,False,0,0
TXN_100779,2024-01-18T09:51:00Z,2490.25,IMPS,3353,3217,2,6,False,False,1,0
TXN_102257,2024-10-15T08:47:00Z,2074.81,UPI,889,1841,6,8,False,False,1,0
TXN_101367,2024-03-28T13:28:00Z,12243.43,UPI,1714,3485,5,7,False,False,0,0
TXN_100549,2024-06-04T14:00:00Z,7609.97,IMPS,2854,2840,3,1,False,False,1,0
TXN_102946,2024-06-27T22:48:00Z,351.31,NEFT,2,68,5,8,True,False,0,1
TXN_100967,2024-06-07T12:18:00Z,7671.42,UPI,2643,1732,4,5,False,False,0,0
TXN_100730,2024-05-07T12:07:00Z,18403.93,IMPS,2700,3600,5,9,False,False,0,0
TXN_101686,2024-04-19T14:37:00Z,1363.67,IMPS,914,3144,5,1,False,False,0,0
TXN_102724,2024-12-21T11:14:00Z,4484.48,NEFT,3581,238,7,8,False,True,0,0
TXN_100528,2024-03-20T14:33:00Z,6413.99,IMPS,2340,1453,0,7,False,False,1,0
TXN_100324,2024-03-27T20:27:00Z,1989.88,NEFT,1893,1845,6,6,False,False,1,0
TXN_100384,2024-03-06T12:46:00Z,2073.35,IMPS,300,2421,1,3,False,False,1,0
TXN_100826,2024-02-07T07:28:00Z,15005.0,UPI,163,2038,7,5,False,False,1,0
TXN_102123,2024-08-20T06:36:00Z,8566.26,NEFT,76,604,3,9,False,False,0,0
TXN_101482,2024-03-08T16:46:00Z,16892.57,NEFT,134,1386,0,9,False,False,1,0
TXN_101324,2024-08-08T11:23:00Z,863.19,IMPS,72,380,7,9,False,False,1,0
TXN_102260,2024-08-07T14:58:00Z,1522.12,IMPS,1555,3291,2,2,False,False,0,0
TXN_101138,2024-03-20T14:45:00Z,1368.91,RTGS,2889,3121,6,6,False,False,0,0
TXN_102688,2024-05-22T16:30:00Z,9939.93,IMPS,487,1466,4,5,False,False,1,0
TXN_100783,2024-02-18T19:17:00Z,15692.43,NEFT,425,1052,5,4,False,False,1,0
TXN_100499,2024-08-17T07:56:00Z,8108.8,NEFT,3553,2152,5,1,False,False,1,0
TXN_100238,2024-06-27T15:40:00Z,1865.68,RTGS,3389,1750,7,6,False,False,0,0
TXN_102641,2024-10-01T09:51:00Z,767.86,IMPS,2243,1934,3,7,False,False,1,0
TXN_101734,2024-12-27T19:39:00Z,6026.13,RTGS,694,719,6,5,False,True,0,0
TXN_102321,2024-03-17T11:08:00Z,19222.66,IMPS,879,99,0,9,False,False,1,0
TXN_101754,2024-08-04T18:24:00Z,4553.69,NEFT,441,710,2,2,False,False,1,0
TXN_102933,2024-05-15T06:53:00Z,4865.97,NEFT,2565,922,26,7,False,False,1,1
TXN_101447,2024-11-13T14:07:00Z,38076.65,IMPS,1394,2330,0,5,False,False,0,0
TXN_101143,2024-12-24T22:17:00Z,27701.66,UPI,2751,1930,4,1,False,False,0,0
TXN_101399,2024-11-30T06:47:00Z,755.07,NEFT,1272,3406,4,4,False,False,0,0
TXN_100767,2024-11-13T20:21:00Z,6845.24,NEFT,2139,2017,4,4,False,False,1,0
TXN_102201,2024-01-31T14:59:00Z,1827.79,NEFT,2533,3207,4,2,False,False,0,0
TXN_101726,2024-04-23T20:18:00Z,59968.67,UPI,1251,1256,3,4,False,False,1,0
TXN_101753,2024-11-07T20:40:00Z,11580.09,RTGS,829,469,2,6,False,False,0,0
TXN_101207,2024-04-04T15:59:00Z,6915.66,NEFT,3589,69,4,4,False,False,1,0
TXN_102840,2024-02-12T09:59:00Z,10413.44,UPI,314,3586,2,4,False,False,0,0
TXN_100539,2024-09-10T18:08:00Z,3680.65,UPI,2967,1946,0,8,False,False,0,0
TXN_101118,2024-10-12T14:38:00Z,13073.66,IMPS,524,1015,0,7,False,False,1,0
TXN_102221,2024-10-07T19:15:00Z,6013.87,NEFT,2388,1254,5,5,False,False,1,0
TXN_100487,2024-01-20T18:05:00Z,6527.93,UPI,3215,257,4,4,False,False,0,0
TXN_101882,2024-12-07T12:23:00Z,26450.57,UPI,1678,3362,0,1,False,False,0,0
TXN_100252,2024-04-15T16:22:00Z,1816.78,IMPS,2499,3593,6,1,False,False,0,0
TXN_102734,2024-04-20T14:56:00Z,5781.93,UPI,3460,273,3,7,False,False,1,0
TXN_102909,2024-12-27T09:43:00Z,177.91,IMPS,471,281,4,8,False,False,0,0
TXN_102295,2024-01-25T22:33:00Z,36897.17,NEFT,1768,2012,2,4,False,False,0,0
TXN_102789,2024-11-06T11:50:00Z,2259.46,IMPS,3246,1828,0,7,False,False,1,0
TXN_100299,2024-07-11T11:04:00Z,780.4,UPI,137,279,0,5,False,False,0,0
TXN_100561,2024-12-29T16:57:00Z,1554.23,RTGS,262,757,5,9,False,False,0,0
TXN_101310,2024-11-16T11:23:00Z,1956.55,RTGS,2298,1546,7,3,False,False,0,0
TXN_101655,2024-04-23T17:11:00Z,17408.52,NEFT,1156,2390,4,6,False,False,1,0
TXN_100039,2024-04-22T21:01:00Z,17727.06,NEFT,3264,168,6,6,False,False,1,0
TXN_100933,2024-11-06T09:16:00Z,1256.54,IMPS,1126,2391,2,6,False,False,0,0
TXN_102139,2024-06-12T18:34:00Z,1591.34,RTGS,2169,2636,4,5,True,False,1,0
TXN_102413,2024-01-10T11:43:00Z,6643.54,UPI,2616,1856,6,4,False,False,1,0
TXN_100601,2024-06-01T22:24:00Z,11193.09,UPI,3135,2618,6,1,False,False,0,0
TXN_101464,2024-01-31T22:41:00Z,10241.54,RTGS,1694,864,4,9,False,False,0,0
TXN_101524,2024-05-25T07:09:00Z,785.72,RTGS,1260,3485,7,9,False,False,1,0
TXN_100675,2024-08-17T12:36:00Z,192.21,RTGS,111,3544,1,6,False,False,1,0
TXN_101497,2024-11-21T10:02:00Z,12172.97,NEFT,1661,572,7,9,False,False,0,0
TXN_101334,2024-07-28T17:30:00Z,11948.25,RTGS,867,3061,6,1,False,False,0,0
TXN_100427,2024-03-06T09:11:00Z,9897.12,NEFT,1469,2202,7,3,False,False,0,0
TXN_102988,2024-04-07T14:31:00Z,620.06,NEFT,4,1280,6,5,True,False,1,1
TXN_101961,2024-12-23T12:00:00Z,150184.05,IMPS,1691,2640,1,9,False,False,1,0
TXN_101805,2024-07-20T07:24:00Z,15532.34,UPI,329,153,2,7,False,False,0,0
TXN_101888,2024-10-27T18:17:00Z,1427.15,RTGS,671,3260,6,3,True,False,1,0
TXN_102861,2024-05-02T19:24:00Z,13865.23,IMPS,1232,3478,5,8,False,False,1,0
TXN_100882,2024-03-21T20:18:00Z,3935.54,IMPS,3618,2441,2,6,False,False,0,0
TXN_101772,2024-06-26T18:09:00Z,555.33,UPI,2061,3268,0,2,False,True,1,0
TXN_101442,2024-02-14T12:08:00Z,1908.62,NEFT,871,2433,3,1,False,False,0,0
TXN_101852,2024-11-23T10:20:00Z,1258.39,IMPS,825,1311,1,2,False,False,1,0
TXN_100204,2024-10-20T17:19:00Z,5846.16,UPI,814,2755,4,7,False,False,1,0
TXN_101250,2024-02-05T14:57:00Z,2697.69,RTGS,2898,1551,4,7,False,False,1,0
TXN_101948,2024-08-12T13:15:00Z,8951.64,NEFT,412,2666,6,4,False,False,1,0
TXN_100388,2024-02-12T21:04:00Z,13028.56,NEFT,3583,424,7,1,False,False,1,0
TXN_102239,2024-04-23T21:29:00Z,6758.36,RTGS,2912,2921,6,6,False,False,0,0
TXN_102515,2024-07-29T11:18:00Z,2813.87,NEFT,854,3571,7,2,False,False,1,0
TXN_102666,2024-10-04T06:46:00Z,8060.49,RTGS,3070,1649,7,9,False,False,1,0
TXN_101125,2024-03-17T13:49:00Z,5255.67,UPI,2359,1005,2,6,False,False,1,0
TXN_101627,2024-04-01T10:53:00Z,5227.1,UPI,3431,269,4,2,False,False,0,0
TXN_101979,2024-02-04T17:55:00Z,4422.46,NEFT,3117,381,3,6,False,False,1,0
TXN_102913,2024-07-19T11:46:00Z,2419.69,NEFT,3417,3190,35,3,False,False,1,1
TXN_100262,2024-08-07T20:37:00Z,29714.07,UPI,1174,1083,6,5,False,False,0,0
TXN_101172,2024-07-15T18:40:00Z,5468.89,RTGS,1777,544,3,1,False,False,1,0
TXN_101478,2024-10-08T13:15:00Z,7266.97,UPI,583,3449,7,8,False,False,1,0
TXN_102188,2024-04-06T06:26:00Z,6829.41,IMPS,3009,3520,0,3,False,False,1,0
TXN_100139,2024-10-28T20:31:00Z,7957.67,UPI,763,3648,1,6,False,False,0,0
TXN_101146,2024-07-15T15:20:00Z,10820.88,RTGS,735,2514,1,5,False,False,0,0
TXN_102464,2024-07-27T08:59:00Z,2015.13,IMPS,304,3274,6,2,False,False,0,0
TXN_101061,2024-12-22T10:54:00Z,3055.99,IMPS,980,885,3,6,False,False,1,0
TXN_102341,2024-03-16T18:50:00Z,3108.65,NEFT,1180,2011,4,8,False,False,1,0
TXN_101873,2024-03-29T07:03:00Z,598.97,RTGS,1912,1480,1,7,False,True,1,0
TXN_102333,2024-07-19T06:44:00Z,5078.22,IMPS,1217,55,0,7,False,False,1,0
TXN_102178,2024-08-01T08:38:00Z,2355.44,IMPS,1501,1382,7,6,False,False,0,0
TXN_100989,2024-04-03T20:07:00Z,1772.37,IMPS,2245,918,4,5,False,False,1,0
TXN_102228,2024-02-07T14:39:00Z,4702.46,UPI,2482,2294,6,9,False,False,0,0
TXN_101013,2024-01-04T20:45:00Z,13862.35,UPI,737,2065,6,5,False,True,0,0
TXN_102222,2024-02-25T13:12:00Z,3437.25,RTGS,2231,3426,1,7,False,False,1,0
TXN_100873,2024-08-28T16:42:00Z,14579.15,IMPS,2677,3456,6,4,False,False,0,0
TXN_100241,2024-11-25T12:39:00Z,642.07,IMPS,1289,1566,0,1,False,False,1,0
TXN_100276,2024-09-16T15:05:00Z,2577.48,UPI,2439,2757,2,1,False,False,1,0
TXN_100249,2024-10-29T15:45:00Z,6970.62,NEFT,2119,1426,3,3,False,False,0,0
TXN_102180,2024-08-07T20:31:00Z,3307.5,UPI,1898,1786,1,8,False,True,0,0
TXN_100865,2024-10-04T15:07:00Z,2876.56,UPI,2160,1500,5,1,False,False,1,0
TXN_100890,2024-04-10T09:51:00Z,22386.82,UPI,3044,70,1,1,False,False,1,0
TXN_101651,2024-10-28T09:06:00Z,8213.47,IMPS,477,1674,5,6,False,False,0,0
TXN_100472,2024-03-06T20:15:00Z,529.79,UPI,841,852,0,6,False,False,0,0
TXN_100622,2024-12-04T09:20:00Z,5186.64,IMPS,1385,1576,0,3,False,False,0,0
TXN_100952,2024-08-02T20:50:00Z,481.53,RTGS,564,559,4,3,False,True,1,0
TXN_100837,2024-02-12T13:36:00Z,721.55,UPI,1602,1581,0,5,False,False,0,0
TXN_102747,2024-01-20T07:08:00Z,4369.73,UPI,2196,1078,2,1,False,False,1,0
TXN_101564,2024-11-09T18:30:00Z,5155.7,RTGS,2576,2307,0,9,False,False,1,0
TXN_101644,2024-03-09T07:42:00Z,2306.98,UPI,2441,2421,3,1,False,False,0,0
TXN_101601,2024-05-15T06:19:00Z,25417.07,IMPS,3278,3156,7,2,False,False,0,0
TXN_102507,2024-12-19T11:20:00Z,5553.02,NEFT,2976,608,5,9,False,False,0,0
TXN_100293,2024-12-24T06:31:00Z,38857.43,RTGS,2116,3363,5,6,False,False,1,0
TXN_100374,2024-07-30T17:25:00Z,10694.94,UPI,3114,1147,3,7,False,False,1,0
TXN_101021,2024-03-16T12:59:00Z,31201.68,UPI,1517,3079,2,6,False,False,1,0
TXN_102304,2024-10-20T15:09:00Z,3739.56,RTGS,2335,797,7,6,False,False,0,0
TXN_101891,2024-11-15T08:04:00Z,2071.62,RTGS,3484,3128,7,8,False,False,0,0
TXN_102154,2024-01-03T19:46:00Z,3581.32,IMPS,3224,2993,7,1,True,False,1,0
TXN_101553,2024-03-08T14:33:00Z,618.44,UPI,2319,3332,4,8,False,False,0,0
TXN_101928,2024-04-02T13:18:00Z,6942.61,IMPS,2694,1309,5,5,False,False,0,0
TXN_100475,2024-10-29T08:46:00Z,4225.86,UPI,1442,1217,3,8,False,True,0,0
TXN_100571,2024-11-23T18:32:00Z,8386.23,RTGS,3576,810,5,5,False,False,1,0
TXN_102161,2024-06-07T10:52:00Z,576.95,IMPS,3026,3501,5,4,False,False,0,0
TXN_100801,2024-08-17T12:34:00Z,1926.65,IMPS,2073,774,5,9,False,False,0,0
TXN_100599,2024-07-16T21:49:00Z,21727.92,IMPS,3378,1606,5,9,False,False,1,0
TXN_102588,2024-09-01T20:04:00Z,2183.92,NEFT,1319,1227,2,1,False,False,0,0
TXN_100658,2024-11-03T22:14:00Z,4429.25,RTGS,1192,3510,3,4,False,False,0,0
TXN_100001,2024-03-22T20:24:00Z,310.91,NEFT,2199,1222,7,2,False,False,1,0
TXN_102715,2024-02-14T22:51:00Z,9418.43,NEFT,1998,2701,3,6,False,False,0,0
TXN_102407,2024-01-12T15:25:00Z,26859.07,IMPS,514,1833,5,3,False,False,1,0
TXN_102604,2024-02-15T06:01:00Z,2337.53,UPI,2851,3212,7,8,False,False,0,0
TXN_100536,2024-02-17T10:16:00Z,969.31,IMPS,866,1307,3,2,False,False,1,0
TXN_101290,2024-07-19T12:45:00Z,25408.11,IMPS,3118,2042,0,2,False,True,1,0
TXN_100141,2024-07-06T13:55:00Z,1934.84,IMPS,3384,2919,0,1,False,True,0,0
TXN_102989,2024-02-02T07:50:00Z,1237.46,IMPS,0,2431,4,6,True,False,1,1
TXN_101652,2024-04-23T07:51:00Z,1159.88,NEFT,2965,2002,5,3,False,False,1,0
TXN_101121,2024-09-03T06:29:00Z,55880.74,NEFT,1069,584,3,8,False,True,0,0
TXN_102523,2024-07-03T11:35:00Z,2968.44,RTGS,3116,1401,4,8,False,False,0,0
TXN_102437,2024-04-19T17:02:00Z,27454.43,UPI,858,2885,2,2,False,True,0,0
TXN_101798,2024-02-10T13:24:00Z,20310.55,IMPS,2543,2883,4,3,False,False,1,0
TXN_101043,2024-09-12T14:17:00Z,3843.42,IMPS,2328,696,4,4,False,False,1,0
TXN_100055,2024-08-05T07:05:00Z,6808.89,UPI,327,3493,6,5,False,False,1,0
TXN_100515,2024-09-10T07:51:00Z,6142.53,RTGS,432,2847,4,8,False,False,1,0
TXN_102882,2024-04-01T12:21:00Z,3456.74,RTGS,1869,2534,4,8,False,True,0,0
TXN_102204,2024-02-04T12:45:00Z,908.31,RTGS,2571,2478,0,2,False,False,0,0
TXN_100689,2024-01-28T09:28:00Z,7828.94,RTGS,2334,1317,5,3,False,False,0,0
TXN_101134,2024-06-11T17:50:00Z,11014.53,RTGS,1577,2801,3,8,False,False,1,0
TXN_101023,2024-06-03T16:11:00Z,18453.25,NEFT,3019,3487,3,7,False,False,0,0
TXN_100391,2024-06-25T13:48:00Z,2845.8,RTGS,548,714,4,7,False,False,0,0
TXN_102254,2024-01-19T20:06:00Z,3071.08,NEFT,164,419,6,6,False,False,0,0
TXN_101302,2024-07-01T14:01:00Z,4339.14,RTGS,1989,1131,0,6,False,False,1,0
TXN_100597,2024-01-24T12:04:00Z,2120.67,RTGS,102,307,7,2,False,False,0,0
TXN_102111,2024-08-21T09:03:00Z,3185.29,RTGS,1217,1751,0,7,False,False,0,0
TXN_100714,2024-10-20T09:19:00Z,15623.92,RTGS,704,682,0,8,False,False,1,0
TXN_100565,2024-02-09T14:18:00Z,24906.4,UPI,2215,319,4,7,False,False,0,0
TXN_102650,2024-07-26T15:41:00Z,4285.49,RTGS,2236,3113,0,7,False,False,1,0
TXN_102546,2024-05-12T06:51:00Z,1853.46,NEFT,376,816,5,1,False,False,1,0
TXN_100057,2024-01-08T14:46:00Z,290.21,RTGS,3407,2438,4,4,False,True,0,0
TXN_102567,2024-05-15T13:31:00Z,3100.15,UPI,3079,2691,2,5,False,False,1,0
TXN_101638,2024-02-03T15:02:00Z,14861.68,NEFT,2565,942,3,2,True,False,0,0
TXN_100128,2024-02-22T15:09:00Z,4077.7,IMPS,516,3282,2,8,False,True,0,0
TXN_102863,2024-11-24T12:48:00Z,7965.41,RTGS,3101,2759,1,8,False,False,1,0
TXN_100070,2024-11-18T19:16:00Z,8908.01,NEFT,1548,696,0,7,False,False,1,0
TXN_100652,2024-07-19T16:43:00Z,17010.27,IMPS,661,1665,7,8,False,False,0,0
TXN_101713,2024-12-13T17:50:00Z,3107.98,IMPS,2090,3019,2,9,False,False,1,0
TXN_100980,2024-05-02T06:06:00Z,6561.79,UPI,3522,2790,4,7,False,False,0,0
